<?xml version="1.0" encoding="utf-8" ?>
<kml xmlns="http://www.opengis.net/kml/2.2">
<Document id="root_doc">
<Schema name="ponto_de_drenagem_serido" id="ponto_de_drenagem_serido">
	<SimpleField name="IDPONTO" type="float"></SimpleField>
	<SimpleField name="COCURSODAG" type="string"></SimpleField>
	<SimpleField name="DSPONTO" type="string"></SimpleField>
</Schema>
<Folder><name>ponto_de_drenagem_serido</name>
  <Placemark>
	<ExtendedData><SchemaData schemaUrl="#ponto_de_drenagem_serido">
		<SimpleData name="IDPONTO">3212</SimpleData>
		<SimpleData name="COCURSODAG">75629918</SimpleData>
		<SimpleData name="DSPONTO">Início do Curso D´água</SimpleData>
	</SchemaData></ExtendedData>
      <Point><coordinates>-36.2960737769131,-6.30713151040216</coordinates></Point>
  </Placemark>
  <Placemark>
	<ExtendedData><SchemaData schemaUrl="#ponto_de_drenagem_serido">
		<SimpleData name="IDPONTO">3213</SimpleData>
		<SimpleData name="COCURSODAG">75629918</SimpleData>
		<SimpleData name="DSPONTO">Fim do Curso D´água</SimpleData>
	</SchemaData></ExtendedData>
      <Point><coordinates>-36.3766599767247,-6.3798302697846</coordinates></Point>
  </Placemark>
  <Placemark>
	<ExtendedData><SchemaData schemaUrl="#ponto_de_drenagem_serido">
		<SimpleData name="IDPONTO">8205</SimpleData>
		<SimpleData name="COCURSODAG">756299362</SimpleData>
		<SimpleData name="DSPONTO">Início do Curso D´água</SimpleData>
	</SchemaData></ExtendedData>
      <Point><coordinates>-36.3952457202348,-6.4778047904775</coordinates></Point>
  </Placemark>
  <Placemark>
	<ExtendedData><SchemaData schemaUrl="#ponto_de_drenagem_serido">
		<SimpleData name="IDPONTO">8206</SimpleData>
		<SimpleData name="COCURSODAG">756299362</SimpleData>
		<SimpleData name="DSPONTO">Fim do Curso D´água</SimpleData>
	</SchemaData></ExtendedData>
      <Point><coordinates>-36.3659371844287,-6.4542285160429</coordinates></Point>
  </Placemark>
  <Placemark>
	<ExtendedData><SchemaData schemaUrl="#ponto_de_drenagem_serido">
		<SimpleData name="IDPONTO">23060</SimpleData>
		<SimpleData name="COCURSODAG">75629936</SimpleData>
		<SimpleData name="DSPONTO">Fim do Curso D´água</SimpleData>
	</SchemaData></ExtendedData>
      <Point><coordinates>-36.3540692835496,-6.45344905316548</coordinates></Point>
  </Placemark>
  <Placemark>
	<ExtendedData><SchemaData schemaUrl="#ponto_de_drenagem_serido">
		<SimpleData name="IDPONTO">23061</SimpleData>
		<SimpleData name="COCURSODAG">75629934</SimpleData>
		<SimpleData name="DSPONTO">Fim do Curso D´água</SimpleData>
	</SchemaData></ExtendedData>
      <Point><coordinates>-36.3447691978475,-6.44973958243478</coordinates></Point>
  </Placemark>
  <Placemark>
	<ExtendedData><SchemaData schemaUrl="#ponto_de_drenagem_serido">
		<SimpleData name="IDPONTO">23741</SimpleData>
		<SimpleData name="COCURSODAG">75628682</SimpleData>
		<SimpleData name="DSPONTO">Início do Curso D´água</SimpleData>
	</SchemaData></ExtendedData>
      <Point><coordinates>-36.4649824579668,-6.65871641463985</coordinates></Point>
  </Placemark>
  <Placemark>
	<ExtendedData><SchemaData schemaUrl="#ponto_de_drenagem_serido">
		<SimpleData name="IDPONTO">24356</SimpleData>
		<SimpleData name="COCURSODAG">7562962</SimpleData>
		<SimpleData name="DSPONTO">Fim do Curso D´água</SimpleData>
	</SchemaData></ExtendedData>
      <Point><coordinates>-36.4686561904799,-6.36367562825021</coordinates></Point>
  </Placemark>
  <Placemark>
	<ExtendedData><SchemaData schemaUrl="#ponto_de_drenagem_serido">
		<SimpleData name="IDPONTO">24681</SimpleData>
		<SimpleData name="COCURSODAG">7562968</SimpleData>
		<SimpleData name="DSPONTO">Início do Curso D´água</SimpleData>
	</SchemaData></ExtendedData>
      <Point><coordinates>-36.4160931125602,-6.52539839856864</coordinates></Point>
  </Placemark>
  <Placemark>
	<ExtendedData><SchemaData schemaUrl="#ponto_de_drenagem_serido">
		<SimpleData name="IDPONTO">24682</SimpleData>
		<SimpleData name="COCURSODAG">75629682</SimpleData>
		<SimpleData name="DSPONTO">Fim do Curso D´água</SimpleData>
	</SchemaData></ExtendedData>
      <Point><coordinates>-36.4221736917617,-6.50888994852815</coordinates></Point>
  </Placemark>
  <Placemark>
	<ExtendedData><SchemaData schemaUrl="#ponto_de_drenagem_serido">
		<SimpleData name="IDPONTO">27229</SimpleData>
		<SimpleData name="COCURSODAG">756299342</SimpleData>
		<SimpleData name="DSPONTO">Fim do Curso D´água</SimpleData>
	</SchemaData></ExtendedData>
      <Point><coordinates>-36.3338896970232,-6.45883297728587</coordinates></Point>
  </Placemark>
  <Placemark>
	<ExtendedData><SchemaData schemaUrl="#ponto_de_drenagem_serido">
		<SimpleData name="IDPONTO">31173</SimpleData>
		<SimpleData name="COCURSODAG">75629996</SimpleData>
		<SimpleData name="DSPONTO">Início do Curso D´água</SimpleData>
	</SchemaData></ExtendedData>
      <Point><coordinates>-36.3208508697479,-6.66957819095674</coordinates></Point>
  </Placemark>
  <Placemark>
	<ExtendedData><SchemaData schemaUrl="#ponto_de_drenagem_serido">
		<SimpleData name="IDPONTO">31174</SimpleData>
		<SimpleData name="COCURSODAG">75629996</SimpleData>
		<SimpleData name="DSPONTO">Fim do Curso D´água</SimpleData>
	</SchemaData></ExtendedData>
      <Point><coordinates>-36.3441587648058,-6.63709855705065</coordinates></Point>
  </Placemark>
  <Placemark>
	<ExtendedData><SchemaData schemaUrl="#ponto_de_drenagem_serido">
		<SimpleData name="IDPONTO">31200</SimpleData>
		<SimpleData name="COCURSODAG">75629934</SimpleData>
		<SimpleData name="DSPONTO">Início do Curso D´água</SimpleData>
	</SchemaData></ExtendedData>
      <Point><coordinates>-36.3114128755715,-6.44477733856313</coordinates></Point>
  </Placemark>
  <Placemark>
	<ExtendedData><SchemaData schemaUrl="#ponto_de_drenagem_serido">
		<SimpleData name="IDPONTO">33790</SimpleData>
		<SimpleData name="COCURSODAG">756298</SimpleData>
		<SimpleData name="DSPONTO">Fim do Curso D´água</SimpleData>
	</SchemaData></ExtendedData>
      <Point><coordinates>-36.4433148886431,-6.31933596455543</coordinates></Point>
  </Placemark>
  <Placemark>
	<ExtendedData><SchemaData schemaUrl="#ponto_de_drenagem_serido">
		<SimpleData name="IDPONTO">33791</SimpleData>
		<SimpleData name="COCURSODAG">756296</SimpleData>
		<SimpleData name="DSPONTO">Fim do Curso D´água</SimpleData>
	</SchemaData></ExtendedData>
      <Point><coordinates>-36.4577155722311,-6.32398763470527</coordinates></Point>
  </Placemark>
  <Placemark>
	<ExtendedData><SchemaData schemaUrl="#ponto_de_drenagem_serido">
		<SimpleData name="IDPONTO">35004</SimpleData>
		<SimpleData name="COCURSODAG">7575288</SimpleData>
		<SimpleData name="DSPONTO">Início do Curso D´água</SimpleData>
	</SchemaData></ExtendedData>
      <Point><coordinates>-36.2521935959071,-6.51290673507177</coordinates></Point>
  </Placemark>
  <Placemark>
	<ExtendedData><SchemaData schemaUrl="#ponto_de_drenagem_serido">
		<SimpleData name="IDPONTO">35903</SimpleData>
		<SimpleData name="COCURSODAG">75629916</SimpleData>
		<SimpleData name="DSPONTO">Início do Curso D´água</SimpleData>
	</SchemaData></ExtendedData>
      <Point><coordinates>-36.4020473907227,-6.4439139486597</coordinates></Point>
  </Placemark>
  <Placemark>
	<ExtendedData><SchemaData schemaUrl="#ponto_de_drenagem_serido">
		<SimpleData name="IDPONTO">35904</SimpleData>
		<SimpleData name="COCURSODAG">75629916</SimpleData>
		<SimpleData name="DSPONTO">Fim do Curso D´água</SimpleData>
	</SchemaData></ExtendedData>
      <Point><coordinates>-36.3945056314096,-6.36654958499153</coordinates></Point>
  </Placemark>
  <Placemark>
	<ExtendedData><SchemaData schemaUrl="#ponto_de_drenagem_serido">
		<SimpleData name="IDPONTO">43917</SimpleData>
		<SimpleData name="COCURSODAG">756299942</SimpleData>
		<SimpleData name="DSPONTO">Fim do Curso D´água</SimpleData>
	</SchemaData></ExtendedData>
      <Point><coordinates>-36.3572855118725,-6.64350635682976</coordinates></Point>
  </Placemark>
  <Placemark>
	<ExtendedData><SchemaData schemaUrl="#ponto_de_drenagem_serido">
		<SimpleData name="IDPONTO">43918</SimpleData>
		<SimpleData name="COCURSODAG">75629994</SimpleData>
		<SimpleData name="DSPONTO">Fim do Curso D´água</SimpleData>
	</SchemaData></ExtendedData>
      <Point><coordinates>-36.347515995924,-6.63179739978798</coordinates></Point>
  </Placemark>
  <Placemark>
	<ExtendedData><SchemaData schemaUrl="#ponto_de_drenagem_serido">
		<SimpleData name="IDPONTO">44668</SimpleData>
		<SimpleData name="COCURSODAG">7562998</SimpleData>
		<SimpleData name="DSPONTO">Início do Curso D´água</SimpleData>
	</SchemaData></ExtendedData>
      <Point><coordinates>-36.301418479373,-6.67351827702721</coordinates></Point>
  </Placemark>
  <Placemark>
	<ExtendedData><SchemaData schemaUrl="#ponto_de_drenagem_serido">
		<SimpleData name="IDPONTO">44669</SimpleData>
		<SimpleData name="COCURSODAG">75629982</SimpleData>
		<SimpleData name="DSPONTO">Fim do Curso D´água</SimpleData>
	</SchemaData></ExtendedData>
      <Point><coordinates>-36.3344426079568,-6.58800155919385</coordinates></Point>
  </Placemark>
  <Placemark>
	<ExtendedData><SchemaData schemaUrl="#ponto_de_drenagem_serido">
		<SimpleData name="IDPONTO">49154</SimpleData>
		<SimpleData name="COCURSODAG">756299652</SimpleData>
		<SimpleData name="DSPONTO">Fim do Curso D´água</SimpleData>
	</SchemaData></ExtendedData>
      <Point><coordinates>-36.2947466767707,-6.5003733126442</coordinates></Point>
  </Placemark>
  <Placemark>
	<ExtendedData><SchemaData schemaUrl="#ponto_de_drenagem_serido">
		<SimpleData name="IDPONTO">49155</SimpleData>
		<SimpleData name="COCURSODAG">75629964</SimpleData>
		<SimpleData name="DSPONTO">Fim do Curso D´água</SimpleData>
	</SchemaData></ExtendedData>
      <Point><coordinates>-36.3039667305655,-6.51755060045957</coordinates></Point>
  </Placemark>
  <Placemark>
	<ExtendedData><SchemaData schemaUrl="#ponto_de_drenagem_serido">
		<SimpleData name="IDPONTO">54631</SimpleData>
		<SimpleData name="COCURSODAG">75629932</SimpleData>
		<SimpleData name="DSPONTO">Fim do Curso D´água</SimpleData>
	</SchemaData></ExtendedData>
      <Point><coordinates>-36.3698926989213,-6.40752989738474</coordinates></Point>
  </Placemark>
  <Placemark>
	<ExtendedData><SchemaData schemaUrl="#ponto_de_drenagem_serido">
		<SimpleData name="IDPONTO">54632</SimpleData>
		<SimpleData name="COCURSODAG">7562992</SimpleData>
		<SimpleData name="DSPONTO">Fim do Curso D´água</SimpleData>
	</SchemaData></ExtendedData>
      <Point><coordinates>-36.3729827116895,-6.38355862745421</coordinates></Point>
  </Placemark>
  <Placemark>
	<ExtendedData><SchemaData schemaUrl="#ponto_de_drenagem_serido">
		<SimpleData name="IDPONTO">57935</SimpleData>
		<SimpleData name="COCURSODAG">75629966</SimpleData>
		<SimpleData name="DSPONTO">Fim do Curso D´água</SimpleData>
	</SchemaData></ExtendedData>
      <Point><coordinates>-36.282909377483,-6.48419092004578</coordinates></Point>
  </Placemark>
  <Placemark>
	<ExtendedData><SchemaData schemaUrl="#ponto_de_drenagem_serido">
		<SimpleData name="IDPONTO">59651</SimpleData>
		<SimpleData name="COCURSODAG">7562994</SimpleData>
		<SimpleData name="DSPONTO">Início do Curso D´água</SimpleData>
	</SchemaData></ExtendedData>
      <Point><coordinates>-36.4249354500148,-6.61577164949736</coordinates></Point>
  </Placemark>
  <Placemark>
	<ExtendedData><SchemaData schemaUrl="#ponto_de_drenagem_serido">
		<SimpleData name="IDPONTO">59652</SimpleData>
		<SimpleData name="COCURSODAG">7562994</SimpleData>
		<SimpleData name="DSPONTO">Fim do Curso D´água</SimpleData>
	</SchemaData></ExtendedData>
      <Point><coordinates>-36.3487514985824,-6.50410657831075</coordinates></Point>
  </Placemark>
  <Placemark>
	<ExtendedData><SchemaData schemaUrl="#ponto_de_drenagem_serido">
		<SimpleData name="IDPONTO">70244</SimpleData>
		<SimpleData name="COCURSODAG">756299342</SimpleData>
		<SimpleData name="DSPONTO">Início do Curso D´água</SimpleData>
	</SchemaData></ExtendedData>
      <Point><coordinates>-36.3301169605397,-6.48600929068395</coordinates></Point>
  </Placemark>
  <Placemark>
	<ExtendedData><SchemaData schemaUrl="#ponto_de_drenagem_serido">
		<SimpleData name="IDPONTO">73708</SimpleData>
		<SimpleData name="COCURSODAG">7562996</SimpleData>
		<SimpleData name="DSPONTO">Início do Curso D´água</SimpleData>
	</SchemaData></ExtendedData>
      <Point><coordinates>-36.2385100916855,-6.47891485794338</coordinates></Point>
  </Placemark>
  <Placemark>
	<ExtendedData><SchemaData schemaUrl="#ponto_de_drenagem_serido">
		<SimpleData name="IDPONTO">73709</SimpleData>
		<SimpleData name="COCURSODAG">75629968</SimpleData>
		<SimpleData name="DSPONTO">Fim do Curso D´água</SimpleData>
	</SchemaData></ExtendedData>
      <Point><coordinates>-36.2533302678282,-6.49387326283837</coordinates></Point>
  </Placemark>
  <Placemark>
	<ExtendedData><SchemaData schemaUrl="#ponto_de_drenagem_serido">
		<SimpleData name="IDPONTO">77497</SimpleData>
		<SimpleData name="COCURSODAG">75628684</SimpleData>
		<SimpleData name="DSPONTO">Fim do Curso D´água</SimpleData>
	</SchemaData></ExtendedData>
      <Point><coordinates>-36.4512534832295,-6.67810043516322</coordinates></Point>
  </Placemark>
  <Placemark>
	<ExtendedData><SchemaData schemaUrl="#ponto_de_drenagem_serido">
		<SimpleData name="IDPONTO">81116</SimpleData>
		<SimpleData name="COCURSODAG">7562926</SimpleData>
		<SimpleData name="DSPONTO">Início do Curso D´água</SimpleData>
	</SchemaData></ExtendedData>
      <Point><coordinates>-36.4688390580857,-6.49629427157355</coordinates></Point>
  </Placemark>
  <Placemark>
	<ExtendedData><SchemaData schemaUrl="#ponto_de_drenagem_serido">
		<SimpleData name="IDPONTO">84447</SimpleData>
		<SimpleData name="COCURSODAG">7562982</SimpleData>
		<SimpleData name="DSPONTO">Início do Curso D´água</SimpleData>
	</SchemaData></ExtendedData>
      <Point><coordinates>-36.3600015078628,-6.30426590173366</coordinates></Point>
  </Placemark>
  <Placemark>
	<ExtendedData><SchemaData schemaUrl="#ponto_de_drenagem_serido">
		<SimpleData name="IDPONTO">86703</SimpleData>
		<SimpleData name="COCURSODAG">7562996</SimpleData>
		<SimpleData name="DSPONTO">Fim do Curso D´água</SimpleData>
	</SchemaData></ExtendedData>
      <Point><coordinates>-36.3433998610448,-6.53183792807546</coordinates></Point>
  </Placemark>
  <Placemark>
	<ExtendedData><SchemaData schemaUrl="#ponto_de_drenagem_serido">
		<SimpleData name="IDPONTO">91958</SimpleData>
		<SimpleData name="COCURSODAG">75629962</SimpleData>
		<SimpleData name="DSPONTO">Início do Curso D´água</SimpleData>
	</SchemaData></ExtendedData>
      <Point><coordinates>-36.3005450644731,-6.54201744094511</coordinates></Point>
  </Placemark>
  <Placemark>
	<ExtendedData><SchemaData schemaUrl="#ponto_de_drenagem_serido">
		<SimpleData name="IDPONTO">91959</SimpleData>
		<SimpleData name="COCURSODAG">75629962</SimpleData>
		<SimpleData name="DSPONTO">Fim do Curso D´água</SimpleData>
	</SchemaData></ExtendedData>
      <Point><coordinates>-36.3119968106021,-6.52941184447067</coordinates></Point>
  </Placemark>
  <Placemark>
	<ExtendedData><SchemaData schemaUrl="#ponto_de_drenagem_serido">
		<SimpleData name="IDPONTO">97039</SimpleData>
		<SimpleData name="COCURSODAG">75629914</SimpleData>
		<SimpleData name="DSPONTO">Fim do Curso D´água</SimpleData>
	</SchemaData></ExtendedData>
      <Point><coordinates>-36.4003990508792,-6.35174009923147</coordinates></Point>
  </Placemark>
  <Placemark>
	<ExtendedData><SchemaData schemaUrl="#ponto_de_drenagem_serido">
		<SimpleData name="IDPONTO">97317</SimpleData>
		<SimpleData name="COCURSODAG">757528</SimpleData>
		<SimpleData name="DSPONTO">Início do Curso D´água</SimpleData>
	</SchemaData></ExtendedData>
      <Point><coordinates>-36.2725604336614,-6.5385596495868</coordinates></Point>
  </Placemark>
  <Placemark>
	<ExtendedData><SchemaData schemaUrl="#ponto_de_drenagem_serido">
		<SimpleData name="IDPONTO">105020</SimpleData>
		<SimpleData name="COCURSODAG">75629992</SimpleData>
		<SimpleData name="DSPONTO">Fim do Curso D´água</SimpleData>
	</SchemaData></ExtendedData>
      <Point><coordinates>-36.3489499323504,-6.6057684199321</coordinates></Point>
  </Placemark>
  <Placemark>
	<ExtendedData><SchemaData schemaUrl="#ponto_de_drenagem_serido">
		<SimpleData name="IDPONTO">105021</SimpleData>
		<SimpleData name="COCURSODAG">7562998</SimpleData>
		<SimpleData name="DSPONTO">Fim do Curso D´água</SimpleData>
	</SchemaData></ExtendedData>
      <Point><coordinates>-36.3394742473881,-6.57551593691657</coordinates></Point>
  </Placemark>
  <Placemark>
	<ExtendedData><SchemaData schemaUrl="#ponto_de_drenagem_serido">
		<SimpleData name="IDPONTO">116851</SimpleData>
		<SimpleData name="COCURSODAG">75629998</SimpleData>
		<SimpleData name="DSPONTO">Fim do Curso D´água</SimpleData>
	</SchemaData></ExtendedData>
      <Point><coordinates>-36.338478741186,-6.67325932747803</coordinates></Point>
  </Placemark>
  <Placemark>
	<ExtendedData><SchemaData schemaUrl="#ponto_de_drenagem_serido">
		<SimpleData name="IDPONTO">118663</SimpleData>
		<SimpleData name="COCURSODAG">75629652</SimpleData>
		<SimpleData name="DSPONTO">Fim do Curso D´água</SimpleData>
	</SchemaData></ExtendedData>
      <Point><coordinates>-36.456551708577,-6.41362485861</coordinates></Point>
  </Placemark>
  <Placemark>
	<ExtendedData><SchemaData schemaUrl="#ponto_de_drenagem_serido">
		<SimpleData name="IDPONTO">118664</SimpleData>
		<SimpleData name="COCURSODAG">7562964</SimpleData>
		<SimpleData name="DSPONTO">Fim do Curso D´água</SimpleData>
	</SchemaData></ExtendedData>
      <Point><coordinates>-36.457658390484,-6.40159199601504</coordinates></Point>
  </Placemark>
  <Placemark>
	<ExtendedData><SchemaData schemaUrl="#ponto_de_drenagem_serido">
		<SimpleData name="IDPONTO">132615</SimpleData>
		<SimpleData name="COCURSODAG">756299652</SimpleData>
		<SimpleData name="DSPONTO">Início do Curso D´água</SimpleData>
	</SchemaData></ExtendedData>
      <Point><coordinates>-36.310509004332,-6.48244872282571</coordinates></Point>
  </Placemark>
  <Placemark>
	<ExtendedData><SchemaData schemaUrl="#ponto_de_drenagem_serido">
		<SimpleData name="IDPONTO">139305</SimpleData>
		<SimpleData name="COCURSODAG">75629964</SimpleData>
		<SimpleData name="DSPONTO">Início do Curso D´água</SimpleData>
	</SchemaData></ExtendedData>
      <Point><coordinates>-36.2656937446259,-6.52625510889981</coordinates></Point>
  </Placemark>
  <Placemark>
	<ExtendedData><SchemaData schemaUrl="#ponto_de_drenagem_serido">
		<SimpleData name="IDPONTO">144786</SimpleData>
		<SimpleData name="COCURSODAG">75629932</SimpleData>
		<SimpleData name="DSPONTO">Início do Curso D´água</SimpleData>
	</SchemaData></ExtendedData>
      <Point><coordinates>-36.4004029654796,-6.42514221025882</coordinates></Point>
  </Placemark>
  <Placemark>
	<ExtendedData><SchemaData schemaUrl="#ponto_de_drenagem_serido">
		<SimpleData name="IDPONTO">154234</SimpleData>
		<SimpleData name="COCURSODAG">7562968</SimpleData>
		<SimpleData name="DSPONTO">Fim do Curso D´água</SimpleData>
	</SchemaData></ExtendedData>
      <Point><coordinates>-36.4423077600228,-6.46790131443027</coordinates></Point>
  </Placemark>
  <Placemark>
	<ExtendedData><SchemaData schemaUrl="#ponto_de_drenagem_serido">
		<SimpleData name="IDPONTO">162368</SimpleData>
		<SimpleData name="COCURSODAG">75629968</SimpleData>
		<SimpleData name="DSPONTO">Início do Curso D´água</SimpleData>
	</SchemaData></ExtendedData>
      <Point><coordinates>-36.2626725289673,-6.5032455548596</coordinates></Point>
  </Placemark>
  <Placemark>
	<ExtendedData><SchemaData schemaUrl="#ponto_de_drenagem_serido">
		<SimpleData name="IDPONTO">170582</SimpleData>
		<SimpleData name="COCURSODAG">7562992</SimpleData>
		<SimpleData name="DSPONTO">Início do Curso D´água</SimpleData>
	</SchemaData></ExtendedData>
      <Point><coordinates>-36.2596013484725,-6.41709444194583</coordinates></Point>
  </Placemark>
  <Placemark>
	<ExtendedData><SchemaData schemaUrl="#ponto_de_drenagem_serido">
		<SimpleData name="IDPONTO">170583</SimpleData>
		<SimpleData name="COCURSODAG">75629922</SimpleData>
		<SimpleData name="DSPONTO">Fim do Curso D´água</SimpleData>
	</SchemaData></ExtendedData>
      <Point><coordinates>-36.3395619784175,-6.38385196506333</coordinates></Point>
  </Placemark>
  <Placemark>
	<ExtendedData><SchemaData schemaUrl="#ponto_de_drenagem_serido">
		<SimpleData name="IDPONTO">171310</SimpleData>
		<SimpleData name="COCURSODAG">756292</SimpleData>
		<SimpleData name="DSPONTO">Início do Curso D´água</SimpleData>
	</SchemaData></ExtendedData>
      <Point><coordinates>-36.4678629883356,-6.59781382177356</coordinates></Point>
  </Placemark>
  <Placemark>
	<ExtendedData><SchemaData schemaUrl="#ponto_de_drenagem_serido">
		<SimpleData name="IDPONTO">178969</SimpleData>
		<SimpleData name="COCURSODAG">75628684</SimpleData>
		<SimpleData name="DSPONTO">Início do Curso D´água</SimpleData>
	</SchemaData></ExtendedData>
      <Point><coordinates>-36.4027225626315,-6.66679646203156</coordinates></Point>
  </Placemark>
  <Placemark>
	<ExtendedData><SchemaData schemaUrl="#ponto_de_drenagem_serido">
		<SimpleData name="IDPONTO">179199</SimpleData>
		<SimpleData name="COCURSODAG">75629992</SimpleData>
		<SimpleData name="DSPONTO">Início do Curso D´água</SimpleData>
	</SchemaData></ExtendedData>
      <Point><coordinates>-36.4017231162542,-6.64338909016226</coordinates></Point>
  </Placemark>
  <Placemark>
	<ExtendedData><SchemaData schemaUrl="#ponto_de_drenagem_serido">
		<SimpleData name="IDPONTO">179996</SimpleData>
		<SimpleData name="COCURSODAG">75629912</SimpleData>
		<SimpleData name="DSPONTO">Fim do Curso D´água</SimpleData>
	</SchemaData></ExtendedData>
      <Point><coordinates>-36.4324965114338,-6.32063483201395</coordinates></Point>
  </Placemark>
  <Placemark>
	<ExtendedData><SchemaData schemaUrl="#ponto_de_drenagem_serido">
		<SimpleData name="IDPONTO">185521</SimpleData>
		<SimpleData name="COCURSODAG">75629936</SimpleData>
		<SimpleData name="DSPONTO">Início do Curso D´água</SimpleData>
	</SchemaData></ExtendedData>
      <Point><coordinates>-36.4079369107399,-6.47974256455352</coordinates></Point>
  </Placemark>
  <Placemark>
	<ExtendedData><SchemaData schemaUrl="#ponto_de_drenagem_serido">
		<SimpleData name="IDPONTO">191721</SimpleData>
		<SimpleData name="COCURSODAG">7575294</SimpleData>
		<SimpleData name="DSPONTO">Início do Curso D´água</SimpleData>
	</SchemaData></ExtendedData>
      <Point><coordinates>-36.2656592866636,-6.59092554680627</coordinates></Point>
  </Placemark>
  <Placemark>
	<ExtendedData><SchemaData schemaUrl="#ponto_de_drenagem_serido">
		<SimpleData name="IDPONTO">193633</SimpleData>
		<SimpleData name="COCURSODAG">75629914</SimpleData>
		<SimpleData name="DSPONTO">Início do Curso D´água</SimpleData>
	</SchemaData></ExtendedData>
      <Point><coordinates>-36.3062899510537,-6.28350527115952</coordinates></Point>
  </Placemark>
  <Placemark>
	<ExtendedData><SchemaData schemaUrl="#ponto_de_drenagem_serido">
		<SimpleData name="IDPONTO">195393</SimpleData>
		<SimpleData name="COCURSODAG">75752964</SimpleData>
		<SimpleData name="DSPONTO">Início do Curso D´água</SimpleData>
	</SchemaData></ExtendedData>
      <Point><coordinates>-36.2754899069754,-6.64640308226664</coordinates></Point>
  </Placemark>
  <Placemark>
	<ExtendedData><SchemaData schemaUrl="#ponto_de_drenagem_serido">
		<SimpleData name="IDPONTO">205828</SimpleData>
		<SimpleData name="COCURSODAG">756296</SimpleData>
		<SimpleData name="DSPONTO">Início do Curso D´água</SimpleData>
	</SchemaData></ExtendedData>
      <Point><coordinates>-36.4572084556717,-6.52934176308494</coordinates></Point>
  </Placemark>
  <Placemark>
	<ExtendedData><SchemaData schemaUrl="#ponto_de_drenagem_serido">
		<SimpleData name="IDPONTO">215367</SimpleData>
		<SimpleData name="COCURSODAG">75629682</SimpleData>
		<SimpleData name="DSPONTO">Início do Curso D´água</SimpleData>
	</SchemaData></ExtendedData>
      <Point><coordinates>-36.3974313140204,-6.50380046732379</coordinates></Point>
  </Placemark>
  <Placemark>
	<ExtendedData><SchemaData schemaUrl="#ponto_de_drenagem_serido">
		<SimpleData name="IDPONTO">216071</SimpleData>
		<SimpleData name="COCURSODAG">756299942</SimpleData>
		<SimpleData name="DSPONTO">Início do Curso D´água</SimpleData>
	</SchemaData></ExtendedData>
      <Point><coordinates>-36.3974392010915,-6.654357514369</coordinates></Point>
  </Placemark>
  <Placemark>
	<ExtendedData><SchemaData schemaUrl="#ponto_de_drenagem_serido">
		<SimpleData name="IDPONTO">216285</SimpleData>
		<SimpleData name="COCURSODAG">75629654</SimpleData>
		<SimpleData name="DSPONTO">Fim do Curso D´água</SimpleData>
	</SchemaData></ExtendedData>
      <Point><coordinates>-36.4568455888209,-6.44660511297139</coordinates></Point>
  </Placemark>
  <Placemark>
	<ExtendedData><SchemaData schemaUrl="#ponto_de_drenagem_serido">
		<SimpleData name="IDPONTO">216603</SimpleData>
		<SimpleData name="COCURSODAG">7562868</SimpleData>
		<SimpleData name="DSPONTO">Início do Curso D´água</SimpleData>
	</SchemaData></ExtendedData>
      <Point><coordinates>-36.4327788938367,-6.62618179266894</coordinates></Point>
  </Placemark>
  <Placemark>
	<ExtendedData><SchemaData schemaUrl="#ponto_de_drenagem_serido">
		<SimpleData name="IDPONTO">218040</SimpleData>
		<SimpleData name="COCURSODAG">75629982</SimpleData>
		<SimpleData name="DSPONTO">Início do Curso D´água</SimpleData>
	</SchemaData></ExtendedData>
      <Point><coordinates>-36.2918400502978,-6.60924113590811</coordinates></Point>
  </Placemark>
  <Placemark>
	<ExtendedData><SchemaData schemaUrl="#ponto_de_drenagem_serido">
		<SimpleData name="IDPONTO">218041</SimpleData>
		<SimpleData name="COCURSODAG">756299822</SimpleData>
		<SimpleData name="DSPONTO">Fim do Curso D´água</SimpleData>
	</SchemaData></ExtendedData>
      <Point><coordinates>-36.3222468770158,-6.58779550122847</coordinates></Point>
  </Placemark>
  <Placemark>
	<ExtendedData><SchemaData schemaUrl="#ponto_de_drenagem_serido">
		<SimpleData name="IDPONTO">219369</SimpleData>
		<SimpleData name="COCURSODAG">7575286</SimpleData>
		<SimpleData name="DSPONTO">Início do Curso D´água</SimpleData>
	</SchemaData></ExtendedData>
      <Point><coordinates>-36.2390018352385,-6.49523051905014</coordinates></Point>
  </Placemark>
  <Placemark>
	<ExtendedData><SchemaData schemaUrl="#ponto_de_drenagem_serido">
		<SimpleData name="IDPONTO">220005</SimpleData>
		<SimpleData name="COCURSODAG">7562966</SimpleData>
		<SimpleData name="DSPONTO">Início do Curso D´água</SimpleData>
	</SchemaData></ExtendedData>
      <Point><coordinates>-36.4636856706375,-6.49197091610496</coordinates></Point>
  </Placemark>
  <Placemark>
	<ExtendedData><SchemaData schemaUrl="#ponto_de_drenagem_serido">
		<SimpleData name="IDPONTO">220006</SimpleData>
		<SimpleData name="COCURSODAG">7562966</SimpleData>
		<SimpleData name="DSPONTO">Fim do Curso D´água</SimpleData>
	</SchemaData></ExtendedData>
      <Point><coordinates>-36.4535155759542,-6.44874229709608</coordinates></Point>
  </Placemark>
  <Placemark>
	<ExtendedData><SchemaData schemaUrl="#ponto_de_drenagem_serido">
		<SimpleData name="IDPONTO">226649</SimpleData>
		<SimpleData name="COCURSODAG">75629966</SimpleData>
		<SimpleData name="DSPONTO">Início do Curso D´água</SimpleData>
	</SchemaData></ExtendedData>
      <Point><coordinates>-36.2786026438183,-6.45515361179558</coordinates></Point>
  </Placemark>
  <Placemark>
	<ExtendedData><SchemaData schemaUrl="#ponto_de_drenagem_serido">
		<SimpleData name="IDPONTO">236895</SimpleData>
		<SimpleData name="COCURSODAG">75629998</SimpleData>
		<SimpleData name="DSPONTO">Início do Curso D´água</SimpleData>
	</SchemaData></ExtendedData>
      <Point><coordinates>-36.3023151784242,-6.68200722210806</coordinates></Point>
  </Placemark>
  <Placemark>
	<ExtendedData><SchemaData schemaUrl="#ponto_de_drenagem_serido">
		<SimpleData name="IDPONTO">240841</SimpleData>
		<SimpleData name="COCURSODAG">75629652</SimpleData>
		<SimpleData name="DSPONTO">Início do Curso D´água</SimpleData>
	</SchemaData></ExtendedData>
      <Point><coordinates>-36.4193314673083,-6.45078230360126</coordinates></Point>
  </Placemark>
  <Placemark>
	<ExtendedData><SchemaData schemaUrl="#ponto_de_drenagem_serido">
		<SimpleData name="IDPONTO">242759</SimpleData>
		<SimpleData name="COCURSODAG">756299822</SimpleData>
		<SimpleData name="DSPONTO">Início do Curso D´água</SimpleData>
	</SchemaData></ExtendedData>
      <Point><coordinates>-36.2879527814085,-6.57833263609147</coordinates></Point>
  </Placemark>
  <Placemark>
	<ExtendedData><SchemaData schemaUrl="#ponto_de_drenagem_serido">
		<SimpleData name="IDPONTO">14251</SimpleData>
		<SimpleData name="COCURSODAG">75628672</SimpleData>
		<SimpleData name="DSPONTO">Fim do Curso D´água</SimpleData>
	</SchemaData></ExtendedData>
      <Point><coordinates>-36.4996205184953,-6.68269265743533</coordinates></Point>
  </Placemark>
  <Placemark>
	<ExtendedData><SchemaData schemaUrl="#ponto_de_drenagem_serido">
		<SimpleData name="IDPONTO">23742</SimpleData>
		<SimpleData name="COCURSODAG">75628682</SimpleData>
		<SimpleData name="DSPONTO">Fim do Curso D´água</SimpleData>
	</SchemaData></ExtendedData>
      <Point><coordinates>-36.4731347365739,-6.69534224539116</coordinates></Point>
  </Placemark>
  <Placemark>
	<ExtendedData><SchemaData schemaUrl="#ponto_de_drenagem_serido">
		<SimpleData name="IDPONTO">33294</SimpleData>
		<SimpleData name="COCURSODAG">7562868</SimpleData>
		<SimpleData name="DSPONTO">Fim do Curso D´água</SimpleData>
	</SchemaData></ExtendedData>
      <Point><coordinates>-36.4801425785433,-6.70092835195745</coordinates></Point>
  </Placemark>
  <Placemark>
	<ExtendedData><SchemaData schemaUrl="#ponto_de_drenagem_serido">
		<SimpleData name="IDPONTO">60770</SimpleData>
		<SimpleData name="COCURSODAG">75628974</SimpleData>
		<SimpleData name="DSPONTO">Início do Curso D´água</SimpleData>
	</SchemaData></ExtendedData>
      <Point><coordinates>-36.3731701468973,-6.71804296039419</coordinates></Point>
  </Placemark>
  <Placemark>
	<ExtendedData><SchemaData schemaUrl="#ponto_de_drenagem_serido">
		<SimpleData name="IDPONTO">75040</SimpleData>
		<SimpleData name="COCURSODAG">75629994</SimpleData>
		<SimpleData name="DSPONTO">Início do Curso D´água</SimpleData>
	</SchemaData></ExtendedData>
      <Point><coordinates>-36.3795518683681,-6.71143399956061</coordinates></Point>
  </Placemark>
  <Placemark>
	<ExtendedData><SchemaData schemaUrl="#ponto_de_drenagem_serido">
		<SimpleData name="IDPONTO">111266</SimpleData>
		<SimpleData name="COCURSODAG">7562864</SimpleData>
		<SimpleData name="DSPONTO">Início do Curso D´água</SimpleData>
	</SchemaData></ExtendedData>
      <Point><coordinates>-36.4865398116313,-6.61753223770403</coordinates></Point>
  </Placemark>
  <Placemark>
	<ExtendedData><SchemaData schemaUrl="#ponto_de_drenagem_serido">
		<SimpleData name="IDPONTO">111267</SimpleData>
		<SimpleData name="COCURSODAG">75628642</SimpleData>
		<SimpleData name="DSPONTO">Fim do Curso D´água</SimpleData>
	</SchemaData></ExtendedData>
      <Point><coordinates>-36.5291007100308,-6.66649308323419</coordinates></Point>
  </Placemark>
  <Placemark>
	<ExtendedData><SchemaData schemaUrl="#ponto_de_drenagem_serido">
		<SimpleData name="IDPONTO">147991</SimpleData>
		<SimpleData name="COCURSODAG">75628692</SimpleData>
		<SimpleData name="DSPONTO">Início do Curso D´água</SimpleData>
	</SchemaData></ExtendedData>
      <Point><coordinates>-36.4336828355579,-6.74488864905367</coordinates></Point>
  </Placemark>
  <Placemark>
	<ExtendedData><SchemaData schemaUrl="#ponto_de_drenagem_serido">
		<SimpleData name="IDPONTO">147992</SimpleData>
		<SimpleData name="COCURSODAG">75628692</SimpleData>
		<SimpleData name="DSPONTO">Fim do Curso D´água</SimpleData>
	</SchemaData></ExtendedData>
      <Point><coordinates>-36.4512079596347,-6.70708004733463</coordinates></Point>
  </Placemark>
  <Placemark>
	<ExtendedData><SchemaData schemaUrl="#ponto_de_drenagem_serido">
		<SimpleData name="IDPONTO">159599</SimpleData>
		<SimpleData name="COCURSODAG">75628992</SimpleData>
		<SimpleData name="DSPONTO">Início do Curso D´água</SimpleData>
	</SchemaData></ExtendedData>
      <Point><coordinates>-36.3322226584572,-6.70572008823623</coordinates></Point>
  </Placemark>
  <Placemark>
	<ExtendedData><SchemaData schemaUrl="#ponto_de_drenagem_serido">
		<SimpleData name="IDPONTO">187372</SimpleData>
		<SimpleData name="COCURSODAG">75628642</SimpleData>
		<SimpleData name="DSPONTO">Início do Curso D´água</SimpleData>
	</SchemaData></ExtendedData>
      <Point><coordinates>-36.5112210930214,-6.61836611966097</coordinates></Point>
  </Placemark>
  <Placemark>
	<ExtendedData><SchemaData schemaUrl="#ponto_de_drenagem_serido">
		<SimpleData name="IDPONTO">217378</SimpleData>
		<SimpleData name="COCURSODAG">75628672</SimpleData>
		<SimpleData name="DSPONTO">Início do Curso D´água</SimpleData>
	</SchemaData></ExtendedData>
      <Point><coordinates>-36.4877754333787,-6.66257415686875</coordinates></Point>
  </Placemark>
  <Placemark>
	<ExtendedData><SchemaData schemaUrl="#ponto_de_drenagem_serido">
		<SimpleData name="IDPONTO">217855</SimpleData>
		<SimpleData name="COCURSODAG">7562</SimpleData>
		<SimpleData name="DSPONTO">Início do Curso D´água</SimpleData>
	</SchemaData></ExtendedData>
      <Point><coordinates>-36.3646289393959,-6.70922623533697</coordinates></Point>
  </Placemark>
  <Placemark>
	<ExtendedData><SchemaData schemaUrl="#ponto_de_drenagem_serido">
		<SimpleData name="IDPONTO">220183</SimpleData>
		<SimpleData name="COCURSODAG">756286</SimpleData>
		<SimpleData name="DSPONTO">Início do Curso D´água</SimpleData>
	</SchemaData></ExtendedData>
      <Point><coordinates>-36.3789757354565,-6.74160032220347</coordinates></Point>
  </Placemark>
  <Placemark>
	<ExtendedData><SchemaData schemaUrl="#ponto_de_drenagem_serido">
		<SimpleData name="IDPONTO">9078</SimpleData>
		<SimpleData name="COCURSODAG">7584896</SimpleData>
		<SimpleData name="DSPONTO">Fim do Curso D´água</SimpleData>
	</SchemaData></ExtendedData>
      <Point><coordinates>-36.5951489505449,-6.97908709603882</coordinates></Point>
  </Placemark>
  <Placemark>
	<ExtendedData><SchemaData schemaUrl="#ponto_de_drenagem_serido">
		<SimpleData name="IDPONTO">9079</SimpleData>
		<SimpleData name="COCURSODAG">7584894</SimpleData>
		<SimpleData name="DSPONTO">Fim do Curso D´água</SimpleData>
	</SchemaData></ExtendedData>
      <Point><coordinates>-36.6200057169236,-6.99807599448652</coordinates></Point>
  </Placemark>
  <Placemark>
	<ExtendedData><SchemaData schemaUrl="#ponto_de_drenagem_serido">
		<SimpleData name="IDPONTO">23230</SimpleData>
		<SimpleData name="COCURSODAG">7584892</SimpleData>
		<SimpleData name="DSPONTO">Fim do Curso D´água</SimpleData>
	</SchemaData></ExtendedData>
      <Point><coordinates>-36.6184682110578,-7.00520789343154</coordinates></Point>
  </Placemark>
  <Placemark>
	<ExtendedData><SchemaData schemaUrl="#ponto_de_drenagem_serido">
		<SimpleData name="IDPONTO">114598</SimpleData>
		<SimpleData name="COCURSODAG">756284</SimpleData>
		<SimpleData name="DSPONTO">Início do Curso D´água</SimpleData>
	</SchemaData></ExtendedData>
      <Point><coordinates>-36.6953727572286,-6.9401272762093</coordinates></Point>
  </Placemark>
  <Placemark>
	<ExtendedData><SchemaData schemaUrl="#ponto_de_drenagem_serido">
		<SimpleData name="IDPONTO">116149</SimpleData>
		<SimpleData name="COCURSODAG">75628762</SimpleData>
		<SimpleData name="DSPONTO">Início do Curso D´água</SimpleData>
	</SchemaData></ExtendedData>
      <Point><coordinates>-36.6116209157265,-6.89970563430988</coordinates></Point>
  </Placemark>
  <Placemark>
	<ExtendedData><SchemaData schemaUrl="#ponto_de_drenagem_serido">
		<SimpleData name="IDPONTO">127821</SimpleData>
		<SimpleData name="COCURSODAG">7584898</SimpleData>
		<SimpleData name="DSPONTO">Fim do Curso D´água</SimpleData>
	</SchemaData></ExtendedData>
      <Point><coordinates>-36.5925521644248,-6.97919095651248</coordinates></Point>
  </Placemark>
  <Placemark>
	<ExtendedData><SchemaData schemaUrl="#ponto_de_drenagem_serido">
		<SimpleData name="IDPONTO">165270</SimpleData>
		<SimpleData name="COCURSODAG">7584894</SimpleData>
		<SimpleData name="DSPONTO">Início do Curso D´água</SimpleData>
	</SchemaData></ExtendedData>
      <Point><coordinates>-36.6697041536236,-6.96259703884719</coordinates></Point>
  </Placemark>
  <Placemark>
	<ExtendedData><SchemaData schemaUrl="#ponto_de_drenagem_serido">
		<SimpleData name="IDPONTO">195096</SimpleData>
		<SimpleData name="COCURSODAG">7584896</SimpleData>
		<SimpleData name="DSPONTO">Início do Curso D´água</SimpleData>
	</SchemaData></ExtendedData>
      <Point><coordinates>-36.6840037157274,-6.94814790379175</coordinates></Point>
  </Placemark>
  <Placemark>
	<ExtendedData><SchemaData schemaUrl="#ponto_de_drenagem_serido">
		<SimpleData name="IDPONTO">220691</SimpleData>
		<SimpleData name="COCURSODAG">7562876</SimpleData>
		<SimpleData name="DSPONTO">Início do Curso D´água</SimpleData>
	</SchemaData></ExtendedData>
      <Point><coordinates>-36.6564895827336,-6.9110128449934</coordinates></Point>
  </Placemark>
  <Placemark>
	<ExtendedData><SchemaData schemaUrl="#ponto_de_drenagem_serido">
		<SimpleData name="IDPONTO">239924</SimpleData>
		<SimpleData name="COCURSODAG">7562878</SimpleData>
		<SimpleData name="DSPONTO">Início do Curso D´água</SimpleData>
	</SchemaData></ExtendedData>
      <Point><coordinates>-36.5894496295713,-6.91678518554556</coordinates></Point>
  </Placemark>
  <Placemark>
	<ExtendedData><SchemaData schemaUrl="#ponto_de_drenagem_serido">
		<SimpleData name="IDPONTO">53110</SimpleData>
		<SimpleData name="COCURSODAG">75622522</SimpleData>
		<SimpleData name="DSPONTO">Início do Curso D´água</SimpleData>
	</SchemaData></ExtendedData>
      <Point><coordinates>-37.1390674655807,-6.7774711670017</coordinates></Point>
  </Placemark>
  <Placemark>
	<ExtendedData><SchemaData schemaUrl="#ponto_de_drenagem_serido">
		<SimpleData name="IDPONTO">56731</SimpleData>
		<SimpleData name="COCURSODAG">7562252</SimpleData>
		<SimpleData name="DSPONTO">Início do Curso D´água</SimpleData>
	</SchemaData></ExtendedData>
      <Point><coordinates>-37.1156067573397,-6.79702295811769</coordinates></Point>
  </Placemark>
  <Placemark>
	<ExtendedData><SchemaData schemaUrl="#ponto_de_drenagem_serido">
		<SimpleData name="IDPONTO">62466</SimpleData>
		<SimpleData name="COCURSODAG">7562272</SimpleData>
		<SimpleData name="DSPONTO">Início do Curso D´água</SimpleData>
	</SchemaData></ExtendedData>
      <Point><coordinates>-37.08056483814,-6.82461536147369</coordinates></Point>
  </Placemark>
  <Placemark>
	<ExtendedData><SchemaData schemaUrl="#ponto_de_drenagem_serido">
		<SimpleData name="IDPONTO">62467</SimpleData>
		<SimpleData name="COCURSODAG">7562272</SimpleData>
		<SimpleData name="DSPONTO">Fim do Curso D´água</SimpleData>
	</SchemaData></ExtendedData>
      <Point><coordinates>-37.1224390561965,-6.85333830966746</coordinates></Point>
  </Placemark>
  <Placemark>
	<ExtendedData><SchemaData schemaUrl="#ponto_de_drenagem_serido">
		<SimpleData name="IDPONTO">81784</SimpleData>
		<SimpleData name="COCURSODAG">7562492</SimpleData>
		<SimpleData name="DSPONTO">Fim do Curso D´água</SimpleData>
	</SchemaData></ExtendedData>
      <Point><coordinates>-36.955865553936,-6.76606562369786</coordinates></Point>
  </Placemark>
  <Placemark>
	<ExtendedData><SchemaData schemaUrl="#ponto_de_drenagem_serido">
		<SimpleData name="IDPONTO">83108</SimpleData>
		<SimpleData name="COCURSODAG">7562246</SimpleData>
		<SimpleData name="DSPONTO">Início do Curso D´água</SimpleData>
	</SchemaData></ExtendedData>
      <Point><coordinates>-37.0292494869276,-6.83828881688918</coordinates></Point>
  </Placemark>
  <Placemark>
	<ExtendedData><SchemaData schemaUrl="#ponto_de_drenagem_serido">
		<SimpleData name="IDPONTO">83109</SimpleData>
		<SimpleData name="COCURSODAG">7562246</SimpleData>
		<SimpleData name="DSPONTO">Fim do Curso D´água</SimpleData>
	</SchemaData></ExtendedData>
      <Point><coordinates>-36.9859486094523,-6.82112766606345</coordinates></Point>
  </Placemark>
  <Placemark>
	<ExtendedData><SchemaData schemaUrl="#ponto_de_drenagem_serido">
		<SimpleData name="IDPONTO">88153</SimpleData>
		<SimpleData name="COCURSODAG">75622422</SimpleData>
		<SimpleData name="DSPONTO">Fim do Curso D´água</SimpleData>
	</SchemaData></ExtendedData>
      <Point><coordinates>-37.0849748048627,-6.73661095851813</coordinates></Point>
  </Placemark>
  <Placemark>
	<ExtendedData><SchemaData schemaUrl="#ponto_de_drenagem_serido">
		<SimpleData name="IDPONTO">104894</SimpleData>
		<SimpleData name="COCURSODAG">75622422</SimpleData>
		<SimpleData name="DSPONTO">Início do Curso D´água</SimpleData>
	</SchemaData></ExtendedData>
      <Point><coordinates>-37.1028660913272,-6.8091013717816</coordinates></Point>
  </Placemark>
  <Placemark>
	<ExtendedData><SchemaData schemaUrl="#ponto_de_drenagem_serido">
		<SimpleData name="IDPONTO">118406</SimpleData>
		<SimpleData name="COCURSODAG">7562244</SimpleData>
		<SimpleData name="DSPONTO">Fim do Curso D´água</SimpleData>
	</SchemaData></ExtendedData>
      <Point><coordinates>-36.9877485644441,-6.78239909245016</coordinates></Point>
  </Placemark>
  <Placemark>
	<ExtendedData><SchemaData schemaUrl="#ponto_de_drenagem_serido">
		<SimpleData name="IDPONTO">185283</SimpleData>
		<SimpleData name="COCURSODAG">7562244</SimpleData>
		<SimpleData name="DSPONTO">Início do Curso D´água</SimpleData>
	</SchemaData></ExtendedData>
      <Point><coordinates>-36.9673706338239,-6.81814543035012</coordinates></Point>
  </Placemark>
  <Placemark>
	<ExtendedData><SchemaData schemaUrl="#ponto_de_drenagem_serido">
		<SimpleData name="IDPONTO">218869</SimpleData>
		<SimpleData name="COCURSODAG">7562274</SimpleData>
		<SimpleData name="DSPONTO">Início do Curso D´água</SimpleData>
	</SchemaData></ExtendedData>
      <Point><coordinates>-37.0508407678739,-6.85843004581917</coordinates></Point>
  </Placemark>
  <Placemark>
	<ExtendedData><SchemaData schemaUrl="#ponto_de_drenagem_serido">
		<SimpleData name="IDPONTO">219251</SimpleData>
		<SimpleData name="COCURSODAG">7562242</SimpleData>
		<SimpleData name="DSPONTO">Início do Curso D´água</SimpleData>
	</SchemaData></ExtendedData>
      <Point><coordinates>-37.0651458224706,-6.81489089067401</coordinates></Point>
  </Placemark>
  <Placemark>
	<ExtendedData><SchemaData schemaUrl="#ponto_de_drenagem_serido">
		<SimpleData name="IDPONTO">237957</SimpleData>
		<SimpleData name="COCURSODAG">7562472</SimpleData>
		<SimpleData name="DSPONTO">Início do Curso D´água</SimpleData>
	</SchemaData></ExtendedData>
      <Point><coordinates>-36.9923419671547,-6.73604434153042</coordinates></Point>
  </Placemark>
  <Placemark>
	<ExtendedData><SchemaData schemaUrl="#ponto_de_drenagem_serido">
		<SimpleData name="IDPONTO">23950</SimpleData>
		<SimpleData name="COCURSODAG">75622982</SimpleData>
		<SimpleData name="DSPONTO">Início do Curso D´água</SimpleData>
	</SchemaData></ExtendedData>
      <Point><coordinates>-36.96829022945,-6.99885982456106</coordinates></Point>
  </Placemark>
  <Placemark>
	<ExtendedData><SchemaData schemaUrl="#ponto_de_drenagem_serido">
		<SimpleData name="IDPONTO">23951</SimpleData>
		<SimpleData name="COCURSODAG">75622982</SimpleData>
		<SimpleData name="DSPONTO">Fim do Curso D´água</SimpleData>
	</SchemaData></ExtendedData>
      <Point><coordinates>-37.0079516710581,-6.97591079952831</coordinates></Point>
  </Placemark>
  <Placemark>
	<ExtendedData><SchemaData schemaUrl="#ponto_de_drenagem_serido">
		<SimpleData name="IDPONTO">30866</SimpleData>
		<SimpleData name="COCURSODAG">7562264</SimpleData>
		<SimpleData name="DSPONTO">Fim do Curso D´água</SimpleData>
	</SchemaData></ExtendedData>
      <Point><coordinates>-37.1956973117004,-6.79152733445241</coordinates></Point>
  </Placemark>
  <Placemark>
	<ExtendedData><SchemaData schemaUrl="#ponto_de_drenagem_serido">
		<SimpleData name="IDPONTO">55530</SimpleData>
		<SimpleData name="COCURSODAG">75622962</SimpleData>
		<SimpleData name="DSPONTO">Início do Curso D´água</SimpleData>
	</SchemaData></ExtendedData>
      <Point><coordinates>-36.9687819448762,-7.02123167013537</coordinates></Point>
  </Placemark>
  <Placemark>
	<ExtendedData><SchemaData schemaUrl="#ponto_de_drenagem_serido">
		<SimpleData name="IDPONTO">55531</SimpleData>
		<SimpleData name="COCURSODAG">75622962</SimpleData>
		<SimpleData name="DSPONTO">Fim do Curso D´água</SimpleData>
	</SchemaData></ExtendedData>
      <Point><coordinates>-37.0167906053833,-7.00687710316058</coordinates></Point>
  </Placemark>
  <Placemark>
	<ExtendedData><SchemaData schemaUrl="#ponto_de_drenagem_serido">
		<SimpleData name="IDPONTO">57803</SimpleData>
		<SimpleData name="COCURSODAG">7562298</SimpleData>
		<SimpleData name="DSPONTO">Fim do Curso D´água</SimpleData>
	</SchemaData></ExtendedData>
      <Point><coordinates>-37.0118616124483,-6.97077022144149</coordinates></Point>
  </Placemark>
  <Placemark>
	<ExtendedData><SchemaData schemaUrl="#ponto_de_drenagem_serido">
		<SimpleData name="IDPONTO">57804</SimpleData>
		<SimpleData name="COCURSODAG">7562296</SimpleData>
		<SimpleData name="DSPONTO">Fim do Curso D´água</SimpleData>
	</SchemaData></ExtendedData>
      <Point><coordinates>-37.0148183478188,-6.96741519881286</coordinates></Point>
  </Placemark>
  <Placemark>
	<ExtendedData><SchemaData schemaUrl="#ponto_de_drenagem_serido">
		<SimpleData name="IDPONTO">59045</SimpleData>
		<SimpleData name="COCURSODAG">7562292</SimpleData>
		<SimpleData name="DSPONTO">Fim do Curso D´água</SimpleData>
	</SchemaData></ExtendedData>
      <Point><coordinates>-37.0717720546829,-6.92557048141631</coordinates></Point>
  </Placemark>
  <Placemark>
	<ExtendedData><SchemaData schemaUrl="#ponto_de_drenagem_serido">
		<SimpleData name="IDPONTO">59046</SimpleData>
		<SimpleData name="COCURSODAG">756228</SimpleData>
		<SimpleData name="DSPONTO">Fim do Curso D´água</SimpleData>
	</SchemaData></ExtendedData>
      <Point><coordinates>-37.1182623689264,-6.88159515646938</coordinates></Point>
  </Placemark>
  <Placemark>
	<ExtendedData><SchemaData schemaUrl="#ponto_de_drenagem_serido">
		<SimpleData name="IDPONTO">63498</SimpleData>
		<SimpleData name="COCURSODAG">756226</SimpleData>
		<SimpleData name="DSPONTO">Início do Curso D´água</SimpleData>
	</SchemaData></ExtendedData>
      <Point><coordinates>-37.1991879549864,-6.89343574468363</coordinates></Point>
  </Placemark>
  <Placemark>
	<ExtendedData><SchemaData schemaUrl="#ponto_de_drenagem_serido">
		<SimpleData name="IDPONTO">63499</SimpleData>
		<SimpleData name="COCURSODAG">7562266</SimpleData>
		<SimpleData name="DSPONTO">Fim do Curso D´água</SimpleData>
	</SchemaData></ExtendedData>
      <Point><coordinates>-37.2018313123055,-6.83291982009306</coordinates></Point>
  </Placemark>
  <Placemark>
	<ExtendedData><SchemaData schemaUrl="#ponto_de_drenagem_serido">
		<SimpleData name="IDPONTO">90482</SimpleData>
		<SimpleData name="COCURSODAG">7562292</SimpleData>
		<SimpleData name="DSPONTO">Início do Curso D´água</SimpleData>
	</SchemaData></ExtendedData>
      <Point><coordinates>-37.0570053167064,-6.99311921067624</coordinates></Point>
  </Placemark>
  <Placemark>
	<ExtendedData><SchemaData schemaUrl="#ponto_de_drenagem_serido">
		<SimpleData name="IDPONTO">90926</SimpleData>
		<SimpleData name="COCURSODAG">7562274</SimpleData>
		<SimpleData name="DSPONTO">Fim do Curso D´água</SimpleData>
	</SchemaData></ExtendedData>
      <Point><coordinates>-37.1188534783044,-6.88044737872431</coordinates></Point>
  </Placemark>
  <Placemark>
	<ExtendedData><SchemaData schemaUrl="#ponto_de_drenagem_serido">
		<SimpleData name="IDPONTO">100568</SimpleData>
		<SimpleData name="COCURSODAG">756464</SimpleData>
		<SimpleData name="DSPONTO">Início do Curso D´água</SimpleData>
	</SchemaData></ExtendedData>
      <Point><coordinates>-36.947057330145,-7.03601678584458</coordinates></Point>
  </Placemark>
  <Placemark>
	<ExtendedData><SchemaData schemaUrl="#ponto_de_drenagem_serido">
		<SimpleData name="IDPONTO">114405</SimpleData>
		<SimpleData name="COCURSODAG">75622</SimpleData>
		<SimpleData name="DSPONTO">Início do Curso D´água</SimpleData>
	</SchemaData></ExtendedData>
      <Point><coordinates>-36.9565829465819,-6.99996934513817</coordinates></Point>
  </Placemark>
  <Placemark>
	<ExtendedData><SchemaData schemaUrl="#ponto_de_drenagem_serido">
		<SimpleData name="IDPONTO">120677</SimpleData>
		<SimpleData name="COCURSODAG">7564662</SimpleData>
		<SimpleData name="DSPONTO">Início do Curso D´água</SimpleData>
	</SchemaData></ExtendedData>
      <Point><coordinates>-36.9360478186925,-7.04405735456086</coordinates></Point>
  </Placemark>
  <Placemark>
	<ExtendedData><SchemaData schemaUrl="#ponto_de_drenagem_serido">
		<SimpleData name="IDPONTO">129443</SimpleData>
		<SimpleData name="COCURSODAG">7562282</SimpleData>
		<SimpleData name="DSPONTO">Fim do Curso D´água</SimpleData>
	</SchemaData></ExtendedData>
      <Point><coordinates>-37.1555470907894,-6.92258983582588</coordinates></Point>
  </Placemark>
  <Placemark>
	<ExtendedData><SchemaData schemaUrl="#ponto_de_drenagem_serido">
		<SimpleData name="IDPONTO">131373</SimpleData>
		<SimpleData name="COCURSODAG">7562296</SimpleData>
		<SimpleData name="DSPONTO">Início do Curso D´água</SimpleData>
	</SchemaData></ExtendedData>
      <Point><coordinates>-37.0545714292521,-7.02818166163664</coordinates></Point>
  </Placemark>
  <Placemark>
	<ExtendedData><SchemaData schemaUrl="#ponto_de_drenagem_serido">
		<SimpleData name="IDPONTO">142650</SimpleData>
		<SimpleData name="COCURSODAG">7562294</SimpleData>
		<SimpleData name="DSPONTO">Início do Curso D´água</SimpleData>
	</SchemaData></ExtendedData>
      <Point><coordinates>-36.9841975332114,-6.91534656355525</coordinates></Point>
  </Placemark>
  <Placemark>
	<ExtendedData><SchemaData schemaUrl="#ponto_de_drenagem_serido">
		<SimpleData name="IDPONTO">142651</SimpleData>
		<SimpleData name="COCURSODAG">75622942</SimpleData>
		<SimpleData name="DSPONTO">Fim do Curso D´água</SimpleData>
	</SchemaData></ExtendedData>
      <Point><coordinates>-37.0294667304765,-6.92422545108697</coordinates></Point>
  </Placemark>
  <Placemark>
	<ExtendedData><SchemaData schemaUrl="#ponto_de_drenagem_serido">
		<SimpleData name="IDPONTO">168990</SimpleData>
		<SimpleData name="COCURSODAG">756224</SimpleData>
		<SimpleData name="DSPONTO">Início do Curso D´água</SimpleData>
	</SchemaData></ExtendedData>
      <Point><coordinates>-37.0027676530928,-6.8820713557817</coordinates></Point>
  </Placemark>
  <Placemark>
	<ExtendedData><SchemaData schemaUrl="#ponto_de_drenagem_serido">
		<SimpleData name="IDPONTO">182470</SimpleData>
		<SimpleData name="COCURSODAG">756228</SimpleData>
		<SimpleData name="DSPONTO">Início do Curso D´água</SimpleData>
	</SchemaData></ExtendedData>
      <Point><coordinates>-37.0934628285959,-7.01893659825777</coordinates></Point>
  </Placemark>
  <Placemark>
	<ExtendedData><SchemaData schemaUrl="#ponto_de_drenagem_serido">
		<SimpleData name="IDPONTO">185882</SimpleData>
		<SimpleData name="COCURSODAG">7562294</SimpleData>
		<SimpleData name="DSPONTO">Fim do Curso D´água</SimpleData>
	</SchemaData></ExtendedData>
      <Point><coordinates>-37.0479069003929,-6.92720884140809</coordinates></Point>
  </Placemark>
  <Placemark>
	<ExtendedData><SchemaData schemaUrl="#ponto_de_drenagem_serido">
		<SimpleData name="IDPONTO">200103</SimpleData>
		<SimpleData name="COCURSODAG">7562298</SimpleData>
		<SimpleData name="DSPONTO">Início do Curso D´água</SimpleData>
	</SchemaData></ExtendedData>
      <Point><coordinates>-36.9742408354393,-7.01360386715679</coordinates></Point>
  </Placemark>
  <Placemark>
	<ExtendedData><SchemaData schemaUrl="#ponto_de_drenagem_serido">
		<SimpleData name="IDPONTO">212016</SimpleData>
		<SimpleData name="COCURSODAG">75622642</SimpleData>
		<SimpleData name="DSPONTO">Início do Curso D´água</SimpleData>
	</SchemaData></ExtendedData>
      <Point><coordinates>-37.1607198413302,-6.82315760037097</coordinates></Point>
  </Placemark>
  <Placemark>
	<ExtendedData><SchemaData schemaUrl="#ponto_de_drenagem_serido">
		<SimpleData name="IDPONTO">212017</SimpleData>
		<SimpleData name="COCURSODAG">75622642</SimpleData>
		<SimpleData name="DSPONTO">Fim do Curso D´água</SimpleData>
	</SchemaData></ExtendedData>
      <Point><coordinates>-37.1789849584643,-6.80879080634605</coordinates></Point>
  </Placemark>
  <Placemark>
	<ExtendedData><SchemaData schemaUrl="#ponto_de_drenagem_serido">
		<SimpleData name="IDPONTO">215631</SimpleData>
		<SimpleData name="COCURSODAG">7562494</SimpleData>
		<SimpleData name="DSPONTO">Início do Curso D´água</SimpleData>
	</SchemaData></ExtendedData>
      <Point><coordinates>-36.9607940197635,-6.95524124807257</coordinates></Point>
  </Placemark>
  <Placemark>
	<ExtendedData><SchemaData schemaUrl="#ponto_de_drenagem_serido">
		<SimpleData name="IDPONTO">219540</SimpleData>
		<SimpleData name="COCURSODAG">7562496</SimpleData>
		<SimpleData name="DSPONTO">Início do Curso D´água</SimpleData>
	</SchemaData></ExtendedData>
      <Point><coordinates>-36.9423272682263,-7.0261867345615</coordinates></Point>
  </Placemark>
  <Placemark>
	<ExtendedData><SchemaData schemaUrl="#ponto_de_drenagem_serido">
		<SimpleData name="IDPONTO">223305</SimpleData>
		<SimpleData name="COCURSODAG">75622942</SimpleData>
		<SimpleData name="DSPONTO">Início do Curso D´água</SimpleData>
	</SchemaData></ExtendedData>
      <Point><coordinates>-36.9684463635931,-6.95628068595198</coordinates></Point>
  </Placemark>
  <Placemark>
	<ExtendedData><SchemaData schemaUrl="#ponto_de_drenagem_serido">
		<SimpleData name="IDPONTO">15078</SimpleData>
		<SimpleData name="COCURSODAG">75628972</SimpleData>
		<SimpleData name="DSPONTO">Fim do Curso D´água</SimpleData>
	</SchemaData></ExtendedData>
      <Point><coordinates>-36.352967255688,-6.80079960854832</coordinates></Point>
  </Placemark>
  <Placemark>
	<ExtendedData><SchemaData schemaUrl="#ponto_de_drenagem_serido">
		<SimpleData name="IDPONTO">15079</SimpleData>
		<SimpleData name="COCURSODAG">7562896</SimpleData>
		<SimpleData name="DSPONTO">Fim do Curso D´água</SimpleData>
	</SchemaData></ExtendedData>
      <Point><coordinates>-36.3546228133093,-6.80297072690487</coordinates></Point>
  </Placemark>
  <Placemark>
	<ExtendedData><SchemaData schemaUrl="#ponto_de_drenagem_serido">
		<SimpleData name="IDPONTO">50578</SimpleData>
		<SimpleData name="COCURSODAG">756288</SimpleData>
		<SimpleData name="DSPONTO">Fim do Curso D´água</SimpleData>
	</SchemaData></ExtendedData>
      <Point><coordinates>-36.5200368298477,-6.84030359122132</coordinates></Point>
  </Placemark>
  <Placemark>
	<ExtendedData><SchemaData schemaUrl="#ponto_de_drenagem_serido">
		<SimpleData name="IDPONTO">60771</SimpleData>
		<SimpleData name="COCURSODAG">75628974</SimpleData>
		<SimpleData name="DSPONTO">Fim do Curso D´água</SimpleData>
	</SchemaData></ExtendedData>
      <Point><coordinates>-36.3272559963449,-6.78913785818332</coordinates></Point>
  </Placemark>
  <Placemark>
	<ExtendedData><SchemaData schemaUrl="#ponto_de_drenagem_serido">
		<SimpleData name="IDPONTO">70250</SimpleData>
		<SimpleData name="COCURSODAG">7575296</SimpleData>
		<SimpleData name="DSPONTO">Início do Curso D´água</SimpleData>
	</SchemaData></ExtendedData>
      <Point><coordinates>-36.2635687804396,-6.72024914744469</coordinates></Point>
  </Placemark>
  <Placemark>
	<ExtendedData><SchemaData schemaUrl="#ponto_de_drenagem_serido">
		<SimpleData name="IDPONTO">74569</SimpleData>
		<SimpleData name="COCURSODAG">7562892</SimpleData>
		<SimpleData name="DSPONTO">Fim do Curso D´água</SimpleData>
	</SchemaData></ExtendedData>
      <Point><coordinates>-36.4433496277286,-6.83962308558178</coordinates></Point>
  </Placemark>
  <Placemark>
	<ExtendedData><SchemaData schemaUrl="#ponto_de_drenagem_serido">
		<SimpleData name="IDPONTO">74570</SimpleData>
		<SimpleData name="COCURSODAG">75628914</SimpleData>
		<SimpleData name="DSPONTO">Fim do Curso D´água</SimpleData>
	</SchemaData></ExtendedData>
      <Point><coordinates>-36.4539847572406,-6.842373111646</coordinates></Point>
  </Placemark>
  <Placemark>
	<ExtendedData><SchemaData schemaUrl="#ponto_de_drenagem_serido">
		<SimpleData name="IDPONTO">76465</SimpleData>
		<SimpleData name="COCURSODAG">7562872</SimpleData>
		<SimpleData name="DSPONTO">Início do Curso D´água</SimpleData>
	</SchemaData></ExtendedData>
      <Point><coordinates>-36.5109845853332,-6.76574317477399</coordinates></Point>
  </Placemark>
  <Placemark>
	<ExtendedData><SchemaData schemaUrl="#ponto_de_drenagem_serido">
		<SimpleData name="IDPONTO">87814</SimpleData>
		<SimpleData name="COCURSODAG">75628992</SimpleData>
		<SimpleData name="DSPONTO">Fim do Curso D´água</SimpleData>
	</SchemaData></ExtendedData>
      <Point><coordinates>-36.3038907698812,-6.74976036991686</coordinates></Point>
  </Placemark>
  <Placemark>
	<ExtendedData><SchemaData schemaUrl="#ponto_de_drenagem_serido">
		<SimpleData name="IDPONTO">87815</SimpleData>
		<SimpleData name="COCURSODAG">7562898</SimpleData>
		<SimpleData name="DSPONTO">Fim do Curso D´água</SimpleData>
	</SchemaData></ExtendedData>
      <Point><coordinates>-36.3157008588269,-6.78420503524284</coordinates></Point>
  </Placemark>
  <Placemark>
	<ExtendedData><SchemaData schemaUrl="#ponto_de_drenagem_serido">
		<SimpleData name="IDPONTO">101883</SimpleData>
		<SimpleData name="COCURSODAG">75628972</SimpleData>
		<SimpleData name="DSPONTO">Início do Curso D´água</SimpleData>
	</SchemaData></ExtendedData>
      <Point><coordinates>-36.363171774505,-6.75494878149876</coordinates></Point>
  </Placemark>
  <Placemark>
	<ExtendedData><SchemaData schemaUrl="#ponto_de_drenagem_serido">
		<SimpleData name="IDPONTO">115787</SimpleData>
		<SimpleData name="COCURSODAG">7562866</SimpleData>
		<SimpleData name="DSPONTO">Início do Curso D´água</SimpleData>
	</SchemaData></ExtendedData>
      <Point><coordinates>-36.4493501402211,-6.76026260985081</coordinates></Point>
  </Placemark>
  <Placemark>
	<ExtendedData><SchemaData schemaUrl="#ponto_de_drenagem_serido">
		<SimpleData name="IDPONTO">133991</SimpleData>
		<SimpleData name="COCURSODAG">75628942</SimpleData>
		<SimpleData name="DSPONTO">Fim do Curso D´água</SimpleData>
	</SchemaData></ExtendedData>
      <Point><coordinates>-36.367558489032,-6.85430596855826</coordinates></Point>
  </Placemark>
  <Placemark>
	<ExtendedData><SchemaData schemaUrl="#ponto_de_drenagem_serido">
		<SimpleData name="IDPONTO">141457</SimpleData>
		<SimpleData name="COCURSODAG">75628912</SimpleData>
		<SimpleData name="DSPONTO">Início do Curso D´água</SimpleData>
	</SchemaData></ExtendedData>
      <Point><coordinates>-36.4467863067702,-6.81524574696557</coordinates></Point>
  </Placemark>
  <Placemark>
	<ExtendedData><SchemaData schemaUrl="#ponto_de_drenagem_serido">
		<SimpleData name="IDPONTO">141458</SimpleData>
		<SimpleData name="COCURSODAG">75628912</SimpleData>
		<SimpleData name="DSPONTO">Fim do Curso D´água</SimpleData>
	</SchemaData></ExtendedData>
      <Point><coordinates>-36.4697437245642,-6.8424770091843</coordinates></Point>
  </Placemark>
  <Placemark>
	<ExtendedData><SchemaData schemaUrl="#ponto_de_drenagem_serido">
		<SimpleData name="IDPONTO">159914</SimpleData>
		<SimpleData name="COCURSODAG">75628</SimpleData>
		<SimpleData name="DSPONTO">Início do Curso D´água</SimpleData>
	</SchemaData></ExtendedData>
      <Point><coordinates>-36.2807011327354,-6.70156956195507</coordinates></Point>
  </Placemark>
  <Placemark>
	<ExtendedData><SchemaData schemaUrl="#ponto_de_drenagem_serido">
		<SimpleData name="IDPONTO">163667</SimpleData>
		<SimpleData name="COCURSODAG">7562894</SimpleData>
		<SimpleData name="DSPONTO">Fim do Curso D´água</SimpleData>
	</SchemaData></ExtendedData>
      <Point><coordinates>-36.3991215501072,-6.84375093186456</coordinates></Point>
  </Placemark>
  <Placemark>
	<ExtendedData><SchemaData schemaUrl="#ponto_de_drenagem_serido">
		<SimpleData name="IDPONTO">164224</SimpleData>
		<SimpleData name="COCURSODAG">7562892</SimpleData>
		<SimpleData name="DSPONTO">Início do Curso D´água</SimpleData>
	</SchemaData></ExtendedData>
      <Point><coordinates>-36.3906375783188,-6.74901755272438</coordinates></Point>
  </Placemark>
  <Placemark>
	<ExtendedData><SchemaData schemaUrl="#ponto_de_drenagem_serido">
		<SimpleData name="IDPONTO">167662</SimpleData>
		<SimpleData name="COCURSODAG">7562896</SimpleData>
		<SimpleData name="DSPONTO">Início do Curso D´água</SimpleData>
	</SchemaData></ExtendedData>
      <Point><coordinates>-36.2612649407388,-6.83513600836103</coordinates></Point>
  </Placemark>
  <Placemark>
	<ExtendedData><SchemaData schemaUrl="#ponto_de_drenagem_serido">
		<SimpleData name="IDPONTO">223565</SimpleData>
		<SimpleData name="COCURSODAG">75628792</SimpleData>
		<SimpleData name="DSPONTO">Fim do Curso D´água</SimpleData>
	</SchemaData></ExtendedData>
      <Point><coordinates>-36.5262435838762,-6.82942797240322</coordinates></Point>
  </Placemark>
  <Placemark>
	<ExtendedData><SchemaData schemaUrl="#ponto_de_drenagem_serido">
		<SimpleData name="IDPONTO">240219</SimpleData>
		<SimpleData name="COCURSODAG">75628792</SimpleData>
		<SimpleData name="DSPONTO">Início do Curso D´água</SimpleData>
	</SchemaData></ExtendedData>
      <Point><coordinates>-36.4930860881681,-6.79539610823568</coordinates></Point>
  </Placemark>
  <Placemark>
	<ExtendedData><SchemaData schemaUrl="#ponto_de_drenagem_serido">
		<SimpleData name="IDPONTO">23229</SimpleData>
		<SimpleData name="COCURSODAG">7584892</SimpleData>
		<SimpleData name="DSPONTO">Início do Curso D´água</SimpleData>
	</SchemaData></ExtendedData>
      <Point><coordinates>-36.5917080509431,-7.02706804379198</coordinates></Point>
  </Placemark>
  <Placemark>
	<ExtendedData><SchemaData schemaUrl="#ponto_de_drenagem_serido">
		<SimpleData name="IDPONTO">50577</SimpleData>
		<SimpleData name="COCURSODAG">7562882</SimpleData>
		<SimpleData name="DSPONTO">Fim do Curso D´água</SimpleData>
	</SchemaData></ExtendedData>
      <Point><coordinates>-36.5372759003185,-6.89151447427929</coordinates></Point>
  </Placemark>
  <Placemark>
	<ExtendedData><SchemaData schemaUrl="#ponto_de_drenagem_serido">
		<SimpleData name="IDPONTO">127638</SimpleData>
		<SimpleData name="COCURSODAG">758442</SimpleData>
		<SimpleData name="DSPONTO">Início do Curso D´água</SimpleData>
	</SchemaData></ExtendedData>
      <Point><coordinates>-36.5766324664878,-7.10436186742689</coordinates></Point>
  </Placemark>
  <Placemark>
	<ExtendedData><SchemaData schemaUrl="#ponto_de_drenagem_serido">
		<SimpleData name="IDPONTO">127820</SimpleData>
		<SimpleData name="COCURSODAG">75848</SimpleData>
		<SimpleData name="DSPONTO">Início do Curso D´água</SimpleData>
	</SchemaData></ExtendedData>
      <Point><coordinates>-36.5041515982918,-6.99069473176735</coordinates></Point>
  </Placemark>
  <Placemark>
	<ExtendedData><SchemaData schemaUrl="#ponto_de_drenagem_serido">
		<SimpleData name="IDPONTO">138514</SimpleData>
		<SimpleData name="COCURSODAG">7584426</SimpleData>
		<SimpleData name="DSPONTO">Início do Curso D´água</SimpleData>
	</SchemaData></ExtendedData>
      <Point><coordinates>-36.5539611991728,-7.10050912216083</coordinates></Point>
  </Placemark>
  <Placemark>
	<ExtendedData><SchemaData schemaUrl="#ponto_de_drenagem_serido">
		<SimpleData name="IDPONTO">154128</SimpleData>
		<SimpleData name="COCURSODAG">7562882</SimpleData>
		<SimpleData name="DSPONTO">Início do Curso D´água</SimpleData>
	</SchemaData></ExtendedData>
      <Point><coordinates>-36.5133307957098,-6.98024282901853</coordinates></Point>
  </Placemark>
  <Placemark>
	<ExtendedData><SchemaData schemaUrl="#ponto_de_drenagem_serido">
		<SimpleData name="IDPONTO">202092</SimpleData>
		<SimpleData name="COCURSODAG">756288</SimpleData>
		<SimpleData name="DSPONTO">Início do Curso D´água</SimpleData>
	</SchemaData></ExtendedData>
      <Point><coordinates>-36.4857617145441,-6.97578617987935</coordinates></Point>
  </Placemark>
  <Placemark>
	<ExtendedData><SchemaData schemaUrl="#ponto_de_drenagem_serido">
		<SimpleData name="IDPONTO">208261</SimpleData>
		<SimpleData name="COCURSODAG">758482</SimpleData>
		<SimpleData name="DSPONTO">Início do Curso D´água</SimpleData>
	</SchemaData></ExtendedData>
      <Point><coordinates>-36.587042515497,-7.10195349980619</coordinates></Point>
  </Placemark>
  <Placemark>
	<ExtendedData><SchemaData schemaUrl="#ponto_de_drenagem_serido">
		<SimpleData name="IDPONTO">210525</SimpleData>
		<SimpleData name="COCURSODAG">7584898</SimpleData>
		<SimpleData name="DSPONTO">Início do Curso D´água</SimpleData>
	</SchemaData></ExtendedData>
      <Point><coordinates>-36.5531846776431,-6.9771135269099</coordinates></Point>
  </Placemark>
  <Placemark>
	<ExtendedData><SchemaData schemaUrl="#ponto_de_drenagem_serido">
		<SimpleData name="IDPONTO">214037</SimpleData>
		<SimpleData name="COCURSODAG">758484</SimpleData>
		<SimpleData name="DSPONTO">Início do Curso D´água</SimpleData>
	</SchemaData></ExtendedData>
      <Point><coordinates>-36.509057988511,-7.0308836665939</coordinates></Point>
  </Placemark>
  <Placemark>
	<ExtendedData><SchemaData schemaUrl="#ponto_de_drenagem_serido">
		<SimpleData name="IDPONTO">214038</SimpleData>
		<SimpleData name="COCURSODAG">758484</SimpleData>
		<SimpleData name="DSPONTO">Fim do Curso D´água</SimpleData>
	</SchemaData></ExtendedData>
      <Point><coordinates>-36.6636653064841,-7.11283239616574</coordinates></Point>
  </Placemark>
  <Placemark>
	<ExtendedData><SchemaData schemaUrl="#ponto_de_drenagem_serido">
		<SimpleData name="IDPONTO">241989</SimpleData>
		<SimpleData name="COCURSODAG">758444</SimpleData>
		<SimpleData name="DSPONTO">Início do Curso D´água</SimpleData>
	</SchemaData></ExtendedData>
      <Point><coordinates>-36.5015013485712,-7.07227168308024</coordinates></Point>
  </Placemark>
  <Placemark>
	<ExtendedData><SchemaData schemaUrl="#ponto_de_drenagem_serido">
		<SimpleData name="IDPONTO">24355</SimpleData>
		<SimpleData name="COCURSODAG">7562962</SimpleData>
		<SimpleData name="DSPONTO">Início do Curso D´água</SimpleData>
	</SchemaData></ExtendedData>
      <Point><coordinates>-36.5040225928051,-6.3915552401358</coordinates></Point>
  </Placemark>
  <Placemark>
	<ExtendedData><SchemaData schemaUrl="#ponto_de_drenagem_serido">
		<SimpleData name="IDPONTO">24513</SimpleData>
		<SimpleData name="COCURSODAG">7562926</SimpleData>
		<SimpleData name="DSPONTO">Fim do Curso D´água</SimpleData>
	</SchemaData></ExtendedData>
      <Point><coordinates>-36.5115449528248,-6.54290843025717</coordinates></Point>
  </Placemark>
  <Placemark>
	<ExtendedData><SchemaData schemaUrl="#ponto_de_drenagem_serido">
		<SimpleData name="IDPONTO">58900</SimpleData>
		<SimpleData name="COCURSODAG">75629394</SimpleData>
		<SimpleData name="DSPONTO">Início do Curso D´água</SimpleData>
	</SchemaData></ExtendedData>
      <Point><coordinates>-36.520227145683,-6.37811741992418</coordinates></Point>
  </Placemark>
  <Placemark>
	<ExtendedData><SchemaData schemaUrl="#ponto_de_drenagem_serido">
		<SimpleData name="IDPONTO">94192</SimpleData>
		<SimpleData name="COCURSODAG">75629414</SimpleData>
		<SimpleData name="DSPONTO">Fim do Curso D´água</SimpleData>
	</SchemaData></ExtendedData>
      <Point><coordinates>-36.5142381782187,-6.30102020670594</coordinates></Point>
  </Placemark>
  <Placemark>
	<ExtendedData><SchemaData schemaUrl="#ponto_de_drenagem_serido">
		<SimpleData name="IDPONTO">101381</SimpleData>
		<SimpleData name="COCURSODAG">7562952</SimpleData>
		<SimpleData name="DSPONTO">Fim do Curso D´água</SimpleData>
	</SchemaData></ExtendedData>
      <Point><coordinates>-36.5150009703438,-6.32534537173054</coordinates></Point>
  </Placemark>
  <Placemark>
	<ExtendedData><SchemaData schemaUrl="#ponto_de_drenagem_serido">
		<SimpleData name="IDPONTO">109475</SimpleData>
		<SimpleData name="COCURSODAG">75629642</SimpleData>
		<SimpleData name="DSPONTO">Início do Curso D´água</SimpleData>
	</SchemaData></ExtendedData>
      <Point><coordinates>-36.5281083538708,-6.4586456408291</coordinates></Point>
  </Placemark>
  <Placemark>
	<ExtendedData><SchemaData schemaUrl="#ponto_de_drenagem_serido">
		<SimpleData name="IDPONTO">109476</SimpleData>
		<SimpleData name="COCURSODAG">75629642</SimpleData>
		<SimpleData name="DSPONTO">Fim do Curso D´água</SimpleData>
	</SchemaData></ExtendedData>
      <Point><coordinates>-36.4983192350995,-6.44569003142447</coordinates></Point>
  </Placemark>
  <Placemark>
	<ExtendedData><SchemaData schemaUrl="#ponto_de_drenagem_serido">
		<SimpleData name="IDPONTO">121794</SimpleData>
		<SimpleData name="COCURSODAG">75629412</SimpleData>
		<SimpleData name="DSPONTO">Fim do Curso D´água</SimpleData>
	</SchemaData></ExtendedData>
      <Point><coordinates>-36.5236454413812,-6.30938804561066</coordinates></Point>
  </Placemark>
  <Placemark>
	<ExtendedData><SchemaData schemaUrl="#ponto_de_drenagem_serido">
		<SimpleData name="IDPONTO">139702</SimpleData>
		<SimpleData name="COCURSODAG">7562964</SimpleData>
		<SimpleData name="DSPONTO">Início do Curso D´água</SimpleData>
	</SchemaData></ExtendedData>
      <Point><coordinates>-36.5183961164509,-6.49988704131638</coordinates></Point>
  </Placemark>
  <Placemark>
	<ExtendedData><SchemaData schemaUrl="#ponto_de_drenagem_serido">
		<SimpleData name="IDPONTO">206127</SimpleData>
		<SimpleData name="COCURSODAG">7562934</SimpleData>
		<SimpleData name="DSPONTO">Início do Curso D´água</SimpleData>
	</SchemaData></ExtendedData>
      <Point><coordinates>-36.5288677901744,-6.37982015031305</coordinates></Point>
  </Placemark>
  <Placemark>
	<ExtendedData><SchemaData schemaUrl="#ponto_de_drenagem_serido">
		<SimpleData name="IDPONTO">218394</SimpleData>
		<SimpleData name="COCURSODAG">75629654</SimpleData>
		<SimpleData name="DSPONTO">Início do Curso D´água</SimpleData>
	</SchemaData></ExtendedData>
      <Point><coordinates>-36.4790052624866,-6.46592740207616</coordinates></Point>
  </Placemark>
  <Placemark>
	<ExtendedData><SchemaData schemaUrl="#ponto_de_drenagem_serido">
		<SimpleData name="IDPONTO">21554</SimpleData>
		<SimpleData name="COCURSODAG">7584882</SimpleData>
		<SimpleData name="DSPONTO">Início do Curso D´água</SimpleData>
	</SchemaData></ExtendedData>
      <Point><coordinates>-36.7763638271174,-6.94875246882796</coordinates></Point>
  </Placemark>
  <Placemark>
	<ExtendedData><SchemaData schemaUrl="#ponto_de_drenagem_serido">
		<SimpleData name="IDPONTO">21555</SimpleData>
		<SimpleData name="COCURSODAG">7584882</SimpleData>
		<SimpleData name="DSPONTO">Fim do Curso D´água</SimpleData>
	</SchemaData></ExtendedData>
      <Point><coordinates>-36.7533570194618,-6.97041592768388</coordinates></Point>
  </Placemark>
  <Placemark>
	<ExtendedData><SchemaData schemaUrl="#ponto_de_drenagem_serido">
		<SimpleData name="IDPONTO">42324</SimpleData>
		<SimpleData name="COCURSODAG">7564692</SimpleData>
		<SimpleData name="DSPONTO">Início do Curso D´água</SimpleData>
	</SchemaData></ExtendedData>
      <Point><coordinates>-36.8252342117958,-7.04564967398983</coordinates></Point>
  </Placemark>
  <Placemark>
	<ExtendedData><SchemaData schemaUrl="#ponto_de_drenagem_serido">
		<SimpleData name="IDPONTO">45274</SimpleData>
		<SimpleData name="COCURSODAG">75624996</SimpleData>
		<SimpleData name="DSPONTO">Fim do Curso D´água</SimpleData>
	</SchemaData></ExtendedData>
      <Point><coordinates>-36.8523793574549,-6.95640688850598</coordinates></Point>
  </Placemark>
  <Placemark>
	<ExtendedData><SchemaData schemaUrl="#ponto_de_drenagem_serido">
		<SimpleData name="IDPONTO">45275</SimpleData>
		<SimpleData name="COCURSODAG">75624994</SimpleData>
		<SimpleData name="DSPONTO">Fim do Curso D´água</SimpleData>
	</SchemaData></ExtendedData>
      <Point><coordinates>-36.8466348529257,-6.94162072924609</coordinates></Point>
  </Placemark>
  <Placemark>
	<ExtendedData><SchemaData schemaUrl="#ponto_de_drenagem_serido">
		<SimpleData name="IDPONTO">81767</SimpleData>
		<SimpleData name="COCURSODAG">75624992</SimpleData>
		<SimpleData name="DSPONTO">Fim do Curso D´água</SimpleData>
	</SchemaData></ExtendedData>
      <Point><coordinates>-36.8515898983734,-6.92315060328937</coordinates></Point>
  </Placemark>
  <Placemark>
	<ExtendedData><SchemaData schemaUrl="#ponto_de_drenagem_serido">
		<SimpleData name="IDPONTO">162015</SimpleData>
		<SimpleData name="COCURSODAG">756468</SimpleData>
		<SimpleData name="DSPONTO">Início do Curso D´água</SimpleData>
	</SchemaData></ExtendedData>
      <Point><coordinates>-36.7833139024504,-7.05183417221316</coordinates></Point>
  </Placemark>
  <Placemark>
	<ExtendedData><SchemaData schemaUrl="#ponto_de_drenagem_serido">
		<SimpleData name="IDPONTO">190211</SimpleData>
		<SimpleData name="COCURSODAG">758488</SimpleData>
		<SimpleData name="DSPONTO">Início do Curso D´água</SimpleData>
	</SchemaData></ExtendedData>
      <Point><coordinates>-36.8083612746739,-6.96591311990465</coordinates></Point>
  </Placemark>
  <Placemark>
	<ExtendedData><SchemaData schemaUrl="#ponto_de_drenagem_serido">
		<SimpleData name="IDPONTO">204034</SimpleData>
		<SimpleData name="COCURSODAG">75624994</SimpleData>
		<SimpleData name="DSPONTO">Início do Curso D´água</SimpleData>
	</SchemaData></ExtendedData>
      <Point><coordinates>-36.8104213112649,-6.98303376106121</coordinates></Point>
  </Placemark>
  <Placemark>
	<ExtendedData><SchemaData schemaUrl="#ponto_de_drenagem_serido">
		<SimpleData name="IDPONTO">221487</SimpleData>
		<SimpleData name="COCURSODAG">75646</SimpleData>
		<SimpleData name="DSPONTO">Início do Curso D´água</SimpleData>
	</SchemaData></ExtendedData>
      <Point><coordinates>-36.7994540236223,-7.04295972633206</coordinates></Point>
  </Placemark>
  <Placemark>
	<ExtendedData><SchemaData schemaUrl="#ponto_de_drenagem_serido">
		<SimpleData name="IDPONTO">222499</SimpleData>
		<SimpleData name="COCURSODAG">7584872</SimpleData>
		<SimpleData name="DSPONTO">Início do Curso D´água</SimpleData>
	</SchemaData></ExtendedData>
      <Point><coordinates>-36.7904628443282,-7.03425403367803</coordinates></Point>
  </Placemark>
  <Placemark>
	<ExtendedData><SchemaData schemaUrl="#ponto_de_drenagem_serido">
		<SimpleData name="IDPONTO">106249</SimpleData>
		<SimpleData name="COCURSODAG">7562884</SimpleData>
		<SimpleData name="DSPONTO">Início do Curso D´água</SimpleData>
	</SchemaData></ExtendedData>
      <Point><coordinates>-36.4176689926388,-6.9259625642917</coordinates></Point>
  </Placemark>
  <Placemark>
	<ExtendedData><SchemaData schemaUrl="#ponto_de_drenagem_serido">
		<SimpleData name="IDPONTO">106250</SimpleData>
		<SimpleData name="COCURSODAG">7562884</SimpleData>
		<SimpleData name="DSPONTO">Fim do Curso D´água</SimpleData>
	</SchemaData></ExtendedData>
      <Point><coordinates>-36.4541414360817,-6.92639306647487</coordinates></Point>
  </Placemark>
  <Placemark>
	<ExtendedData><SchemaData schemaUrl="#ponto_de_drenagem_serido">
		<SimpleData name="IDPONTO">128702</SimpleData>
		<SimpleData name="COCURSODAG">758446</SimpleData>
		<SimpleData name="DSPONTO">Início do Curso D´água</SimpleData>
	</SchemaData></ExtendedData>
      <Point><coordinates>-36.3832675759194,-6.93171869073598</coordinates></Point>
  </Placemark>
  <Placemark>
	<ExtendedData><SchemaData schemaUrl="#ponto_de_drenagem_serido">
		<SimpleData name="IDPONTO">133990</SimpleData>
		<SimpleData name="COCURSODAG">75628944</SimpleData>
		<SimpleData name="DSPONTO">Fim do Curso D´água</SimpleData>
	</SchemaData></ExtendedData>
      <Point><coordinates>-36.346123377172,-6.8738933387644</coordinates></Point>
  </Placemark>
  <Placemark>
	<ExtendedData><SchemaData schemaUrl="#ponto_de_drenagem_serido">
		<SimpleData name="IDPONTO">186275</SimpleData>
		<SimpleData name="COCURSODAG">75628914</SimpleData>
		<SimpleData name="DSPONTO">Início do Curso D´água</SimpleData>
	</SchemaData></ExtendedData>
      <Point><coordinates>-36.43076455446,-6.90567185460023</coordinates></Point>
  </Placemark>
  <Placemark>
	<ExtendedData><SchemaData schemaUrl="#ponto_de_drenagem_serido">
		<SimpleData name="IDPONTO">211003</SimpleData>
		<SimpleData name="COCURSODAG">7584472</SimpleData>
		<SimpleData name="DSPONTO">Início do Curso D´água</SimpleData>
	</SchemaData></ExtendedData>
      <Point><coordinates>-36.3726852907549,-6.96919394163237</coordinates></Point>
  </Placemark>
  <Placemark>
	<ExtendedData><SchemaData schemaUrl="#ponto_de_drenagem_serido">
		<SimpleData name="IDPONTO">219229</SimpleData>
		<SimpleData name="COCURSODAG">75628942</SimpleData>
		<SimpleData name="DSPONTO">Início do Curso D´água</SimpleData>
	</SchemaData></ExtendedData>
      <Point><coordinates>-36.4091082966527,-6.90340574786065</coordinates></Point>
  </Placemark>
  <Placemark>
	<ExtendedData><SchemaData schemaUrl="#ponto_de_drenagem_serido">
		<SimpleData name="IDPONTO">232380</SimpleData>
		<SimpleData name="COCURSODAG">7584482</SimpleData>
		<SimpleData name="DSPONTO">Início do Curso D´água</SimpleData>
	</SchemaData></ExtendedData>
      <Point><coordinates>-36.3594751939326,-6.95296550996254</coordinates></Point>
  </Placemark>
  <Placemark>
	<ExtendedData><SchemaData schemaUrl="#ponto_de_drenagem_serido">
		<SimpleData name="IDPONTO">242236</SimpleData>
		<SimpleData name="COCURSODAG">7562894</SimpleData>
		<SimpleData name="DSPONTO">Início do Curso D´água</SimpleData>
	</SchemaData></ExtendedData>
      <Point><coordinates>-36.3710602885223,-6.94666990308832</coordinates></Point>
  </Placemark>
  <Placemark>
	<ExtendedData><SchemaData schemaUrl="#ponto_de_drenagem_serido">
		<SimpleData name="IDPONTO">6562</SimpleData>
		<SimpleData name="COCURSODAG">7564676</SimpleData>
		<SimpleData name="DSPONTO">Início do Curso D´água</SimpleData>
	</SchemaData></ExtendedData>
      <Point><coordinates>-36.9093565625276,-7.14816193575829</coordinates></Point>
  </Placemark>
  <Placemark>
	<ExtendedData><SchemaData schemaUrl="#ponto_de_drenagem_serido">
		<SimpleData name="IDPONTO">7057</SimpleData>
		<SimpleData name="COCURSODAG">756468</SimpleData>
		<SimpleData name="DSPONTO">Fim do Curso D´água</SimpleData>
	</SchemaData></ExtendedData>
      <Point><coordinates>-36.8797430033492,-7.11122726623092</coordinates></Point>
  </Placemark>
  <Placemark>
	<ExtendedData><SchemaData schemaUrl="#ponto_de_drenagem_serido">
		<SimpleData name="IDPONTO">7058</SimpleData>
		<SimpleData name="COCURSODAG">7564678</SimpleData>
		<SimpleData name="DSPONTO">Fim do Curso D´água</SimpleData>
	</SchemaData></ExtendedData>
      <Point><coordinates>-36.9114777075339,-7.1171472637369</coordinates></Point>
  </Placemark>
  <Placemark>
	<ExtendedData><SchemaData schemaUrl="#ponto_de_drenagem_serido">
		<SimpleData name="IDPONTO">42325</SimpleData>
		<SimpleData name="COCURSODAG">7564692</SimpleData>
		<SimpleData name="DSPONTO">Fim do Curso D´água</SimpleData>
	</SchemaData></ExtendedData>
      <Point><coordinates>-36.8070490804059,-7.07256878736496</coordinates></Point>
  </Placemark>
  <Placemark>
	<ExtendedData><SchemaData schemaUrl="#ponto_de_drenagem_serido">
		<SimpleData name="IDPONTO">79174</SimpleData>
		<SimpleData name="COCURSODAG">75646782</SimpleData>
		<SimpleData name="DSPONTO">Início do Curso D´água</SimpleData>
	</SchemaData></ExtendedData>
      <Point><coordinates>-36.863846780982,-7.14712029798831</coordinates></Point>
  </Placemark>
  <Placemark>
	<ExtendedData><SchemaData schemaUrl="#ponto_de_drenagem_serido">
		<SimpleData name="IDPONTO">79175</SimpleData>
		<SimpleData name="COCURSODAG">75646782</SimpleData>
		<SimpleData name="DSPONTO">Fim do Curso D´água</SimpleData>
	</SchemaData></ExtendedData>
      <Point><coordinates>-36.8812685768411,-7.11938899457109</coordinates></Point>
  </Placemark>
  <Placemark>
	<ExtendedData><SchemaData schemaUrl="#ponto_de_drenagem_serido">
		<SimpleData name="IDPONTO">231425</SimpleData>
		<SimpleData name="COCURSODAG">756466</SimpleData>
		<SimpleData name="DSPONTO">Início do Curso D´água</SimpleData>
	</SchemaData></ExtendedData>
      <Point><coordinates>-36.8924191685713,-7.04418129916089</coordinates></Point>
  </Placemark>
  <Placemark>
	<ExtendedData><SchemaData schemaUrl="#ponto_de_drenagem_serido">
		<SimpleData name="IDPONTO">238213</SimpleData>
		<SimpleData name="COCURSODAG">75624</SimpleData>
		<SimpleData name="DSPONTO">Início do Curso D´água</SimpleData>
	</SchemaData></ExtendedData>
      <Point><coordinates>-36.8828096484462,-7.05532306031098</coordinates></Point>
  </Placemark>
  <Placemark>
	<ExtendedData><SchemaData schemaUrl="#ponto_de_drenagem_serido">
		<SimpleData name="IDPONTO">239537</SimpleData>
		<SimpleData name="COCURSODAG">7564678</SimpleData>
		<SimpleData name="DSPONTO">Início do Curso D´água</SimpleData>
	</SchemaData></ExtendedData>
      <Point><coordinates>-36.8349271112272,-7.11540122630913</coordinates></Point>
  </Placemark>
  <Placemark>
	<ExtendedData><SchemaData schemaUrl="#ponto_de_drenagem_serido">
		<SimpleData name="IDPONTO">31292</SimpleData>
		<SimpleData name="COCURSODAG">7562498</SimpleData>
		<SimpleData name="DSPONTO">Fim do Curso D´água</SimpleData>
	</SchemaData></ExtendedData>
      <Point><coordinates>-36.8545693331647,-6.90812270639412</coordinates></Point>
  </Placemark>
  <Placemark>
	<ExtendedData><SchemaData schemaUrl="#ponto_de_drenagem_serido">
		<SimpleData name="IDPONTO">31293</SimpleData>
		<SimpleData name="COCURSODAG">75624974</SimpleData>
		<SimpleData name="DSPONTO">Fim do Curso D´água</SimpleData>
	</SchemaData></ExtendedData>
      <Point><coordinates>-36.8851978837522,-6.89734482582707</coordinates></Point>
  </Placemark>
  <Placemark>
	<ExtendedData><SchemaData schemaUrl="#ponto_de_drenagem_serido">
		<SimpleData name="IDPONTO">38630</SimpleData>
		<SimpleData name="COCURSODAG">75624972</SimpleData>
		<SimpleData name="DSPONTO">Fim do Curso D´água</SimpleData>
	</SchemaData></ExtendedData>
      <Point><coordinates>-36.904446886407,-6.88387141035064</coordinates></Point>
  </Placemark>
  <Placemark>
	<ExtendedData><SchemaData schemaUrl="#ponto_de_drenagem_serido">
		<SimpleData name="IDPONTO">38631</SimpleData>
		<SimpleData name="COCURSODAG">7562496</SimpleData>
		<SimpleData name="DSPONTO">Fim do Curso D´água</SimpleData>
	</SchemaData></ExtendedData>
      <Point><coordinates>-36.9186947804021,-6.87835084505464</coordinates></Point>
  </Placemark>
  <Placemark>
	<ExtendedData><SchemaData schemaUrl="#ponto_de_drenagem_serido">
		<SimpleData name="IDPONTO">77567</SimpleData>
		<SimpleData name="COCURSODAG">7562482</SimpleData>
		<SimpleData name="DSPONTO">Início do Curso D´água</SimpleData>
	</SchemaData></ExtendedData>
      <Point><coordinates>-36.8079761551561,-6.78517144789074</coordinates></Point>
  </Placemark>
  <Placemark>
	<ExtendedData><SchemaData schemaUrl="#ponto_de_drenagem_serido">
		<SimpleData name="IDPONTO">81783</SimpleData>
		<SimpleData name="COCURSODAG">7562494</SimpleData>
		<SimpleData name="DSPONTO">Fim do Curso D´água</SimpleData>
	</SchemaData></ExtendedData>
      <Point><coordinates>-36.9210598354995,-6.87642695034811</coordinates></Point>
  </Placemark>
  <Placemark>
	<ExtendedData><SchemaData schemaUrl="#ponto_de_drenagem_serido">
		<SimpleData name="IDPONTO">135938</SimpleData>
		<SimpleData name="COCURSODAG">75624972</SimpleData>
		<SimpleData name="DSPONTO">Início do Curso D´água</SimpleData>
	</SchemaData></ExtendedData>
      <Point><coordinates>-36.855553185519,-6.86563966478267</coordinates></Point>
  </Placemark>
  <Placemark>
	<ExtendedData><SchemaData schemaUrl="#ponto_de_drenagem_serido">
		<SimpleData name="IDPONTO">153142</SimpleData>
		<SimpleData name="COCURSODAG">75624992</SimpleData>
		<SimpleData name="DSPONTO">Início do Curso D´água</SimpleData>
	</SchemaData></ExtendedData>
      <Point><coordinates>-36.871655596551,-6.95952189118424</coordinates></Point>
  </Placemark>
  <Placemark>
	<ExtendedData><SchemaData schemaUrl="#ponto_de_drenagem_serido">
		<SimpleData name="IDPONTO">200646</SimpleData>
		<SimpleData name="COCURSODAG">75624974</SimpleData>
		<SimpleData name="DSPONTO">Início do Curso D´água</SimpleData>
	</SchemaData></ExtendedData>
      <Point><coordinates>-36.8119017815714,-6.87556976480017</coordinates></Point>
  </Placemark>
  <Placemark>
	<ExtendedData><SchemaData schemaUrl="#ponto_de_drenagem_serido">
		<SimpleData name="IDPONTO">203543</SimpleData>
		<SimpleData name="COCURSODAG">756248</SimpleData>
		<SimpleData name="DSPONTO">Início do Curso D´água</SimpleData>
	</SchemaData></ExtendedData>
      <Point><coordinates>-36.8024789307286,-6.82025885425273</coordinates></Point>
  </Placemark>
  <Placemark>
	<ExtendedData><SchemaData schemaUrl="#ponto_de_drenagem_serido">
		<SimpleData name="IDPONTO">209729</SimpleData>
		<SimpleData name="COCURSODAG">75624996</SimpleData>
		<SimpleData name="DSPONTO">Início do Curso D´água</SimpleData>
	</SchemaData></ExtendedData>
      <Point><coordinates>-36.882847906282,-7.0158556285912</coordinates></Point>
  </Placemark>
  <Placemark>
	<ExtendedData><SchemaData schemaUrl="#ponto_de_drenagem_serido">
		<SimpleData name="IDPONTO">213001</SimpleData>
		<SimpleData name="COCURSODAG">756246</SimpleData>
		<SimpleData name="DSPONTO">Início do Curso D´água</SimpleData>
	</SchemaData></ExtendedData>
      <Point><coordinates>-36.7901882414525,-6.80756880320572</coordinates></Point>
  </Placemark>
  <Placemark>
	<ExtendedData><SchemaData schemaUrl="#ponto_de_drenagem_serido">
		<SimpleData name="IDPONTO">217666</SimpleData>
		<SimpleData name="COCURSODAG">75624922</SimpleData>
		<SimpleData name="DSPONTO">Início do Curso D´água</SimpleData>
	</SchemaData></ExtendedData>
      <Point><coordinates>-36.907868601952,-6.78197848560818</coordinates></Point>
  </Placemark>
  <Placemark>
	<ExtendedData><SchemaData schemaUrl="#ponto_de_drenagem_serido">
		<SimpleData name="IDPONTO">217667</SimpleData>
		<SimpleData name="COCURSODAG">75624922</SimpleData>
		<SimpleData name="DSPONTO">Fim do Curso D´água</SimpleData>
	</SchemaData></ExtendedData>
      <Point><coordinates>-36.9424071292111,-6.77388352393175</coordinates></Point>
  </Placemark>
  <Placemark>
	<ExtendedData><SchemaData schemaUrl="#ponto_de_drenagem_serido">
		<SimpleData name="IDPONTO">233542</SimpleData>
		<SimpleData name="COCURSODAG">7562498</SimpleData>
		<SimpleData name="DSPONTO">Início do Curso D´água</SimpleData>
	</SchemaData></ExtendedData>
      <Point><coordinates>-36.7921488678111,-6.90305996340991</coordinates></Point>
  </Placemark>
  <Placemark>
	<ExtendedData><SchemaData schemaUrl="#ponto_de_drenagem_serido">
		<SimpleData name="IDPONTO">235734</SimpleData>
		<SimpleData name="COCURSODAG">7562832</SimpleData>
		<SimpleData name="DSPONTO">Início do Curso D´água</SimpleData>
	</SchemaData></ExtendedData>
      <Point><coordinates>-36.7781604717744,-6.89444048518526</coordinates></Point>
  </Placemark>
  <Placemark>
	<ExtendedData><SchemaData schemaUrl="#ponto_de_drenagem_serido">
		<SimpleData name="IDPONTO">247438</SimpleData>
		<SimpleData name="COCURSODAG">7562492</SimpleData>
		<SimpleData name="DSPONTO">Início do Curso D´água</SimpleData>
	</SchemaData></ExtendedData>
      <Point><coordinates>-36.8620382858862,-6.83318834673825</coordinates></Point>
  </Placemark>
  <Placemark>
	<ExtendedData><SchemaData schemaUrl="#ponto_de_drenagem_serido">
		<SimpleData name="IDPONTO">101915</SimpleData>
		<SimpleData name="COCURSODAG">758448</SimpleData>
		<SimpleData name="DSPONTO">Início do Curso D´água</SimpleData>
	</SchemaData></ExtendedData>
      <Point><coordinates>-36.3118748462601,-6.93916660672423</coordinates></Point>
  </Placemark>
  <Placemark>
	<ExtendedData><SchemaData schemaUrl="#ponto_de_drenagem_serido">
		<SimpleData name="IDPONTO">154920</SimpleData>
		<SimpleData name="COCURSODAG">75844</SimpleData>
		<SimpleData name="DSPONTO">Início do Curso D´água</SimpleData>
	</SchemaData></ExtendedData>
      <Point><coordinates>-36.278965092781,-6.87356344622029</coordinates></Point>
  </Placemark>
  <Placemark>
	<ExtendedData><SchemaData schemaUrl="#ponto_de_drenagem_serido">
		<SimpleData name="IDPONTO">221883</SimpleData>
		<SimpleData name="COCURSODAG">75628944</SimpleData>
		<SimpleData name="DSPONTO">Início do Curso D´água</SimpleData>
	</SchemaData></ExtendedData>
      <Point><coordinates>-36.2857934534673,-6.86788003919854</coordinates></Point>
  </Placemark>
  <Placemark>
	<ExtendedData><SchemaData schemaUrl="#ponto_de_drenagem_serido">
		<SimpleData name="IDPONTO">47713</SimpleData>
		<SimpleData name="COCURSODAG">756244</SimpleData>
		<SimpleData name="DSPONTO">Início do Curso D´água</SimpleData>
	</SchemaData></ExtendedData>
      <Point><coordinates>-36.7648469381658,-6.76914021890391</coordinates></Point>
  </Placemark>
  <Placemark>
	<ExtendedData><SchemaData schemaUrl="#ponto_de_drenagem_serido">
		<SimpleData name="IDPONTO">2253</SimpleData>
		<SimpleData name="COCURSODAG">7562252</SimpleData>
		<SimpleData name="DSPONTO">Fim do Curso D´água</SimpleData>
	</SchemaData></ExtendedData>
      <Point><coordinates>-37.1840354416693,-6.61429847486611</coordinates></Point>
  </Placemark>
  <Placemark>
	<ExtendedData><SchemaData schemaUrl="#ponto_de_drenagem_serido">
		<SimpleData name="IDPONTO">2254</SimpleData>
		<SimpleData name="COCURSODAG">756224</SimpleData>
		<SimpleData name="DSPONTO">Fim do Curso D´água</SimpleData>
	</SchemaData></ExtendedData>
      <Point><coordinates>-37.1834138068374,-6.60765455639394</coordinates></Point>
  </Placemark>
  <Placemark>
	<ExtendedData><SchemaData schemaUrl="#ponto_de_drenagem_serido">
		<SimpleData name="IDPONTO">4099</SimpleData>
		<SimpleData name="COCURSODAG">75621892</SimpleData>
		<SimpleData name="DSPONTO">Fim do Curso D´água</SimpleData>
	</SchemaData></ExtendedData>
      <Point><coordinates>-37.0124490717063,-6.36469030082268</coordinates></Point>
  </Placemark>
  <Placemark>
	<ExtendedData><SchemaData schemaUrl="#ponto_de_drenagem_serido">
		<SimpleData name="IDPONTO">4100</SimpleData>
		<SimpleData name="COCURSODAG">7562188</SimpleData>
		<SimpleData name="DSPONTO">Fim do Curso D´água</SimpleData>
	</SchemaData></ExtendedData>
      <Point><coordinates>-37.0182702305902,-6.36921980409115</coordinates></Point>
  </Placemark>
  <Placemark>
	<ExtendedData><SchemaData schemaUrl="#ponto_de_drenagem_serido">
		<SimpleData name="IDPONTO">5162</SimpleData>
		<SimpleData name="COCURSODAG">7562544</SimpleData>
		<SimpleData name="DSPONTO">Fim do Curso D´água</SimpleData>
	</SchemaData></ExtendedData>
      <Point><coordinates>-36.9625104304142,-6.4387019591126</coordinates></Point>
  </Placemark>
  <Placemark>
	<ExtendedData><SchemaData schemaUrl="#ponto_de_drenagem_serido">
		<SimpleData name="IDPONTO">5163</SimpleData>
		<SimpleData name="COCURSODAG">7562542</SimpleData>
		<SimpleData name="DSPONTO">Fim do Curso D´água</SimpleData>
	</SchemaData></ExtendedData>
      <Point><coordinates>-36.9816983236268,-6.45667372790139</coordinates></Point>
  </Placemark>
  <Placemark>
	<ExtendedData><SchemaData schemaUrl="#ponto_de_drenagem_serido">
		<SimpleData name="IDPONTO">11106</SimpleData>
		<SimpleData name="COCURSODAG">75622542</SimpleData>
		<SimpleData name="DSPONTO">Fim do Curso D´água</SimpleData>
	</SchemaData></ExtendedData>
      <Point><coordinates>-37.2230179892721,-6.65676595944071</coordinates></Point>
  </Placemark>
  <Placemark>
	<ExtendedData><SchemaData schemaUrl="#ponto_de_drenagem_serido">
		<SimpleData name="IDPONTO">19087</SimpleData>
		<SimpleData name="COCURSODAG">75621898</SimpleData>
		<SimpleData name="DSPONTO">Início do Curso D´água</SimpleData>
	</SchemaData></ExtendedData>
      <Point><coordinates>-36.8918347797906,-6.29473386902719</coordinates></Point>
  </Placemark>
  <Placemark>
	<ExtendedData><SchemaData schemaUrl="#ponto_de_drenagem_serido">
		<SimpleData name="IDPONTO">19088</SimpleData>
		<SimpleData name="COCURSODAG">75621898</SimpleData>
		<SimpleData name="DSPONTO">Fim do Curso D´água</SimpleData>
	</SchemaData></ExtendedData>
      <Point><coordinates>-36.9478085477313,-6.25822860551115</coordinates></Point>
  </Placemark>
  <Placemark>
	<ExtendedData><SchemaData schemaUrl="#ponto_de_drenagem_serido">
		<SimpleData name="IDPONTO">19839</SimpleData>
		<SimpleData name="COCURSODAG">75624722</SimpleData>
		<SimpleData name="DSPONTO">Início do Curso D´água</SimpleData>
	</SchemaData></ExtendedData>
      <Point><coordinates>-36.9949930089882,-6.68920291150035</coordinates></Point>
  </Placemark>
  <Placemark>
	<ExtendedData><SchemaData schemaUrl="#ponto_de_drenagem_serido">
		<SimpleData name="IDPONTO">19840</SimpleData>
		<SimpleData name="COCURSODAG">75624722</SimpleData>
		<SimpleData name="DSPONTO">Fim do Curso D´água</SimpleData>
	</SchemaData></ExtendedData>
      <Point><coordinates>-36.9578983402779,-6.67383955122544</coordinates></Point>
  </Placemark>
  <Placemark>
	<ExtendedData><SchemaData schemaUrl="#ponto_de_drenagem_serido">
		<SimpleData name="IDPONTO">24785</SimpleData>
		<SimpleData name="COCURSODAG">756314</SimpleData>
		<SimpleData name="DSPONTO">Fim do Curso D´água</SimpleData>
	</SchemaData></ExtendedData>
      <Point><coordinates>-37.2013959088007,-6.21435711805475</coordinates></Point>
  </Placemark>
  <Placemark>
	<ExtendedData><SchemaData schemaUrl="#ponto_de_drenagem_serido">
		<SimpleData name="IDPONTO">24786</SimpleData>
		<SimpleData name="COCURSODAG">756312</SimpleData>
		<SimpleData name="DSPONTO">Fim do Curso D´água</SimpleData>
	</SchemaData></ExtendedData>
      <Point><coordinates>-37.1893491713974,-6.20820646813702</coordinates></Point>
  </Placemark>
  <Placemark>
	<ExtendedData><SchemaData schemaUrl="#ponto_de_drenagem_serido">
		<SimpleData name="IDPONTO">26942</SimpleData>
		<SimpleData name="COCURSODAG">7562232</SimpleData>
		<SimpleData name="DSPONTO">Fim do Curso D´água</SimpleData>
	</SchemaData></ExtendedData>
      <Point><coordinates>-37.1684024917856,-6.48636711824321</coordinates></Point>
  </Placemark>
  <Placemark>
	<ExtendedData><SchemaData schemaUrl="#ponto_de_drenagem_serido">
		<SimpleData name="IDPONTO">26943</SimpleData>
		<SimpleData name="COCURSODAG">756222</SimpleData>
		<SimpleData name="DSPONTO">Fim do Curso D´água</SimpleData>
	</SchemaData></ExtendedData>
      <Point><coordinates>-37.1455106564181,-6.46194033786214</coordinates></Point>
  </Placemark>
  <Placemark>
	<ExtendedData><SchemaData schemaUrl="#ponto_de_drenagem_serido">
		<SimpleData name="IDPONTO">27086</SimpleData>
		<SimpleData name="COCURSODAG">756216</SimpleData>
		<SimpleData name="DSPONTO">Início do Curso D´água</SimpleData>
	</SchemaData></ExtendedData>
      <Point><coordinates>-37.20979997565,-6.44872965764728</coordinates></Point>
  </Placemark>
  <Placemark>
	<ExtendedData><SchemaData schemaUrl="#ponto_de_drenagem_serido">
		<SimpleData name="IDPONTO">27087</SimpleData>
		<SimpleData name="COCURSODAG">7562162</SimpleData>
		<SimpleData name="DSPONTO">Fim do Curso D´água</SimpleData>
	</SchemaData></ExtendedData>
      <Point><coordinates>-37.1869914569724,-6.37495695497123</coordinates></Point>
  </Placemark>
  <Placemark>
	<ExtendedData><SchemaData schemaUrl="#ponto_de_drenagem_serido">
		<SimpleData name="IDPONTO">27477</SimpleData>
		<SimpleData name="COCURSODAG">75624222</SimpleData>
		<SimpleData name="DSPONTO">Início do Curso D´água</SimpleData>
	</SchemaData></ExtendedData>
      <Point><coordinates>-36.985029016397,-6.64990327612877</coordinates></Point>
  </Placemark>
  <Placemark>
	<ExtendedData><SchemaData schemaUrl="#ponto_de_drenagem_serido">
		<SimpleData name="IDPONTO">27478</SimpleData>
		<SimpleData name="COCURSODAG">75624222</SimpleData>
		<SimpleData name="DSPONTO">Fim do Curso D´água</SimpleData>
	</SchemaData></ExtendedData>
      <Point><coordinates>-37.0082263962292,-6.61788198457084</coordinates></Point>
  </Placemark>
  <Placemark>
	<ExtendedData><SchemaData schemaUrl="#ponto_de_drenagem_serido">
		<SimpleData name="IDPONTO">28085</SimpleData>
		<SimpleData name="COCURSODAG">756314</SimpleData>
		<SimpleData name="DSPONTO">Início do Curso D´água</SimpleData>
	</SchemaData></ExtendedData>
      <Point><coordinates>-37.1982525942935,-6.2556967702641</coordinates></Point>
  </Placemark>
  <Placemark>
	<ExtendedData><SchemaData schemaUrl="#ponto_de_drenagem_serido">
		<SimpleData name="IDPONTO">28636</SimpleData>
		<SimpleData name="COCURSODAG">7562472</SimpleData>
		<SimpleData name="DSPONTO">Fim do Curso D´água</SimpleData>
	</SchemaData></ExtendedData>
      <Point><coordinates>-36.9305163887453,-6.62768697182012</coordinates></Point>
  </Placemark>
  <Placemark>
	<ExtendedData><SchemaData schemaUrl="#ponto_de_drenagem_serido">
		<SimpleData name="IDPONTO">28637</SimpleData>
		<SimpleData name="COCURSODAG">756246</SimpleData>
		<SimpleData name="DSPONTO">Fim do Curso D´água</SimpleData>
	</SchemaData></ExtendedData>
      <Point><coordinates>-36.9299597501616,-6.5933735007495</coordinates></Point>
  </Placemark>
  <Placemark>
	<ExtendedData><SchemaData schemaUrl="#ponto_de_drenagem_serido">
		<SimpleData name="IDPONTO">29793</SimpleData>
		<SimpleData name="COCURSODAG">756212</SimpleData>
		<SimpleData name="DSPONTO">Fim do Curso D´água</SimpleData>
	</SchemaData></ExtendedData>
      <Point><coordinates>-37.1642329250136,-6.25282508332204</coordinates></Point>
  </Placemark>
  <Placemark>
	<ExtendedData><SchemaData schemaUrl="#ponto_de_drenagem_serido">
		<SimpleData name="IDPONTO">29794</SimpleData>
		<SimpleData name="COCURSODAG">7562112</SimpleData>
		<SimpleData name="DSPONTO">Fim do Curso D´água</SimpleData>
	</SchemaData></ExtendedData>
      <Point><coordinates>-37.1591367325078,-6.23984838901125</coordinates></Point>
  </Placemark>
  <Placemark>
	<ExtendedData><SchemaData schemaUrl="#ponto_de_drenagem_serido">
		<SimpleData name="IDPONTO">32888</SimpleData>
		<SimpleData name="COCURSODAG">7562682</SimpleData>
		<SimpleData name="DSPONTO">Início do Curso D´água</SimpleData>
	</SchemaData></ExtendedData>
      <Point><coordinates>-36.887318112962,-6.26916540278011</coordinates></Point>
  </Placemark>
  <Placemark>
	<ExtendedData><SchemaData schemaUrl="#ponto_de_drenagem_serido">
		<SimpleData name="IDPONTO">33759</SimpleData>
		<SimpleData name="COCURSODAG">756214</SimpleData>
		<SimpleData name="DSPONTO">Início do Curso D´água</SimpleData>
	</SchemaData></ExtendedData>
      <Point><coordinates>-37.0400181165864,-6.33109232818288</coordinates></Point>
  </Placemark>
  <Placemark>
	<ExtendedData><SchemaData schemaUrl="#ponto_de_drenagem_serido">
		<SimpleData name="IDPONTO">33760</SimpleData>
		<SimpleData name="COCURSODAG">7562142</SimpleData>
		<SimpleData name="DSPONTO">Fim do Curso D´água</SimpleData>
	</SchemaData></ExtendedData>
      <Point><coordinates>-37.1441483731868,-6.35359407216578</coordinates></Point>
  </Placemark>
  <Placemark>
	<ExtendedData><SchemaData schemaUrl="#ponto_de_drenagem_serido">
		<SimpleData name="IDPONTO">35963</SimpleData>
		<SimpleData name="COCURSODAG">756272</SimpleData>
		<SimpleData name="DSPONTO">Fim do Curso D´água</SimpleData>
	</SchemaData></ExtendedData>
      <Point><coordinates>-36.8943832400014,-6.51423187750703</coordinates></Point>
  </Placemark>
  <Placemark>
	<ExtendedData><SchemaData schemaUrl="#ponto_de_drenagem_serido">
		<SimpleData name="IDPONTO">36174</SimpleData>
		<SimpleData name="COCURSODAG">756256</SimpleData>
		<SimpleData name="DSPONTO">Fim do Curso D´água</SimpleData>
	</SchemaData></ExtendedData>
      <Point><coordinates>-36.9890306912677,-6.50432567928805</coordinates></Point>
  </Placemark>
  <Placemark>
	<ExtendedData><SchemaData schemaUrl="#ponto_de_drenagem_serido">
		<SimpleData name="IDPONTO">36175</SimpleData>
		<SimpleData name="COCURSODAG">756254</SimpleData>
		<SimpleData name="DSPONTO">Fim do Curso D´água</SimpleData>
	</SchemaData></ExtendedData>
      <Point><coordinates>-37.0126358127519,-6.48257605470959</coordinates></Point>
  </Placemark>
  <Placemark>
	<ExtendedData><SchemaData schemaUrl="#ponto_de_drenagem_serido">
		<SimpleData name="IDPONTO">40618</SimpleData>
		<SimpleData name="COCURSODAG">7562256</SimpleData>
		<SimpleData name="DSPONTO">Fim do Curso D´água</SimpleData>
	</SchemaData></ExtendedData>
      <Point><coordinates>-37.2105895710968,-6.67753385141393</coordinates></Point>
  </Placemark>
  <Placemark>
	<ExtendedData><SchemaData schemaUrl="#ponto_de_drenagem_serido">
		<SimpleData name="IDPONTO">57117</SimpleData>
		<SimpleData name="COCURSODAG">7562442</SimpleData>
		<SimpleData name="DSPONTO">Fim do Curso D´água</SimpleData>
	</SchemaData></ExtendedData>
      <Point><coordinates>-36.919877431849,-6.57674396831683</coordinates></Point>
  </Placemark>
  <Placemark>
	<ExtendedData><SchemaData schemaUrl="#ponto_de_drenagem_serido">
		<SimpleData name="IDPONTO">57118</SimpleData>
		<SimpleData name="COCURSODAG">756244</SimpleData>
		<SimpleData name="DSPONTO">Fim do Curso D´água</SimpleData>
	</SchemaData></ExtendedData>
      <Point><coordinates>-36.9374208498394,-6.56456108446251</coordinates></Point>
  </Placemark>
  <Placemark>
	<ExtendedData><SchemaData schemaUrl="#ponto_de_drenagem_serido">
		<SimpleData name="IDPONTO">58126</SimpleData>
		<SimpleData name="COCURSODAG">756252</SimpleData>
		<SimpleData name="DSPONTO">Início do Curso D´água</SimpleData>
	</SchemaData></ExtendedData>
      <Point><coordinates>-37.013494094186,-6.42488016506613</coordinates></Point>
  </Placemark>
  <Placemark>
	<ExtendedData><SchemaData schemaUrl="#ponto_de_drenagem_serido">
		<SimpleData name="IDPONTO">58127</SimpleData>
		<SimpleData name="COCURSODAG">756252</SimpleData>
		<SimpleData name="DSPONTO">Fim do Curso D´água</SimpleData>
	</SchemaData></ExtendedData>
      <Point><coordinates>-37.0462093627369,-6.46834877127271</coordinates></Point>
  </Placemark>
  <Placemark>
	<ExtendedData><SchemaData schemaUrl="#ponto_de_drenagem_serido">
		<SimpleData name="IDPONTO">60816</SimpleData>
		<SimpleData name="COCURSODAG">75632</SimpleData>
		<SimpleData name="DSPONTO">Fim do Curso D´água</SimpleData>
	</SchemaData></ExtendedData>
      <Point><coordinates>-37.2093460084343,-6.22004598310097</coordinates></Point>
  </Placemark>
  <Placemark>
	<ExtendedData><SchemaData schemaUrl="#ponto_de_drenagem_serido">
		<SimpleData name="IDPONTO">72299</SimpleData>
		<SimpleData name="COCURSODAG">75624</SimpleData>
		<SimpleData name="DSPONTO">Fim do Curso D´água</SimpleData>
	</SchemaData></ExtendedData>
      <Point><coordinates>-37.1120170361373,-6.44837860260247</coordinates></Point>
  </Placemark>
  <Placemark>
	<ExtendedData><SchemaData schemaUrl="#ponto_de_drenagem_serido">
		<SimpleData name="IDPONTO">73433</SimpleData>
		<SimpleData name="COCURSODAG">7562242</SimpleData>
		<SimpleData name="DSPONTO">Fim do Curso D´água</SimpleData>
	</SchemaData></ExtendedData>
      <Point><coordinates>-37.1002604803624,-6.68327888779414</coordinates></Point>
  </Placemark>
  <Placemark>
	<ExtendedData><SchemaData schemaUrl="#ponto_de_drenagem_serido">
		<SimpleData name="IDPONTO">77568</SimpleData>
		<SimpleData name="COCURSODAG">7562482</SimpleData>
		<SimpleData name="DSPONTO">Fim do Curso D´água</SimpleData>
	</SchemaData></ExtendedData>
      <Point><coordinates>-36.9062584914568,-6.68105294470656</coordinates></Point>
  </Placemark>
  <Placemark>
	<ExtendedData><SchemaData schemaUrl="#ponto_de_drenagem_serido">
		<SimpleData name="IDPONTO">81370</SimpleData>
		<SimpleData name="COCURSODAG">75622</SimpleData>
		<SimpleData name="DSPONTO">Fim do Curso D´água</SimpleData>
	</SchemaData></ExtendedData>
      <Point><coordinates>-37.1434161577634,-6.42071835474671</coordinates></Point>
  </Placemark>
  <Placemark>
	<ExtendedData><SchemaData schemaUrl="#ponto_de_drenagem_serido">
		<SimpleData name="IDPONTO">95194</SimpleData>
		<SimpleData name="COCURSODAG">7561984</SimpleData>
		<SimpleData name="DSPONTO">Fim do Curso D´água</SimpleData>
	</SchemaData></ExtendedData>
      <Point><coordinates>-36.9912160324386,-6.22978951774347</coordinates></Point>
  </Placemark>
  <Placemark>
	<ExtendedData><SchemaData schemaUrl="#ponto_de_drenagem_serido">
		<SimpleData name="IDPONTO">97554</SimpleData>
		<SimpleData name="COCURSODAG">7562222</SimpleData>
		<SimpleData name="DSPONTO">Início do Curso D´água</SimpleData>
	</SchemaData></ExtendedData>
      <Point><coordinates>-37.1175716478176,-6.60360675166758</coordinates></Point>
  </Placemark>
  <Placemark>
	<ExtendedData><SchemaData schemaUrl="#ponto_de_drenagem_serido">
		<SimpleData name="IDPONTO">97555</SimpleData>
		<SimpleData name="COCURSODAG">7562222</SimpleData>
		<SimpleData name="DSPONTO">Fim do Curso D´água</SimpleData>
	</SchemaData></ExtendedData>
      <Point><coordinates>-37.1396284018765,-6.50579502175315</coordinates></Point>
  </Placemark>
  <Placemark>
	<ExtendedData><SchemaData schemaUrl="#ponto_de_drenagem_serido">
		<SimpleData name="IDPONTO">100115</SimpleData>
		<SimpleData name="COCURSODAG">7562254</SimpleData>
		<SimpleData name="DSPONTO">Fim do Curso D´água</SimpleData>
	</SchemaData></ExtendedData>
      <Point><coordinates>-37.2043756027019,-6.64924143927798</coordinates></Point>
  </Placemark>
  <Placemark>
	<ExtendedData><SchemaData schemaUrl="#ponto_de_drenagem_serido">
		<SimpleData name="IDPONTO">103651</SimpleData>
		<SimpleData name="COCURSODAG">756218</SimpleData>
		<SimpleData name="DSPONTO">Fim do Curso D´água</SimpleData>
	</SchemaData></ExtendedData>
      <Point><coordinates>-37.1621463308409,-6.39704604305459</coordinates></Point>
  </Placemark>
  <Placemark>
	<ExtendedData><SchemaData schemaUrl="#ponto_de_drenagem_serido">
		<SimpleData name="IDPONTO">103652</SimpleData>
		<SimpleData name="COCURSODAG">756216</SimpleData>
		<SimpleData name="DSPONTO">Fim do Curso D´água</SimpleData>
	</SchemaData></ExtendedData>
      <Point><coordinates>-37.1840736635495,-6.37570028505295</coordinates></Point>
  </Placemark>
  <Placemark>
	<ExtendedData><SchemaData schemaUrl="#ponto_de_drenagem_serido">
		<SimpleData name="IDPONTO">107372</SimpleData>
		<SimpleData name="COCURSODAG">756262</SimpleData>
		<SimpleData name="DSPONTO">Início do Curso D´água</SimpleData>
	</SchemaData></ExtendedData>
      <Point><coordinates>-36.8825425534298,-6.31057674151273</coordinates></Point>
  </Placemark>
  <Placemark>
	<ExtendedData><SchemaData schemaUrl="#ponto_de_drenagem_serido">
		<SimpleData name="IDPONTO">108825</SimpleData>
		<SimpleData name="COCURSODAG">7562434</SimpleData>
		<SimpleData name="DSPONTO">Fim do Curso D´água</SimpleData>
	</SchemaData></ExtendedData>
      <Point><coordinates>-36.9499676162853,-6.56339163567579</coordinates></Point>
  </Placemark>
  <Placemark>
	<ExtendedData><SchemaData schemaUrl="#ponto_de_drenagem_serido">
		<SimpleData name="IDPONTO">109503</SimpleData>
		<SimpleData name="COCURSODAG">756248</SimpleData>
		<SimpleData name="DSPONTO">Fim do Curso D´água</SimpleData>
	</SchemaData></ExtendedData>
      <Point><coordinates>-36.9296125162629,-6.64229050929314</coordinates></Point>
  </Placemark>
  <Placemark>
	<ExtendedData><SchemaData schemaUrl="#ponto_de_drenagem_serido">
		<SimpleData name="IDPONTO">111371</SimpleData>
		<SimpleData name="COCURSODAG">756214</SimpleData>
		<SimpleData name="DSPONTO">Fim do Curso D´água</SimpleData>
	</SchemaData></ExtendedData>
      <Point><coordinates>-37.1786491547023,-6.34922961715661</coordinates></Point>
  </Placemark>
  <Placemark>
	<ExtendedData><SchemaData schemaUrl="#ponto_de_drenagem_serido">
		<SimpleData name="IDPONTO">112461</SimpleData>
		<SimpleData name="COCURSODAG">75626</SimpleData>
		<SimpleData name="DSPONTO">Fim do Curso D´água</SimpleData>
	</SchemaData></ExtendedData>
      <Point><coordinates>-36.9340257813202,-6.50839517207566</coordinates></Point>
  </Placemark>
  <Placemark>
	<ExtendedData><SchemaData schemaUrl="#ponto_de_drenagem_serido">
		<SimpleData name="IDPONTO">113736</SimpleData>
		<SimpleData name="COCURSODAG">7562422</SimpleData>
		<SimpleData name="DSPONTO">Fim do Curso D´água</SimpleData>
	</SchemaData></ExtendedData>
      <Point><coordinates>-37.0325832066485,-6.55549875168767</coordinates></Point>
  </Placemark>
  <Placemark>
	<ExtendedData><SchemaData schemaUrl="#ponto_de_drenagem_serido">
		<SimpleData name="IDPONTO">114456</SimpleData>
		<SimpleData name="COCURSODAG">75621842</SimpleData>
		<SimpleData name="DSPONTO">Fim do Curso D´água</SimpleData>
	</SchemaData></ExtendedData>
      <Point><coordinates>-37.0791568077111,-6.42322732239932</coordinates></Point>
  </Placemark>
  <Placemark>
	<ExtendedData><SchemaData schemaUrl="#ponto_de_drenagem_serido">
		<SimpleData name="IDPONTO">114457</SimpleData>
		<SimpleData name="COCURSODAG">7562184</SimpleData>
		<SimpleData name="DSPONTO">Fim do Curso D´água</SimpleData>
	</SchemaData></ExtendedData>
      <Point><coordinates>-37.1021636201024,-6.40995947381545</coordinates></Point>
  </Placemark>
  <Placemark>
	<ExtendedData><SchemaData schemaUrl="#ponto_de_drenagem_serido">
		<SimpleData name="IDPONTO">114872</SimpleData>
		<SimpleData name="COCURSODAG">7562112</SimpleData>
		<SimpleData name="DSPONTO">Início do Curso D´água</SimpleData>
	</SchemaData></ExtendedData>
      <Point><coordinates>-37.1114980462212,-6.27186140262179</coordinates></Point>
  </Placemark>
  <Placemark>
	<ExtendedData><SchemaData schemaUrl="#ponto_de_drenagem_serido">
		<SimpleData name="IDPONTO">118135</SimpleData>
		<SimpleData name="COCURSODAG">7562434</SimpleData>
		<SimpleData name="DSPONTO">Início do Curso D´água</SimpleData>
	</SchemaData></ExtendedData>
      <Point><coordinates>-36.9692206016026,-6.6096674719076</coordinates></Point>
  </Placemark>
  <Placemark>
	<ExtendedData><SchemaData schemaUrl="#ponto_de_drenagem_serido">
		<SimpleData name="IDPONTO">122286</SimpleData>
		<SimpleData name="COCURSODAG">7562</SimpleData>
		<SimpleData name="DSPONTO">Fim do Curso D´água</SimpleData>
	</SchemaData></ExtendedData>
      <Point><coordinates>-37.1683490055324,-6.20021145079641</coordinates></Point>
  </Placemark>
  <Placemark>
	<ExtendedData><SchemaData schemaUrl="#ponto_de_drenagem_serido">
		<SimpleData name="IDPONTO">122838</SimpleData>
		<SimpleData name="COCURSODAG">7562142</SimpleData>
		<SimpleData name="DSPONTO">Início do Curso D´água</SimpleData>
	</SchemaData></ExtendedData>
      <Point><coordinates>-37.065683273308,-6.29479877411627</coordinates></Point>
  </Placemark>
  <Placemark>
	<ExtendedData><SchemaData schemaUrl="#ponto_de_drenagem_serido">
		<SimpleData name="IDPONTO">123034</SimpleData>
		<SimpleData name="COCURSODAG">7561984</SimpleData>
		<SimpleData name="DSPONTO">Início do Curso D´água</SimpleData>
	</SchemaData></ExtendedData>
      <Point><coordinates>-36.9752664866312,-6.21379277827495</coordinates></Point>
  </Placemark>
  <Placemark>
	<ExtendedData><SchemaData schemaUrl="#ponto_de_drenagem_serido">
		<SimpleData name="IDPONTO">123771</SimpleData>
		<SimpleData name="COCURSODAG">75621882</SimpleData>
		<SimpleData name="DSPONTO">Fim do Curso D´água</SimpleData>
	</SchemaData></ExtendedData>
      <Point><coordinates>-36.9886066952049,-6.37358653253475</coordinates></Point>
  </Placemark>
  <Placemark>
	<ExtendedData><SchemaData schemaUrl="#ponto_de_drenagem_serido">
		<SimpleData name="IDPONTO">126819</SimpleData>
		<SimpleData name="COCURSODAG">75621882</SimpleData>
		<SimpleData name="DSPONTO">Início do Curso D´água</SimpleData>
	</SchemaData></ExtendedData>
      <Point><coordinates>-36.9701015668023,-6.3923266494501</coordinates></Point>
  </Placemark>
  <Placemark>
	<ExtendedData><SchemaData schemaUrl="#ponto_de_drenagem_serido">
		<SimpleData name="IDPONTO">131426</SimpleData>
		<SimpleData name="COCURSODAG">7562186</SimpleData>
		<SimpleData name="DSPONTO">Fim do Curso D´água</SimpleData>
	</SchemaData></ExtendedData>
      <Point><coordinates>-37.0648061265312,-6.39069544799917</coordinates></Point>
  </Placemark>
  <Placemark>
	<ExtendedData><SchemaData schemaUrl="#ponto_de_drenagem_serido">
		<SimpleData name="IDPONTO">143081</SimpleData>
		<SimpleData name="COCURSODAG">7562548</SimpleData>
		<SimpleData name="DSPONTO">Início do Curso D´água</SimpleData>
	</SchemaData></ExtendedData>
      <Point><coordinates>-36.8915181806137,-6.37730435355278</coordinates></Point>
  </Placemark>
  <Placemark>
	<ExtendedData><SchemaData schemaUrl="#ponto_de_drenagem_serido">
		<SimpleData name="IDPONTO">143082</SimpleData>
		<SimpleData name="COCURSODAG">7562548</SimpleData>
		<SimpleData name="DSPONTO">Fim do Curso D´água</SimpleData>
	</SchemaData></ExtendedData>
      <Point><coordinates>-36.9155894671584,-6.40458345841111</coordinates></Point>
  </Placemark>
  <Placemark>
	<ExtendedData><SchemaData schemaUrl="#ponto_de_drenagem_serido">
		<SimpleData name="IDPONTO">150495</SimpleData>
		<SimpleData name="COCURSODAG">7562542</SimpleData>
		<SimpleData name="DSPONTO">Início do Curso D´água</SimpleData>
	</SchemaData></ExtendedData>
      <Point><coordinates>-37.0012640036321,-6.4337252162595</coordinates></Point>
  </Placemark>
  <Placemark>
	<ExtendedData><SchemaData schemaUrl="#ponto_de_drenagem_serido">
		<SimpleData name="IDPONTO">150966</SimpleData>
		<SimpleData name="COCURSODAG">7562188</SimpleData>
		<SimpleData name="DSPONTO">Início do Curso D´água</SimpleData>
	</SchemaData></ExtendedData>
      <Point><coordinates>-36.941765758947,-6.33014741081162</coordinates></Point>
  </Placemark>
  <Placemark>
	<ExtendedData><SchemaData schemaUrl="#ponto_de_drenagem_serido">
		<SimpleData name="IDPONTO">150967</SimpleData>
		<SimpleData name="COCURSODAG">75621884</SimpleData>
		<SimpleData name="DSPONTO">Fim do Curso D´água</SimpleData>
	</SchemaData></ExtendedData>
      <Point><coordinates>-36.9479269066815,-6.36827982309949</coordinates></Point>
  </Placemark>
  <Placemark>
	<ExtendedData><SchemaData schemaUrl="#ponto_de_drenagem_serido">
		<SimpleData name="IDPONTO">156314</SimpleData>
		<SimpleData name="COCURSODAG">7562686</SimpleData>
		<SimpleData name="DSPONTO">Início do Curso D´água</SimpleData>
	</SchemaData></ExtendedData>
      <Point><coordinates>-36.9149099370685,-6.2587330890486</coordinates></Point>
  </Placemark>
  <Placemark>
	<ExtendedData><SchemaData schemaUrl="#ponto_de_drenagem_serido">
		<SimpleData name="IDPONTO">157857</SimpleData>
		<SimpleData name="COCURSODAG">7562236</SimpleData>
		<SimpleData name="DSPONTO">Fim do Curso D´água</SimpleData>
	</SchemaData></ExtendedData>
      <Point><coordinates>-37.19063877942,-6.53031680219328</coordinates></Point>
  </Placemark>
  <Placemark>
	<ExtendedData><SchemaData schemaUrl="#ponto_de_drenagem_serido">
		<SimpleData name="IDPONTO">165064</SimpleData>
		<SimpleData name="COCURSODAG">75621896</SimpleData>
		<SimpleData name="DSPONTO">Fim do Curso D´água</SimpleData>
	</SchemaData></ExtendedData>
      <Point><coordinates>-36.9836704703625,-6.30073992688243</coordinates></Point>
  </Placemark>
  <Placemark>
	<ExtendedData><SchemaData schemaUrl="#ponto_de_drenagem_serido">
		<SimpleData name="IDPONTO">165065</SimpleData>
		<SimpleData name="COCURSODAG">75621894</SimpleData>
		<SimpleData name="DSPONTO">Fim do Curso D´água</SimpleData>
	</SchemaData></ExtendedData>
      <Point><coordinates>-37.0153557333544,-6.32944903650889</coordinates></Point>
  </Placemark>
  <Placemark>
	<ExtendedData><SchemaData schemaUrl="#ponto_de_drenagem_serido">
		<SimpleData name="IDPONTO">168151</SimpleData>
		<SimpleData name="COCURSODAG">7562672</SimpleData>
		<SimpleData name="DSPONTO">Início do Curso D´água</SimpleData>
	</SchemaData></ExtendedData>
      <Point><coordinates>-36.8856703153342,-6.29134550186812</coordinates></Point>
  </Placemark>
  <Placemark>
	<ExtendedData><SchemaData schemaUrl="#ponto_de_drenagem_serido">
		<SimpleData name="IDPONTO">172910</SimpleData>
		<SimpleData name="COCURSODAG">75622362</SimpleData>
		<SimpleData name="DSPONTO">Fim do Curso D´água</SimpleData>
	</SchemaData></ExtendedData>
      <Point><coordinates>-37.1950449761807,-6.55591308548334</coordinates></Point>
  </Placemark>
  <Placemark>
	<ExtendedData><SchemaData schemaUrl="#ponto_de_drenagem_serido">
		<SimpleData name="IDPONTO">174241</SimpleData>
		<SimpleData name="COCURSODAG">756256</SimpleData>
		<SimpleData name="DSPONTO">Início do Curso D´água</SimpleData>
	</SchemaData></ExtendedData>
      <Point><coordinates>-36.9569865233681,-6.46618712332021</coordinates></Point>
  </Placemark>
  <Placemark>
	<ExtendedData><SchemaData schemaUrl="#ponto_de_drenagem_serido">
		<SimpleData name="IDPONTO">177138</SimpleData>
		<SimpleData name="COCURSODAG">7562234</SimpleData>
		<SimpleData name="DSPONTO">Início do Curso D´água</SimpleData>
	</SchemaData></ExtendedData>
      <Point><coordinates>-37.2229262252076,-6.521243947193</coordinates></Point>
  </Placemark>
  <Placemark>
	<ExtendedData><SchemaData schemaUrl="#ponto_de_drenagem_serido">
		<SimpleData name="IDPONTO">177139</SimpleData>
		<SimpleData name="COCURSODAG">7562234</SimpleData>
		<SimpleData name="DSPONTO">Fim do Curso D´água</SimpleData>
	</SchemaData></ExtendedData>
      <Point><coordinates>-37.1753836656863,-6.49553946236858</coordinates></Point>
  </Placemark>
  <Placemark>
	<ExtendedData><SchemaData schemaUrl="#ponto_de_drenagem_serido">
		<SimpleData name="IDPONTO">186761</SimpleData>
		<SimpleData name="COCURSODAG">7562182</SimpleData>
		<SimpleData name="DSPONTO">Fim do Curso D´água</SimpleData>
	</SchemaData></ExtendedData>
      <Point><coordinates>-37.1267760225626,-6.40776779153751</coordinates></Point>
  </Placemark>
  <Placemark>
	<ExtendedData><SchemaData schemaUrl="#ponto_de_drenagem_serido">
		<SimpleData name="IDPONTO">191086</SimpleData>
		<SimpleData name="COCURSODAG">756218</SimpleData>
		<SimpleData name="DSPONTO">Início do Curso D´água</SimpleData>
	</SchemaData></ExtendedData>
      <Point><coordinates>-36.9269000123163,-6.21633724994384</coordinates></Point>
  </Placemark>
  <Placemark>
	<ExtendedData><SchemaData schemaUrl="#ponto_de_drenagem_serido">
		<SimpleData name="IDPONTO">192774</SimpleData>
		<SimpleData name="COCURSODAG">7562614</SimpleData>
		<SimpleData name="DSPONTO">Fim do Curso D´água</SimpleData>
	</SchemaData></ExtendedData>
      <Point><coordinates>-36.8639796943077,-6.44339315221819</coordinates></Point>
  </Placemark>
  <Placemark>
	<ExtendedData><SchemaData schemaUrl="#ponto_de_drenagem_serido">
		<SimpleData name="IDPONTO">192775</SimpleData>
		<SimpleData name="COCURSODAG">7562612</SimpleData>
		<SimpleData name="DSPONTO">Fim do Curso D´água</SimpleData>
	</SchemaData></ExtendedData>
      <Point><coordinates>-36.8992393886843,-6.47116437502086</coordinates></Point>
  </Placemark>
  <Placemark>
	<ExtendedData><SchemaData schemaUrl="#ponto_de_drenagem_serido">
		<SimpleData name="IDPONTO">193222</SimpleData>
		<SimpleData name="COCURSODAG">7562232</SimpleData>
		<SimpleData name="DSPONTO">Início do Curso D´água</SimpleData>
	</SchemaData></ExtendedData>
      <Point><coordinates>-37.2078199981403,-6.46330971564342</coordinates></Point>
  </Placemark>
  <Placemark>
	<ExtendedData><SchemaData schemaUrl="#ponto_de_drenagem_serido">
		<SimpleData name="IDPONTO">193290</SimpleData>
		<SimpleData name="COCURSODAG">75621894</SimpleData>
		<SimpleData name="DSPONTO">Início do Curso D´água</SimpleData>
	</SchemaData></ExtendedData>
      <Point><coordinates>-37.0339947508251,-6.3206706260206</coordinates></Point>
  </Placemark>
  <Placemark>
	<ExtendedData><SchemaData schemaUrl="#ponto_de_drenagem_serido">
		<SimpleData name="IDPONTO">196576</SimpleData>
		<SimpleData name="COCURSODAG">756242</SimpleData>
		<SimpleData name="DSPONTO">Início do Curso D´água</SimpleData>
	</SchemaData></ExtendedData>
      <Point><coordinates>-37.0076041719274,-6.67495780632857</coordinates></Point>
  </Placemark>
  <Placemark>
	<ExtendedData><SchemaData schemaUrl="#ponto_de_drenagem_serido">
		<SimpleData name="IDPONTO">196597</SimpleData>
		<SimpleData name="COCURSODAG">756254</SimpleData>
		<SimpleData name="DSPONTO">Início do Curso D´água</SimpleData>
	</SchemaData></ExtendedData>
      <Point><coordinates>-36.884685880298,-6.35302646314486</coordinates></Point>
  </Placemark>
  <Placemark>
	<ExtendedData><SchemaData schemaUrl="#ponto_de_drenagem_serido">
		<SimpleData name="IDPONTO">202113</SimpleData>
		<SimpleData name="COCURSODAG">75621842</SimpleData>
		<SimpleData name="DSPONTO">Início do Curso D´água</SimpleData>
	</SchemaData></ExtendedData>
      <Point><coordinates>-37.0396404175165,-6.43703911625756</coordinates></Point>
  </Placemark>
  <Placemark>
	<ExtendedData><SchemaData schemaUrl="#ponto_de_drenagem_serido">
		<SimpleData name="IDPONTO">204298</SimpleData>
		<SimpleData name="COCURSODAG">756222</SimpleData>
		<SimpleData name="DSPONTO">Início do Curso D´água</SimpleData>
	</SchemaData></ExtendedData>
      <Point><coordinates>-37.0904375817589,-6.67445445064526</coordinates></Point>
  </Placemark>
  <Placemark>
	<ExtendedData><SchemaData schemaUrl="#ponto_de_drenagem_serido">
		<SimpleData name="IDPONTO">205126</SimpleData>
		<SimpleData name="COCURSODAG">7562422</SimpleData>
		<SimpleData name="DSPONTO">Início do Curso D´água</SimpleData>
	</SchemaData></ExtendedData>
      <Point><coordinates>-36.9811762408756,-6.62844144902001</coordinates></Point>
  </Placemark>
  <Placemark>
	<ExtendedData><SchemaData schemaUrl="#ponto_de_drenagem_serido">
		<SimpleData name="IDPONTO">211887</SimpleData>
		<SimpleData name="COCURSODAG">7562184</SimpleData>
		<SimpleData name="DSPONTO">Início do Curso D´água</SimpleData>
	</SchemaData></ExtendedData>
      <Point><coordinates>-37.0204024466308,-6.40896672230041</coordinates></Point>
  </Placemark>
  <Placemark>
	<ExtendedData><SchemaData schemaUrl="#ponto_de_drenagem_serido">
		<SimpleData name="IDPONTO">216410</SimpleData>
		<SimpleData name="COCURSODAG">7561982</SimpleData>
		<SimpleData name="DSPONTO">Início do Curso D´água</SimpleData>
	</SchemaData></ExtendedData>
      <Point><coordinates>-37.0385075482727,-6.30913608030104</coordinates></Point>
  </Placemark>
  <Placemark>
	<ExtendedData><SchemaData schemaUrl="#ponto_de_drenagem_serido">
		<SimpleData name="IDPONTO">216411</SimpleData>
		<SimpleData name="COCURSODAG">7561982</SimpleData>
		<SimpleData name="DSPONTO">Fim do Curso D´água</SimpleData>
	</SchemaData></ExtendedData>
      <Point><coordinates>-37.0464953701526,-6.25379130061747</coordinates></Point>
  </Placemark>
  <Placemark>
	<ExtendedData><SchemaData schemaUrl="#ponto_de_drenagem_serido">
		<SimpleData name="IDPONTO">218451</SimpleData>
		<SimpleData name="COCURSODAG">7562432</SimpleData>
		<SimpleData name="DSPONTO">Início do Curso D´água</SimpleData>
	</SchemaData></ExtendedData>
      <Point><coordinates>-36.9817367613415,-6.60341129677119</coordinates></Point>
  </Placemark>
  <Placemark>
	<ExtendedData><SchemaData schemaUrl="#ponto_de_drenagem_serido">
		<SimpleData name="IDPONTO">218452</SimpleData>
		<SimpleData name="COCURSODAG">7562432</SimpleData>
		<SimpleData name="DSPONTO">Fim do Curso D´água</SimpleData>
	</SchemaData></ExtendedData>
      <Point><coordinates>-37.0150469619701,-6.53176135392768</coordinates></Point>
  </Placemark>
  <Placemark>
	<ExtendedData><SchemaData schemaUrl="#ponto_de_drenagem_serido">
		<SimpleData name="IDPONTO">219080</SimpleData>
		<SimpleData name="COCURSODAG">75621892</SimpleData>
		<SimpleData name="DSPONTO">Início do Curso D´água</SimpleData>
	</SchemaData></ExtendedData>
      <Point><coordinates>-36.981652741571,-6.35180418740212</coordinates></Point>
  </Placemark>
  <Placemark>
	<ExtendedData><SchemaData schemaUrl="#ponto_de_drenagem_serido">
		<SimpleData name="IDPONTO">219378</SimpleData>
		<SimpleData name="COCURSODAG">7562186</SimpleData>
		<SimpleData name="DSPONTO">Início do Curso D´água</SimpleData>
	</SchemaData></ExtendedData>
      <Point><coordinates>-37.0309047583242,-6.33740462354803</coordinates></Point>
  </Placemark>
  <Placemark>
	<ExtendedData><SchemaData schemaUrl="#ponto_de_drenagem_serido">
		<SimpleData name="IDPONTO">219945</SimpleData>
		<SimpleData name="COCURSODAG">75621896</SimpleData>
		<SimpleData name="DSPONTO">Início do Curso D´água</SimpleData>
	</SchemaData></ExtendedData>
      <Point><coordinates>-36.9221050278695,-6.30206662266073</coordinates></Point>
  </Placemark>
  <Placemark>
	<ExtendedData><SchemaData schemaUrl="#ponto_de_drenagem_serido">
		<SimpleData name="IDPONTO">223164</SimpleData>
		<SimpleData name="COCURSODAG">7562442</SimpleData>
		<SimpleData name="DSPONTO">Início do Curso D´água</SimpleData>
	</SchemaData></ExtendedData>
      <Point><coordinates>-36.8864182404681,-6.56887838000879</coordinates></Point>
  </Placemark>
  <Placemark>
	<ExtendedData><SchemaData schemaUrl="#ponto_de_drenagem_serido">
		<SimpleData name="IDPONTO">223687</SimpleData>
		<SimpleData name="COCURSODAG">756212</SimpleData>
		<SimpleData name="DSPONTO">Início do Curso D´água</SimpleData>
	</SchemaData></ExtendedData>
      <Point><coordinates>-37.1062107773472,-6.28785484166845</coordinates></Point>
  </Placemark>
  <Placemark>
	<ExtendedData><SchemaData schemaUrl="#ponto_de_drenagem_serido">
		<SimpleData name="IDPONTO">227041</SimpleData>
		<SimpleData name="COCURSODAG">7562182</SimpleData>
		<SimpleData name="DSPONTO">Início do Curso D´água</SimpleData>
	</SchemaData></ExtendedData>
      <Point><coordinates>-37.0716189490312,-6.37132756358832</coordinates></Point>
  </Placemark>
  <Placemark>
	<ExtendedData><SchemaData schemaUrl="#ponto_de_drenagem_serido">
		<SimpleData name="IDPONTO">227115</SimpleData>
		<SimpleData name="COCURSODAG">7562546</SimpleData>
		<SimpleData name="DSPONTO">Fim do Curso D´água</SimpleData>
	</SchemaData></ExtendedData>
      <Point><coordinates>-36.9166306228304,-6.40543396286822</coordinates></Point>
  </Placemark>
  <Placemark>
	<ExtendedData><SchemaData schemaUrl="#ponto_de_drenagem_serido">
		<SimpleData name="IDPONTO">238310</SimpleData>
		<SimpleData name="COCURSODAG">756242</SimpleData>
		<SimpleData name="DSPONTO">Fim do Curso D´água</SimpleData>
	</SchemaData></ExtendedData>
      <Point><coordinates>-37.095251369563,-6.48106603768799</coordinates></Point>
  </Placemark>
  <Placemark>
	<ExtendedData><SchemaData schemaUrl="#ponto_de_drenagem_serido">
		<SimpleData name="IDPONTO">241097</SimpleData>
		<SimpleData name="COCURSODAG">7562684</SimpleData>
		<SimpleData name="DSPONTO">Início do Curso D´água</SimpleData>
	</SchemaData></ExtendedData>
      <Point><coordinates>-36.900620401659,-6.26171033034066</coordinates></Point>
  </Placemark>
  <Placemark>
	<ExtendedData><SchemaData schemaUrl="#ponto_de_drenagem_serido">
		<SimpleData name="IDPONTO">242308</SimpleData>
		<SimpleData name="COCURSODAG">7562612</SimpleData>
		<SimpleData name="DSPONTO">Início do Curso D´água</SimpleData>
	</SchemaData></ExtendedData>
      <Point><coordinates>-36.8645863798319,-6.48545008888211</coordinates></Point>
  </Placemark>
  <Placemark>
	<ExtendedData><SchemaData schemaUrl="#ponto_de_drenagem_serido">
		<SimpleData name="IDPONTO">243176</SimpleData>
		<SimpleData name="COCURSODAG">75621884</SimpleData>
		<SimpleData name="DSPONTO">Início do Curso D´água</SimpleData>
	</SchemaData></ExtendedData>
      <Point><coordinates>-36.9122210877328,-6.32900629847156</coordinates></Point>
  </Placemark>
  <Placemark>
	<ExtendedData><SchemaData schemaUrl="#ponto_de_drenagem_serido">
		<SimpleData name="IDPONTO">246270</SimpleData>
		<SimpleData name="COCURSODAG">7562546</SimpleData>
		<SimpleData name="DSPONTO">Início do Curso D´água</SimpleData>
	</SchemaData></ExtendedData>
      <Point><coordinates>-36.8784680919739,-6.36902436925487</coordinates></Point>
  </Placemark>
  <Placemark>
	<ExtendedData><SchemaData schemaUrl="#ponto_de_drenagem_serido">
		<SimpleData name="IDPONTO">247594</SimpleData>
		<SimpleData name="COCURSODAG">7562544</SimpleData>
		<SimpleData name="DSPONTO">Início do Curso D´água</SimpleData>
	</SchemaData></ExtendedData>
      <Point><coordinates>-36.9519513947714,-6.38446331041165</coordinates></Point>
  </Placemark>
  <Placemark>
	<ExtendedData><SchemaData schemaUrl="#ponto_de_drenagem_serido">
		<SimpleData name="IDPONTO">13801</SimpleData>
		<SimpleData name="COCURSODAG">7562636</SimpleData>
		<SimpleData name="DSPONTO">Fim do Curso D´água</SimpleData>
	</SchemaData></ExtendedData>
      <Point><coordinates>-36.7914352662805,-6.39780846003688</coordinates></Point>
  </Placemark>
  <Placemark>
	<ExtendedData><SchemaData schemaUrl="#ponto_de_drenagem_serido">
		<SimpleData name="IDPONTO">13802</SimpleData>
		<SimpleData name="COCURSODAG">7562634</SimpleData>
		<SimpleData name="DSPONTO">Fim do Curso D´água</SimpleData>
	</SchemaData></ExtendedData>
      <Point><coordinates>-36.799606375684,-6.42001473612075</coordinates></Point>
  </Placemark>
  <Placemark>
	<ExtendedData><SchemaData schemaUrl="#ponto_de_drenagem_serido">
		<SimpleData name="IDPONTO">38673</SimpleData>
		<SimpleData name="COCURSODAG">75626642</SimpleData>
		<SimpleData name="DSPONTO">Fim do Curso D´água</SimpleData>
	</SchemaData></ExtendedData>
      <Point><coordinates>-36.7814290148917,-6.31573463023623</coordinates></Point>
  </Placemark>
  <Placemark>
	<ExtendedData><SchemaData schemaUrl="#ponto_de_drenagem_serido">
		<SimpleData name="IDPONTO">38674</SimpleData>
		<SimpleData name="COCURSODAG">7562664</SimpleData>
		<SimpleData name="DSPONTO">Fim do Curso D´água</SimpleData>
	</SchemaData></ExtendedData>
      <Point><coordinates>-36.7826040651287,-6.3185757535712</coordinates></Point>
  </Placemark>
  <Placemark>
	<ExtendedData><SchemaData schemaUrl="#ponto_de_drenagem_serido">
		<SimpleData name="IDPONTO">41492</SimpleData>
		<SimpleData name="COCURSODAG">7562662</SimpleData>
		<SimpleData name="DSPONTO">Fim do Curso D´água</SimpleData>
	</SchemaData></ExtendedData>
      <Point><coordinates>-36.7806206738646,-6.33632363540869</coordinates></Point>
  </Placemark>
  <Placemark>
	<ExtendedData><SchemaData schemaUrl="#ponto_de_drenagem_serido">
		<SimpleData name="IDPONTO">41493</SimpleData>
		<SimpleData name="COCURSODAG">756266</SimpleData>
		<SimpleData name="DSPONTO">Fim do Curso D´água</SimpleData>
	</SchemaData></ExtendedData>
      <Point><coordinates>-36.791729130811,-6.37031327184815</coordinates></Point>
  </Placemark>
  <Placemark>
	<ExtendedData><SchemaData schemaUrl="#ponto_de_drenagem_serido">
		<SimpleData name="IDPONTO">48277</SimpleData>
		<SimpleData name="COCURSODAG">75626342</SimpleData>
		<SimpleData name="DSPONTO">Fim do Curso D´água</SimpleData>
	</SchemaData></ExtendedData>
      <Point><coordinates>-36.7677000831592,-6.42443200229811</coordinates></Point>
  </Placemark>
  <Placemark>
	<ExtendedData><SchemaData schemaUrl="#ponto_de_drenagem_serido">
		<SimpleData name="IDPONTO">53975</SimpleData>
		<SimpleData name="COCURSODAG">7562642</SimpleData>
		<SimpleData name="DSPONTO">Fim do Curso D´água</SimpleData>
	</SchemaData></ExtendedData>
      <Point><coordinates>-36.7747345346035,-6.37449058155792</coordinates></Point>
  </Placemark>
  <Placemark>
	<ExtendedData><SchemaData schemaUrl="#ponto_de_drenagem_serido">
		<SimpleData name="IDPONTO">99218</SimpleData>
		<SimpleData name="COCURSODAG">7562916</SimpleData>
		<SimpleData name="DSPONTO">Início do Curso D´água</SimpleData>
	</SchemaData></ExtendedData>
      <Point><coordinates>-36.7733990270136,-6.47549173822969</coordinates></Point>
  </Placemark>
  <Placemark>
	<ExtendedData><SchemaData schemaUrl="#ponto_de_drenagem_serido">
		<SimpleData name="IDPONTO">107373</SimpleData>
		<SimpleData name="COCURSODAG">7562622</SimpleData>
		<SimpleData name="DSPONTO">Fim do Curso D´água</SimpleData>
	</SchemaData></ExtendedData>
      <Point><coordinates>-36.8318677322404,-6.39208451427736</coordinates></Point>
  </Placemark>
  <Placemark>
	<ExtendedData><SchemaData schemaUrl="#ponto_de_drenagem_serido">
		<SimpleData name="IDPONTO">118550</SimpleData>
		<SimpleData name="COCURSODAG">75626362</SimpleData>
		<SimpleData name="DSPONTO">Fim do Curso D´água</SimpleData>
	</SchemaData></ExtendedData>
      <Point><coordinates>-36.7621305961801,-6.40176511943544</coordinates></Point>
  </Placemark>
  <Placemark>
	<ExtendedData><SchemaData schemaUrl="#ponto_de_drenagem_serido">
		<SimpleData name="IDPONTO">181910</SimpleData>
		<SimpleData name="COCURSODAG">7562632</SimpleData>
		<SimpleData name="DSPONTO">Início do Curso D´água</SimpleData>
	</SchemaData></ExtendedData>
      <Point><coordinates>-36.7825052107874,-6.47063280312661</coordinates></Point>
  </Placemark>
  <Placemark>
	<ExtendedData><SchemaData schemaUrl="#ponto_de_drenagem_serido">
		<SimpleData name="IDPONTO">181911</SimpleData>
		<SimpleData name="COCURSODAG">7562632</SimpleData>
		<SimpleData name="DSPONTO">Fim do Curso D´água</SimpleData>
	</SchemaData></ExtendedData>
      <Point><coordinates>-36.8208771085588,-6.43272812571864</coordinates></Point>
  </Placemark>
  <Placemark>
	<ExtendedData><SchemaData schemaUrl="#ponto_de_drenagem_serido">
		<SimpleData name="IDPONTO">185514</SimpleData>
		<SimpleData name="COCURSODAG">756264</SimpleData>
		<SimpleData name="DSPONTO">Fim do Curso D´água</SimpleData>
	</SchemaData></ExtendedData>
      <Point><coordinates>-36.7909891096952,-6.38139886396327</coordinates></Point>
  </Placemark>
  <Placemark>
	<ExtendedData><SchemaData schemaUrl="#ponto_de_drenagem_serido">
		<SimpleData name="IDPONTO">194448</SimpleData>
		<SimpleData name="COCURSODAG">756262</SimpleData>
		<SimpleData name="DSPONTO">Fim do Curso D´água</SimpleData>
	</SchemaData></ExtendedData>
      <Point><coordinates>-36.8460012324599,-6.43574866982777</coordinates></Point>
  </Placemark>
  <Placemark>
	<ExtendedData><SchemaData schemaUrl="#ponto_de_drenagem_serido">
		<SimpleData name="IDPONTO">208941</SimpleData>
		<SimpleData name="COCURSODAG">7562614</SimpleData>
		<SimpleData name="DSPONTO">Início do Curso D´água</SimpleData>
	</SchemaData></ExtendedData>
      <Point><coordinates>-36.824817751507,-6.45975939509083</coordinates></Point>
  </Placemark>
  <Placemark>
	<ExtendedData><SchemaData schemaUrl="#ponto_de_drenagem_serido">
		<SimpleData name="IDPONTO">217742</SimpleData>
		<SimpleData name="COCURSODAG">7562622</SimpleData>
		<SimpleData name="DSPONTO">Início do Curso D´água</SimpleData>
	</SchemaData></ExtendedData>
      <Point><coordinates>-36.8580667737374,-6.30792894754376</coordinates></Point>
  </Placemark>
  <Placemark>
	<ExtendedData><SchemaData schemaUrl="#ponto_de_drenagem_serido">
		<SimpleData name="IDPONTO">243232</SimpleData>
		<SimpleData name="COCURSODAG">7562662</SimpleData>
		<SimpleData name="DSPONTO">Início do Curso D´água</SimpleData>
	</SchemaData></ExtendedData>
      <Point><coordinates>-36.7566638417178,-6.32754304365764</coordinates></Point>
  </Placemark>
  <Placemark>
	<ExtendedData><SchemaData schemaUrl="#ponto_de_drenagem_serido">
		<SimpleData name="IDPONTO">4879</SimpleData>
		<SimpleData name="COCURSODAG">75622522</SimpleData>
		<SimpleData name="DSPONTO">Fim do Curso D´água</SimpleData>
	</SchemaData></ExtendedData>
      <Point><coordinates>-37.1546964091164,-6.74039481754394</coordinates></Point>
  </Placemark>
  <Placemark>
	<ExtendedData><SchemaData schemaUrl="#ponto_de_drenagem_serido">
		<SimpleData name="IDPONTO">30867</SimpleData>
		<SimpleData name="COCURSODAG">7562262</SimpleData>
		<SimpleData name="DSPONTO">Fim do Curso D´água</SimpleData>
	</SchemaData></ExtendedData>
      <Point><coordinates>-37.2019990168567,-6.77207997932562</coordinates></Point>
  </Placemark>
  <Placemark>
	<ExtendedData><SchemaData schemaUrl="#ponto_de_drenagem_serido">
		<SimpleData name="IDPONTO">40617</SimpleData>
		<SimpleData name="COCURSODAG">75622562</SimpleData>
		<SimpleData name="DSPONTO">Fim do Curso D´água</SimpleData>
	</SchemaData></ExtendedData>
      <Point><coordinates>-37.2526127044613,-6.74710927071284</coordinates></Point>
  </Placemark>
  <Placemark>
	<ExtendedData><SchemaData schemaUrl="#ponto_de_drenagem_serido">
		<SimpleData name="IDPONTO">63259</SimpleData>
		<SimpleData name="COCURSODAG">7562256</SimpleData>
		<SimpleData name="DSPONTO">Início do Curso D´água</SimpleData>
	</SchemaData></ExtendedData>
      <Point><coordinates>-37.2520669587452,-6.77947287302884</coordinates></Point>
  </Placemark>
  <Placemark>
	<ExtendedData><SchemaData schemaUrl="#ponto_de_drenagem_serido">
		<SimpleData name="IDPONTO">98489</SimpleData>
		<SimpleData name="COCURSODAG">756226</SimpleData>
		<SimpleData name="DSPONTO">Fim do Curso D´água</SimpleData>
	</SchemaData></ExtendedData>
      <Point><coordinates>-37.1858816679863,-6.74517816819585</coordinates></Point>
  </Placemark>
  <Placemark>
	<ExtendedData><SchemaData schemaUrl="#ponto_de_drenagem_serido">
		<SimpleData name="IDPONTO">204330</SimpleData>
		<SimpleData name="COCURSODAG">7562262</SimpleData>
		<SimpleData name="DSPONTO">Início do Curso D´água</SimpleData>
	</SchemaData></ExtendedData>
      <Point><coordinates>-37.2363707832858,-6.81333651522607</coordinates></Point>
  </Placemark>
  <Placemark>
	<ExtendedData><SchemaData schemaUrl="#ponto_de_drenagem_serido">
		<SimpleData name="IDPONTO">214098</SimpleData>
		<SimpleData name="COCURSODAG">75622562</SimpleData>
		<SimpleData name="DSPONTO">Início do Curso D´água</SimpleData>
	</SchemaData></ExtendedData>
      <Point><coordinates>-37.2674604474181,-6.76116357958013</coordinates></Point>
  </Placemark>
  <Placemark>
	<ExtendedData><SchemaData schemaUrl="#ponto_de_drenagem_serido">
		<SimpleData name="IDPONTO">25818</SimpleData>
		<SimpleData name="COCURSODAG">75636</SimpleData>
		<SimpleData name="DSPONTO">Fim do Curso D´água</SimpleData>
	</SchemaData></ExtendedData>
      <Point><coordinates>-37.3462870655184,-6.34779446820407</coordinates></Point>
  </Placemark>
  <Placemark>
	<ExtendedData><SchemaData schemaUrl="#ponto_de_drenagem_serido">
		<SimpleData name="IDPONTO">25819</SimpleData>
		<SimpleData name="COCURSODAG">75634</SimpleData>
		<SimpleData name="DSPONTO">Fim do Curso D´água</SimpleData>
	</SchemaData></ExtendedData>
      <Point><coordinates>-37.3196868031304,-6.32037935235574</coordinates></Point>
  </Placemark>
  <Placemark>
	<ExtendedData><SchemaData schemaUrl="#ponto_de_drenagem_serido">
		<SimpleData name="IDPONTO">27196</SimpleData>
		<SimpleData name="COCURSODAG">7563342</SimpleData>
		<SimpleData name="DSPONTO">Fim do Curso D´água</SimpleData>
	</SchemaData></ExtendedData>
      <Point><coordinates>-37.2874182342849,-6.32230106078747</coordinates></Point>
  </Placemark>
  <Placemark>
	<ExtendedData><SchemaData schemaUrl="#ponto_de_drenagem_serido">
		<SimpleData name="IDPONTO">27197</SimpleData>
		<SimpleData name="COCURSODAG">756334</SimpleData>
		<SimpleData name="DSPONTO">Fim do Curso D´água</SimpleData>
	</SchemaData></ExtendedData>
      <Point><coordinates>-37.2850532503518,-6.30515200950689</coordinates></Point>
  </Placemark>
  <Placemark>
	<ExtendedData><SchemaData schemaUrl="#ponto_de_drenagem_serido">
		<SimpleData name="IDPONTO">40826</SimpleData>
		<SimpleData name="COCURSODAG">756332</SimpleData>
		<SimpleData name="DSPONTO">Início do Curso D´água</SimpleData>
	</SchemaData></ExtendedData>
      <Point><coordinates>-37.2381240254646,-6.32843827529407</coordinates></Point>
  </Placemark>
  <Placemark>
	<ExtendedData><SchemaData schemaUrl="#ponto_de_drenagem_serido">
		<SimpleData name="IDPONTO">40827</SimpleData>
		<SimpleData name="COCURSODAG">756332</SimpleData>
		<SimpleData name="DSPONTO">Fim do Curso D´água</SimpleData>
	</SchemaData></ExtendedData>
      <Point><coordinates>-37.248675728291,-6.27794520648126</coordinates></Point>
  </Placemark>
  <Placemark>
	<ExtendedData><SchemaData schemaUrl="#ponto_de_drenagem_serido">
		<SimpleData name="IDPONTO">41804</SimpleData>
		<SimpleData name="COCURSODAG">756334</SimpleData>
		<SimpleData name="DSPONTO">Início do Curso D´água</SimpleData>
	</SchemaData></ExtendedData>
      <Point><coordinates>-37.2948988777771,-6.39805316893196</coordinates></Point>
  </Placemark>
  <Placemark>
	<ExtendedData><SchemaData schemaUrl="#ponto_de_drenagem_serido">
		<SimpleData name="IDPONTO">41805</SimpleData>
		<SimpleData name="COCURSODAG">7563344</SimpleData>
		<SimpleData name="DSPONTO">Fim do Curso D´água</SimpleData>
	</SchemaData></ExtendedData>
      <Point><coordinates>-37.2621036289555,-6.35308568485661</coordinates></Point>
  </Placemark>
  <Placemark>
	<ExtendedData><SchemaData schemaUrl="#ponto_de_drenagem_serido">
		<SimpleData name="IDPONTO">73782</SimpleData>
		<SimpleData name="COCURSODAG">7563344</SimpleData>
		<SimpleData name="DSPONTO">Início do Curso D´água</SimpleData>
	</SchemaData></ExtendedData>
      <Point><coordinates>-37.2408440383907,-6.33523110984392</coordinates></Point>
  </Placemark>
  <Placemark>
	<ExtendedData><SchemaData schemaUrl="#ponto_de_drenagem_serido">
		<SimpleData name="IDPONTO">93168</SimpleData>
		<SimpleData name="COCURSODAG">7563332</SimpleData>
		<SimpleData name="DSPONTO">Fim do Curso D´água</SimpleData>
	</SchemaData></ExtendedData>
      <Point><coordinates>-37.2507740482546,-6.28063747805926</coordinates></Point>
  </Placemark>
  <Placemark>
	<ExtendedData><SchemaData schemaUrl="#ponto_de_drenagem_serido">
		<SimpleData name="IDPONTO">106784</SimpleData>
		<SimpleData name="COCURSODAG">7563362</SimpleData>
		<SimpleData name="DSPONTO">Fim do Curso D´água</SimpleData>
	</SchemaData></ExtendedData>
      <Point><coordinates>-37.305473339525,-6.29126190835603</coordinates></Point>
  </Placemark>
  <Placemark>
	<ExtendedData><SchemaData schemaUrl="#ponto_de_drenagem_serido">
		<SimpleData name="IDPONTO">111958</SimpleData>
		<SimpleData name="COCURSODAG">756382</SimpleData>
		<SimpleData name="DSPONTO">Início do Curso D´água</SimpleData>
	</SchemaData></ExtendedData>
      <Point><coordinates>-37.3152846079797,-6.43218169819505</coordinates></Point>
  </Placemark>
  <Placemark>
	<ExtendedData><SchemaData schemaUrl="#ponto_de_drenagem_serido">
		<SimpleData name="IDPONTO">111959</SimpleData>
		<SimpleData name="COCURSODAG">756382</SimpleData>
		<SimpleData name="DSPONTO">Fim do Curso D´água</SimpleData>
	</SchemaData></ExtendedData>
      <Point><coordinates>-37.3437198355171,-6.41963991427501</coordinates></Point>
  </Placemark>
  <Placemark>
	<ExtendedData><SchemaData schemaUrl="#ponto_de_drenagem_serido">
		<SimpleData name="IDPONTO">124212</SimpleData>
		<SimpleData name="COCURSODAG">75619792</SimpleData>
		<SimpleData name="DSPONTO">Fim do Curso D´água</SimpleData>
	</SchemaData></ExtendedData>
      <Point><coordinates>-37.1363931599112,-6.16632791724456</coordinates></Point>
  </Placemark>
  <Placemark>
	<ExtendedData><SchemaData schemaUrl="#ponto_de_drenagem_serido">
		<SimpleData name="IDPONTO">139776</SimpleData>
		<SimpleData name="COCURSODAG">756384</SimpleData>
		<SimpleData name="DSPONTO">Fim do Curso D´água</SimpleData>
	</SchemaData></ExtendedData>
      <Point><coordinates>-37.335602009882,-6.43773339995031</coordinates></Point>
  </Placemark>
  <Placemark>
	<ExtendedData><SchemaData schemaUrl="#ponto_de_drenagem_serido">
		<SimpleData name="IDPONTO">143352</SimpleData>
		<SimpleData name="COCURSODAG">756372</SimpleData>
		<SimpleData name="DSPONTO">Início do Curso D´água</SimpleData>
	</SchemaData></ExtendedData>
      <Point><coordinates>-37.2760276519842,-6.42899003887824</coordinates></Point>
  </Placemark>
  <Placemark>
	<ExtendedData><SchemaData schemaUrl="#ponto_de_drenagem_serido">
		<SimpleData name="IDPONTO">143353</SimpleData>
		<SimpleData name="COCURSODAG">7563722</SimpleData>
		<SimpleData name="DSPONTO">Fim do Curso D´água</SimpleData>
	</SchemaData></ExtendedData>
      <Point><coordinates>-37.2938383739959,-6.42198387325133</coordinates></Point>
  </Placemark>
  <Placemark>
	<ExtendedData><SchemaData schemaUrl="#ponto_de_drenagem_serido">
		<SimpleData name="IDPONTO">172907</SimpleData>
		<SimpleData name="COCURSODAG">756338</SimpleData>
		<SimpleData name="DSPONTO">Início do Curso D´água</SimpleData>
	</SchemaData></ExtendedData>
      <Point><coordinates>-37.2995717046579,-6.38031085012485</coordinates></Point>
  </Placemark>
  <Placemark>
	<ExtendedData><SchemaData schemaUrl="#ponto_de_drenagem_serido">
		<SimpleData name="IDPONTO">172908</SimpleData>
		<SimpleData name="COCURSODAG">756338</SimpleData>
		<SimpleData name="DSPONTO">Fim do Curso D´água</SimpleData>
	</SchemaData></ExtendedData>
      <Point><coordinates>-37.3117406770899,-6.3114775986276</coordinates></Point>
  </Placemark>
  <Placemark>
	<ExtendedData><SchemaData schemaUrl="#ponto_de_drenagem_serido">
		<SimpleData name="IDPONTO">178002</SimpleData>
		<SimpleData name="COCURSODAG">756372</SimpleData>
		<SimpleData name="DSPONTO">Fim do Curso D´água</SimpleData>
	</SchemaData></ExtendedData>
      <Point><coordinates>-37.3576587648343,-6.37347633023598</coordinates></Point>
  </Placemark>
  <Placemark>
	<ExtendedData><SchemaData schemaUrl="#ponto_de_drenagem_serido">
		<SimpleData name="IDPONTO">186893</SimpleData>
		<SimpleData name="COCURSODAG">75638</SimpleData>
		<SimpleData name="DSPONTO">Fim do Curso D´água</SimpleData>
	</SchemaData></ExtendedData>
      <Point><coordinates>-37.35879160251,-6.40825373736371</coordinates></Point>
  </Placemark>
  <Placemark>
	<ExtendedData><SchemaData schemaUrl="#ponto_de_drenagem_serido">
		<SimpleData name="IDPONTO">194131</SimpleData>
		<SimpleData name="COCURSODAG">756362</SimpleData>
		<SimpleData name="DSPONTO">Fim do Curso D´água</SimpleData>
	</SchemaData></ExtendedData>
      <Point><coordinates>-37.3685610729627,-6.34689832302281</coordinates></Point>
  </Placemark>
  <Placemark>
	<ExtendedData><SchemaData schemaUrl="#ponto_de_drenagem_serido">
		<SimpleData name="IDPONTO">203826</SimpleData>
		<SimpleData name="COCURSODAG">7561978</SimpleData>
		<SimpleData name="DSPONTO">Fim do Curso D´água</SimpleData>
	</SchemaData></ExtendedData>
      <Point><coordinates>-37.1291680942496,-6.15636784951318</coordinates></Point>
  </Placemark>
  <Placemark>
	<ExtendedData><SchemaData schemaUrl="#ponto_de_drenagem_serido">
		<SimpleData name="IDPONTO">204976</SimpleData>
		<SimpleData name="COCURSODAG">756336</SimpleData>
		<SimpleData name="DSPONTO">Fim do Curso D´água</SimpleData>
	</SchemaData></ExtendedData>
      <Point><coordinates>-37.2878604535638,-6.30541202813707</coordinates></Point>
  </Placemark>
  <Placemark>
	<ExtendedData><SchemaData schemaUrl="#ponto_de_drenagem_serido">
		<SimpleData name="IDPONTO">213389</SimpleData>
		<SimpleData name="COCURSODAG">7563722</SimpleData>
		<SimpleData name="DSPONTO">Início do Curso D´água</SimpleData>
	</SchemaData></ExtendedData>
      <Point><coordinates>-37.2683142920168,-6.40879492262997</coordinates></Point>
  </Placemark>
  <Placemark>
	<ExtendedData><SchemaData schemaUrl="#ponto_de_drenagem_serido">
		<SimpleData name="IDPONTO">223405</SimpleData>
		<SimpleData name="COCURSODAG">756198</SimpleData>
		<SimpleData name="DSPONTO">Fim do Curso D´água</SimpleData>
	</SchemaData></ExtendedData>
      <Point><coordinates>-37.1390865809646,-6.17612903016183</coordinates></Point>
  </Placemark>
  <Placemark>
	<ExtendedData><SchemaData schemaUrl="#ponto_de_drenagem_serido">
		<SimpleData name="IDPONTO">227702</SimpleData>
		<SimpleData name="COCURSODAG">7562162</SimpleData>
		<SimpleData name="DSPONTO">Início do Curso D´água</SimpleData>
	</SchemaData></ExtendedData>
      <Point><coordinates>-37.2315667836604,-6.37628472405752</coordinates></Point>
  </Placemark>
  <Placemark>
	<ExtendedData><SchemaData schemaUrl="#ponto_de_drenagem_serido">
		<SimpleData name="IDPONTO">228157</SimpleData>
		<SimpleData name="COCURSODAG">7563342</SimpleData>
		<SimpleData name="DSPONTO">Início do Curso D´água</SimpleData>
	</SchemaData></ExtendedData>
      <Point><coordinates>-37.2867888535964,-6.36078237795238</coordinates></Point>
  </Placemark>
  <Placemark>
	<ExtendedData><SchemaData schemaUrl="#ponto_de_drenagem_serido">
		<SimpleData name="IDPONTO">7772</SimpleData>
		<SimpleData name="COCURSODAG">7562446</SimpleData>
		<SimpleData name="DSPONTO">Fim do Curso D´água</SimpleData>
	</SchemaData></ExtendedData>
      <Point><coordinates>-36.8541991480565,-6.60070530249185</coordinates></Point>
  </Placemark>
  <Placemark>
	<ExtendedData><SchemaData schemaUrl="#ponto_de_drenagem_serido">
		<SimpleData name="IDPONTO">22428</SimpleData>
		<SimpleData name="COCURSODAG">7562822</SimpleData>
		<SimpleData name="DSPONTO">Fim do Curso D´água</SimpleData>
	</SchemaData></ExtendedData>
      <Point><coordinates>-36.7447317003241,-6.5971091902379</coordinates></Point>
  </Placemark>
  <Placemark>
	<ExtendedData><SchemaData schemaUrl="#ponto_de_drenagem_serido">
		<SimpleData name="IDPONTO">35962</SimpleData>
		<SimpleData name="COCURSODAG">75628</SimpleData>
		<SimpleData name="DSPONTO">Fim do Curso D´água</SimpleData>
	</SchemaData></ExtendedData>
      <Point><coordinates>-36.8357623009786,-6.53571705140598</coordinates></Point>
  </Placemark>
  <Placemark>
	<ExtendedData><SchemaData schemaUrl="#ponto_de_drenagem_serido">
		<SimpleData name="IDPONTO">64214</SimpleData>
		<SimpleData name="COCURSODAG">7562444</SimpleData>
		<SimpleData name="DSPONTO">Início do Curso D´água</SimpleData>
	</SchemaData></ExtendedData>
      <Point><coordinates>-36.8049698976508,-6.5869985387059</coordinates></Point>
  </Placemark>
  <Placemark>
	<ExtendedData><SchemaData schemaUrl="#ponto_de_drenagem_serido">
		<SimpleData name="IDPONTO">64215</SimpleData>
		<SimpleData name="COCURSODAG">7562444</SimpleData>
		<SimpleData name="DSPONTO">Fim do Curso D´água</SimpleData>
	</SchemaData></ExtendedData>
      <Point><coordinates>-36.8561636330523,-6.59932631365621</coordinates></Point>
  </Placemark>
  <Placemark>
	<ExtendedData><SchemaData schemaUrl="#ponto_de_drenagem_serido">
		<SimpleData name="IDPONTO">94256</SimpleData>
		<SimpleData name="COCURSODAG">756284</SimpleData>
		<SimpleData name="DSPONTO">Fim do Curso D´água</SimpleData>
	</SchemaData></ExtendedData>
      <Point><coordinates>-36.6939002218763,-6.67723917112259</coordinates></Point>
  </Placemark>
  <Placemark>
	<ExtendedData><SchemaData schemaUrl="#ponto_de_drenagem_serido">
		<SimpleData name="IDPONTO">137378</SimpleData>
		<SimpleData name="COCURSODAG">7562832</SimpleData>
		<SimpleData name="DSPONTO">Fim do Curso D´água</SimpleData>
	</SchemaData></ExtendedData>
      <Point><coordinates>-36.7069242644534,-6.67733694198248</coordinates></Point>
  </Placemark>
  <Placemark>
	<ExtendedData><SchemaData schemaUrl="#ponto_de_drenagem_serido">
		<SimpleData name="IDPONTO">161242</SimpleData>
		<SimpleData name="COCURSODAG">756282</SimpleData>
		<SimpleData name="DSPONTO">Fim do Curso D´água</SimpleData>
	</SchemaData></ExtendedData>
      <Point><coordinates>-36.7760885386226,-6.57711627269787</coordinates></Point>
  </Placemark>
  <Placemark>
	<ExtendedData><SchemaData schemaUrl="#ponto_de_drenagem_serido">
		<SimpleData name="IDPONTO">181540</SimpleData>
		<SimpleData name="COCURSODAG">7562822</SimpleData>
		<SimpleData name="DSPONTO">Início do Curso D´água</SimpleData>
	</SchemaData></ExtendedData>
      <Point><coordinates>-36.688926347178,-6.65219899082708</coordinates></Point>
  </Placemark>
  <Placemark>
	<ExtendedData><SchemaData schemaUrl="#ponto_de_drenagem_serido">
		<SimpleData name="IDPONTO">204924</SimpleData>
		<SimpleData name="COCURSODAG">7562914</SimpleData>
		<SimpleData name="DSPONTO">Início do Curso D´água</SimpleData>
	</SchemaData></ExtendedData>
      <Point><coordinates>-36.6897423891987,-6.53485657414598</coordinates></Point>
  </Placemark>
  <Placemark>
	<ExtendedData><SchemaData schemaUrl="#ponto_de_drenagem_serido">
		<SimpleData name="IDPONTO">215557</SimpleData>
		<SimpleData name="COCURSODAG">7562912</SimpleData>
		<SimpleData name="DSPONTO">Fim do Curso D´água</SimpleData>
	</SchemaData></ExtendedData>
      <Point><coordinates>-36.7792663384592,-6.51746254287928</coordinates></Point>
  </Placemark>
  <Placemark>
	<ExtendedData><SchemaData schemaUrl="#ponto_de_drenagem_serido">
		<SimpleData name="IDPONTO">11105</SimpleData>
		<SimpleData name="COCURSODAG">75622542</SimpleData>
		<SimpleData name="DSPONTO">Início do Curso D´água</SimpleData>
	</SchemaData></ExtendedData>
      <Point><coordinates>-37.2379414470125,-6.70508177308914</coordinates></Point>
  </Placemark>
  <Placemark>
	<ExtendedData><SchemaData schemaUrl="#ponto_de_drenagem_serido">
		<SimpleData name="IDPONTO">101978</SimpleData>
		<SimpleData name="COCURSODAG">7564142</SimpleData>
		<SimpleData name="DSPONTO">Início do Curso D´água</SimpleData>
	</SchemaData></ExtendedData>
      <Point><coordinates>-37.2601049136009,-6.63121409182062</coordinates></Point>
  </Placemark>
  <Placemark>
	<ExtendedData><SchemaData schemaUrl="#ponto_de_drenagem_serido">
		<SimpleData name="IDPONTO">153950</SimpleData>
		<SimpleData name="COCURSODAG">75622544</SimpleData>
		<SimpleData name="DSPONTO">Fim do Curso D´água</SimpleData>
	</SchemaData></ExtendedData>
      <Point><coordinates>-37.2439420302133,-6.65938925294158</coordinates></Point>
  </Placemark>
  <Placemark>
	<ExtendedData><SchemaData schemaUrl="#ponto_de_drenagem_serido">
		<SimpleData name="IDPONTO">194628</SimpleData>
		<SimpleData name="COCURSODAG">7562254</SimpleData>
		<SimpleData name="DSPONTO">Início do Curso D´água</SimpleData>
	</SchemaData></ExtendedData>
      <Point><coordinates>-37.2893107021625,-6.70910900094281</coordinates></Point>
  </Placemark>
  <Placemark>
	<ExtendedData><SchemaData schemaUrl="#ponto_de_drenagem_serido">
		<SimpleData name="IDPONTO">215127</SimpleData>
		<SimpleData name="COCURSODAG">75622544</SimpleData>
		<SimpleData name="DSPONTO">Início do Curso D´água</SimpleData>
	</SchemaData></ExtendedData>
      <Point><coordinates>-37.2885473542508,-6.67662879786282</coordinates></Point>
  </Placemark>
  <Placemark>
	<ExtendedData><SchemaData schemaUrl="#ponto_de_drenagem_serido">
		<SimpleData name="IDPONTO">42003</SimpleData>
		<SimpleData name="COCURSODAG">756272</SimpleData>
		<SimpleData name="DSPONTO">Início do Curso D´água</SimpleData>
	</SchemaData></ExtendedData>
      <Point><coordinates>-36.8163032674866,-6.49552517554859</coordinates></Point>
  </Placemark>
  <Placemark>
	<ExtendedData><SchemaData schemaUrl="#ponto_de_drenagem_serido">
		<SimpleData name="IDPONTO">9398</SimpleData>
		<SimpleData name="COCURSODAG">75642</SimpleData>
		<SimpleData name="DSPONTO">Fim do Curso D´água</SimpleData>
	</SchemaData></ExtendedData>
      <Point><coordinates>-37.3873108575418,-6.68151539629906</coordinates></Point>
  </Placemark>
  <Placemark>
	<ExtendedData><SchemaData schemaUrl="#ponto_de_drenagem_serido">
		<SimpleData name="IDPONTO">17881</SimpleData>
		<SimpleData name="COCURSODAG">7564182</SimpleData>
		<SimpleData name="DSPONTO">Fim do Curso D´água</SimpleData>
	</SchemaData></ExtendedData>
      <Point><coordinates>-37.4261750107437,-6.67737983091532</coordinates></Point>
  </Placemark>
  <Placemark>
	<ExtendedData><SchemaData schemaUrl="#ponto_de_drenagem_serido">
		<SimpleData name="IDPONTO">17882</SimpleData>
		<SimpleData name="COCURSODAG">756418</SimpleData>
		<SimpleData name="DSPONTO">Fim do Curso D´água</SimpleData>
	</SchemaData></ExtendedData>
      <Point><coordinates>-37.3890503219406,-6.66899480321367</coordinates></Point>
  </Placemark>
  <Placemark>
	<ExtendedData><SchemaData schemaUrl="#ponto_de_drenagem_serido">
		<SimpleData name="IDPONTO">40843</SimpleData>
		<SimpleData name="COCURSODAG">756414</SimpleData>
		<SimpleData name="DSPONTO">Fim do Curso D´água</SimpleData>
	</SchemaData></ExtendedData>
      <Point><coordinates>-37.3630678017579,-6.5718646988211</coordinates></Point>
  </Placemark>
  <Placemark>
	<ExtendedData><SchemaData schemaUrl="#ponto_de_drenagem_serido">
		<SimpleData name="IDPONTO">40844</SimpleData>
		<SimpleData name="COCURSODAG">756412</SimpleData>
		<SimpleData name="DSPONTO">Fim do Curso D´água</SimpleData>
	</SchemaData></ExtendedData>
      <Point><coordinates>-37.3644677952835,-6.54746460871181</coordinates></Point>
  </Placemark>
  <Placemark>
	<ExtendedData><SchemaData schemaUrl="#ponto_de_drenagem_serido">
		<SimpleData name="IDPONTO">54185</SimpleData>
		<SimpleData name="COCURSODAG">756418</SimpleData>
		<SimpleData name="DSPONTO">Início do Curso D´água</SimpleData>
	</SchemaData></ExtendedData>
      <Point><coordinates>-37.4568608084585,-6.68477929993793</coordinates></Point>
  </Placemark>
  <Placemark>
	<ExtendedData><SchemaData schemaUrl="#ponto_de_drenagem_serido">
		<SimpleData name="IDPONTO">59463</SimpleData>
		<SimpleData name="COCURSODAG">756416</SimpleData>
		<SimpleData name="DSPONTO">Fim do Curso D´água</SimpleData>
	</SchemaData></ExtendedData>
      <Point><coordinates>-37.3682445832686,-6.5906259583546</coordinates></Point>
  </Placemark>
  <Placemark>
	<ExtendedData><SchemaData schemaUrl="#ponto_de_drenagem_serido">
		<SimpleData name="IDPONTO">78318</SimpleData>
		<SimpleData name="COCURSODAG">756388</SimpleData>
		<SimpleData name="DSPONTO">Fim do Curso D´água</SimpleData>
	</SchemaData></ExtendedData>
      <Point><coordinates>-37.2780532836095,-6.46706691989344</coordinates></Point>
  </Placemark>
  <Placemark>
	<ExtendedData><SchemaData schemaUrl="#ponto_de_drenagem_serido">
		<SimpleData name="IDPONTO">78319</SimpleData>
		<SimpleData name="COCURSODAG">756386</SimpleData>
		<SimpleData name="DSPONTO">Fim do Curso D´água</SimpleData>
	</SchemaData></ExtendedData>
      <Point><coordinates>-37.2972256090683,-6.45680299189394</coordinates></Point>
  </Placemark>
  <Placemark>
	<ExtendedData><SchemaData schemaUrl="#ponto_de_drenagem_serido">
		<SimpleData name="IDPONTO">80796</SimpleData>
		<SimpleData name="COCURSODAG">7565132</SimpleData>
		<SimpleData name="DSPONTO">Início do Curso D´água</SimpleData>
	</SchemaData></ExtendedData>
      <Point><coordinates>-37.4120798596401,-6.5444895694656</coordinates></Point>
  </Placemark>
  <Placemark>
	<ExtendedData><SchemaData schemaUrl="#ponto_de_drenagem_serido">
		<SimpleData name="IDPONTO">91976</SimpleData>
		<SimpleData name="COCURSODAG">7563844</SimpleData>
		<SimpleData name="DSPONTO">Início do Curso D´água</SimpleData>
	</SchemaData></ExtendedData>
      <Point><coordinates>-37.296104498198,-6.52075615333912</coordinates></Point>
  </Placemark>
  <Placemark>
	<ExtendedData><SchemaData schemaUrl="#ponto_de_drenagem_serido">
		<SimpleData name="IDPONTO">91977</SimpleData>
		<SimpleData name="COCURSODAG">7563844</SimpleData>
		<SimpleData name="DSPONTO">Fim do Curso D´água</SimpleData>
	</SchemaData></ExtendedData>
      <Point><coordinates>-37.2952728510891,-6.50203937190006</coordinates></Point>
  </Placemark>
  <Placemark>
	<ExtendedData><SchemaData schemaUrl="#ponto_de_drenagem_serido">
		<SimpleData name="IDPONTO">101979</SimpleData>
		<SimpleData name="COCURSODAG">7564142</SimpleData>
		<SimpleData name="DSPONTO">Fim do Curso D´água</SimpleData>
	</SchemaData></ExtendedData>
      <Point><coordinates>-37.3373187564397,-6.60101940034404</coordinates></Point>
  </Placemark>
  <Placemark>
	<ExtendedData><SchemaData schemaUrl="#ponto_de_drenagem_serido">
		<SimpleData name="IDPONTO">131187</SimpleData>
		<SimpleData name="COCURSODAG">756416</SimpleData>
		<SimpleData name="DSPONTO">Início do Curso D´água</SimpleData>
	</SchemaData></ExtendedData>
      <Point><coordinates>-37.4577873974328,-6.59414483783575</coordinates></Point>
  </Placemark>
  <Placemark>
	<ExtendedData><SchemaData schemaUrl="#ponto_de_drenagem_serido">
		<SimpleData name="IDPONTO">131188</SimpleData>
		<SimpleData name="COCURSODAG">7564162</SimpleData>
		<SimpleData name="DSPONTO">Fim do Curso D´água</SimpleData>
	</SchemaData></ExtendedData>
      <Point><coordinates>-37.3848007873344,-6.59050265102033</coordinates></Point>
  </Placemark>
  <Placemark>
	<ExtendedData><SchemaData schemaUrl="#ponto_de_drenagem_serido">
		<SimpleData name="IDPONTO">134471</SimpleData>
		<SimpleData name="COCURSODAG">7565182</SimpleData>
		<SimpleData name="DSPONTO">Início do Curso D´água</SimpleData>
	</SchemaData></ExtendedData>
      <Point><coordinates>-37.4727641982909,-6.57382023651701</coordinates></Point>
  </Placemark>
  <Placemark>
	<ExtendedData><SchemaData schemaUrl="#ponto_de_drenagem_serido">
		<SimpleData name="IDPONTO">134472</SimpleData>
		<SimpleData name="COCURSODAG">7565182</SimpleData>
		<SimpleData name="DSPONTO">Fim do Curso D´água</SimpleData>
	</SchemaData></ExtendedData>
      <Point><coordinates>-37.4596685208198,-6.53564005215261</coordinates></Point>
  </Placemark>
  <Placemark>
	<ExtendedData><SchemaData schemaUrl="#ponto_de_drenagem_serido">
		<SimpleData name="IDPONTO">139775</SimpleData>
		<SimpleData name="COCURSODAG">7563842</SimpleData>
		<SimpleData name="DSPONTO">Fim do Curso D´água</SimpleData>
	</SchemaData></ExtendedData>
      <Point><coordinates>-37.3264541390808,-6.46036516279478</coordinates></Point>
  </Placemark>
  <Placemark>
	<ExtendedData><SchemaData schemaUrl="#ponto_de_drenagem_serido">
		<SimpleData name="IDPONTO">143264</SimpleData>
		<SimpleData name="COCURSODAG">756384</SimpleData>
		<SimpleData name="DSPONTO">Início do Curso D´água</SimpleData>
	</SchemaData></ExtendedData>
      <Point><coordinates>-37.2886506040742,-6.55032300457418</coordinates></Point>
  </Placemark>
  <Placemark>
	<ExtendedData><SchemaData schemaUrl="#ponto_de_drenagem_serido">
		<SimpleData name="IDPONTO">157183</SimpleData>
		<SimpleData name="COCURSODAG">756412</SimpleData>
		<SimpleData name="DSPONTO">Início do Curso D´água</SimpleData>
	</SchemaData></ExtendedData>
      <Point><coordinates>-37.2904928769777,-6.56173418950586</coordinates></Point>
  </Placemark>
  <Placemark>
	<ExtendedData><SchemaData schemaUrl="#ponto_de_drenagem_serido">
		<SimpleData name="IDPONTO">161219</SimpleData>
		<SimpleData name="COCURSODAG">7564182</SimpleData>
		<SimpleData name="DSPONTO">Início do Curso D´água</SimpleData>
	</SchemaData></ExtendedData>
      <Point><coordinates>-37.4208116389244,-6.66413809721542</coordinates></Point>
  </Placemark>
  <Placemark>
	<ExtendedData><SchemaData schemaUrl="#ponto_de_drenagem_serido">
		<SimpleData name="IDPONTO">170330</SimpleData>
		<SimpleData name="COCURSODAG">756386</SimpleData>
		<SimpleData name="DSPONTO">Início do Curso D´água</SimpleData>
	</SchemaData></ExtendedData>
      <Point><coordinates>-37.2880283476455,-6.47222860916987</coordinates></Point>
  </Placemark>
  <Placemark>
	<ExtendedData><SchemaData schemaUrl="#ponto_de_drenagem_serido">
		<SimpleData name="IDPONTO">172160</SimpleData>
		<SimpleData name="COCURSODAG">7564192</SimpleData>
		<SimpleData name="DSPONTO">Fim do Curso D´água</SimpleData>
	</SchemaData></ExtendedData>
      <Point><coordinates>-37.3854108230389,-6.6760170822178</coordinates></Point>
  </Placemark>
  <Placemark>
	<ExtendedData><SchemaData schemaUrl="#ponto_de_drenagem_serido">
		<SimpleData name="IDPONTO">172909</SimpleData>
		<SimpleData name="COCURSODAG">75622362</SimpleData>
		<SimpleData name="DSPONTO">Início do Curso D´água</SimpleData>
	</SchemaData></ExtendedData>
      <Point><coordinates>-37.2796250329237,-6.57512371216468</coordinates></Point>
  </Placemark>
  <Placemark>
	<ExtendedData><SchemaData schemaUrl="#ponto_de_drenagem_serido">
		<SimpleData name="IDPONTO">178451</SimpleData>
		<SimpleData name="COCURSODAG">7563842</SimpleData>
		<SimpleData name="DSPONTO">Início do Curso D´água</SimpleData>
	</SchemaData></ExtendedData>
      <Point><coordinates>-37.3464932171886,-6.51571383460608</coordinates></Point>
  </Placemark>
  <Placemark>
	<ExtendedData><SchemaData schemaUrl="#ponto_de_drenagem_serido">
		<SimpleData name="IDPONTO">200526</SimpleData>
		<SimpleData name="COCURSODAG">756518</SimpleData>
		<SimpleData name="DSPONTO">Início do Curso D´água</SimpleData>
	</SchemaData></ExtendedData>
      <Point><coordinates>-37.4689269157741,-6.60354487729132</coordinates></Point>
  </Placemark>
  <Placemark>
	<ExtendedData><SchemaData schemaUrl="#ponto_de_drenagem_serido">
		<SimpleData name="IDPONTO">202212</SimpleData>
		<SimpleData name="COCURSODAG">756514</SimpleData>
		<SimpleData name="DSPONTO">Início do Curso D´água</SimpleData>
	</SchemaData></ExtendedData>
      <Point><coordinates>-37.4159437374189,-6.55489350084923</coordinates></Point>
  </Placemark>
  <Placemark>
	<ExtendedData><SchemaData schemaUrl="#ponto_de_drenagem_serido">
		<SimpleData name="IDPONTO">205916</SimpleData>
		<SimpleData name="COCURSODAG">7564192</SimpleData>
		<SimpleData name="DSPONTO">Início do Curso D´água</SimpleData>
	</SchemaData></ExtendedData>
      <Point><coordinates>-37.3246121244047,-6.68612270431154</coordinates></Point>
  </Placemark>
  <Placemark>
	<ExtendedData><SchemaData schemaUrl="#ponto_de_drenagem_serido">
		<SimpleData name="IDPONTO">208945</SimpleData>
		<SimpleData name="COCURSODAG">7564162</SimpleData>
		<SimpleData name="DSPONTO">Início do Curso D´água</SimpleData>
	</SchemaData></ExtendedData>
      <Point><coordinates>-37.4652113888499,-6.66089635623646</coordinates></Point>
  </Placemark>
  <Placemark>
	<ExtendedData><SchemaData schemaUrl="#ponto_de_drenagem_serido">
		<SimpleData name="IDPONTO">210991</SimpleData>
		<SimpleData name="COCURSODAG">756388</SimpleData>
		<SimpleData name="DSPONTO">Início do Curso D´água</SimpleData>
	</SchemaData></ExtendedData>
      <Point><coordinates>-37.2747649358208,-6.56009749435664</coordinates></Point>
  </Placemark>
  <Placemark>
	<ExtendedData><SchemaData schemaUrl="#ponto_de_drenagem_serido">
		<SimpleData name="IDPONTO">237559</SimpleData>
		<SimpleData name="COCURSODAG">75638</SimpleData>
		<SimpleData name="DSPONTO">Início do Curso D´água</SimpleData>
	</SchemaData></ExtendedData>
      <Point><coordinates>-37.2400163609247,-6.5036888343917</coordinates></Point>
  </Placemark>
  <Placemark>
	<ExtendedData><SchemaData schemaUrl="#ponto_de_drenagem_serido">
		<SimpleData name="IDPONTO">241338</SimpleData>
		<SimpleData name="COCURSODAG">7562236</SimpleData>
		<SimpleData name="DSPONTO">Início do Curso D´água</SimpleData>
	</SchemaData></ExtendedData>
      <Point><coordinates>-37.2489087075834,-6.61154898797226</coordinates></Point>
  </Placemark>
  <Placemark>
	<ExtendedData><SchemaData schemaUrl="#ponto_de_drenagem_serido">
		<SimpleData name="IDPONTO">22427</SimpleData>
		<SimpleData name="COCURSODAG">756282</SimpleData>
		<SimpleData name="DSPONTO">Início do Curso D´água</SimpleData>
	</SchemaData></ExtendedData>
      <Point><coordinates>-36.5347884752546,-6.57762194422214</coordinates></Point>
  </Placemark>
  <Placemark>
	<ExtendedData><SchemaData schemaUrl="#ponto_de_drenagem_serido">
		<SimpleData name="IDPONTO">24514</SimpleData>
		<SimpleData name="COCURSODAG">7562924</SimpleData>
		<SimpleData name="DSPONTO">Fim do Curso D´água</SimpleData>
	</SchemaData></ExtendedData>
      <Point><coordinates>-36.586988793228,-6.54825562352797</coordinates></Point>
  </Placemark>
  <Placemark>
	<ExtendedData><SchemaData schemaUrl="#ponto_de_drenagem_serido">
		<SimpleData name="IDPONTO">28380</SimpleData>
		<SimpleData name="COCURSODAG">75629362</SimpleData>
		<SimpleData name="DSPONTO">Fim do Curso D´água</SimpleData>
	</SchemaData></ExtendedData>
      <Point><coordinates>-36.603689962967,-6.33999318357</coordinates></Point>
  </Placemark>
  <Placemark>
	<ExtendedData><SchemaData schemaUrl="#ponto_de_drenagem_serido">
		<SimpleData name="IDPONTO">28381</SimpleData>
		<SimpleData name="COCURSODAG">7562936</SimpleData>
		<SimpleData name="DSPONTO">Fim do Curso D´água</SimpleData>
	</SchemaData></ExtendedData>
      <Point><coordinates>-36.574285858706,-6.38360013087605</coordinates></Point>
  </Placemark>
  <Placemark>
	<ExtendedData><SchemaData schemaUrl="#ponto_de_drenagem_serido">
		<SimpleData name="IDPONTO">48276</SimpleData>
		<SimpleData name="COCURSODAG">75626342</SimpleData>
		<SimpleData name="DSPONTO">Início do Curso D´água</SimpleData>
	</SchemaData></ExtendedData>
      <Point><coordinates>-36.7072252220053,-6.41914803622403</coordinates></Point>
  </Placemark>
  <Placemark>
	<ExtendedData><SchemaData schemaUrl="#ponto_de_drenagem_serido">
		<SimpleData name="IDPONTO">53974</SimpleData>
		<SimpleData name="COCURSODAG">75626432</SimpleData>
		<SimpleData name="DSPONTO">Fim do Curso D´água</SimpleData>
	</SchemaData></ExtendedData>
      <Point><coordinates>-36.7340692296123,-6.324240801391</coordinates></Point>
  </Placemark>
  <Placemark>
	<ExtendedData><SchemaData schemaUrl="#ponto_de_drenagem_serido">
		<SimpleData name="IDPONTO">58901</SimpleData>
		<SimpleData name="COCURSODAG">75629394</SimpleData>
		<SimpleData name="DSPONTO">Fim do Curso D´água</SimpleData>
	</SchemaData></ExtendedData>
      <Point><coordinates>-36.5384500156478,-6.33865821604823</coordinates></Point>
  </Placemark>
  <Placemark>
	<ExtendedData><SchemaData schemaUrl="#ponto_de_drenagem_serido">
		<SimpleData name="IDPONTO">59907</SimpleData>
		<SimpleData name="COCURSODAG">7562918</SimpleData>
		<SimpleData name="DSPONTO">Fim do Curso D´água</SimpleData>
	</SchemaData></ExtendedData>
      <Point><coordinates>-36.7245748254769,-6.49022180396754</coordinates></Point>
  </Placemark>
  <Placemark>
	<ExtendedData><SchemaData schemaUrl="#ponto_de_drenagem_serido">
		<SimpleData name="IDPONTO">59908</SimpleData>
		<SimpleData name="COCURSODAG">7562916</SimpleData>
		<SimpleData name="DSPONTO">Fim do Curso D´água</SimpleData>
	</SchemaData></ExtendedData>
      <Point><coordinates>-36.7505261471366,-6.50207081091972</coordinates></Point>
  </Placemark>
  <Placemark>
	<ExtendedData><SchemaData schemaUrl="#ponto_de_drenagem_serido">
		<SimpleData name="IDPONTO">69826</SimpleData>
		<SimpleData name="COCURSODAG">75626422</SimpleData>
		<SimpleData name="DSPONTO">Início do Curso D´água</SimpleData>
	</SchemaData></ExtendedData>
      <Point><coordinates>-36.6935417275723,-6.37838226337321</coordinates></Point>
  </Placemark>
  <Placemark>
	<ExtendedData><SchemaData schemaUrl="#ponto_de_drenagem_serido">
		<SimpleData name="IDPONTO">69827</SimpleData>
		<SimpleData name="COCURSODAG">75626422</SimpleData>
		<SimpleData name="DSPONTO">Fim do Curso D´água</SimpleData>
	</SchemaData></ExtendedData>
      <Point><coordinates>-36.7288164429991,-6.37342723854911</coordinates></Point>
  </Placemark>
  <Placemark>
	<ExtendedData><SchemaData schemaUrl="#ponto_de_drenagem_serido">
		<SimpleData name="IDPONTO">70575</SimpleData>
		<SimpleData name="COCURSODAG">75626438</SimpleData>
		<SimpleData name="DSPONTO">Início do Curso D´água</SimpleData>
	</SchemaData></ExtendedData>
      <Point><coordinates>-36.6510725055551,-6.32262473901848</coordinates></Point>
  </Placemark>
  <Placemark>
	<ExtendedData><SchemaData schemaUrl="#ponto_de_drenagem_serido">
		<SimpleData name="IDPONTO">70576</SimpleData>
		<SimpleData name="COCURSODAG">75626438</SimpleData>
		<SimpleData name="DSPONTO">Fim do Curso D´água</SimpleData>
	</SchemaData></ExtendedData>
      <Point><coordinates>-36.7123712941051,-6.29306007506757</coordinates></Point>
  </Placemark>
  <Placemark>
	<ExtendedData><SchemaData schemaUrl="#ponto_de_drenagem_serido">
		<SimpleData name="IDPONTO">85720</SimpleData>
		<SimpleData name="COCURSODAG">7562934</SimpleData>
		<SimpleData name="DSPONTO">Fim do Curso D´água</SimpleData>
	</SchemaData></ExtendedData>
      <Point><coordinates>-36.5758920134777,-6.38520799047307</coordinates></Point>
  </Placemark>
  <Placemark>
	<ExtendedData><SchemaData schemaUrl="#ponto_de_drenagem_serido">
		<SimpleData name="IDPONTO">94898</SimpleData>
		<SimpleData name="COCURSODAG">7562932</SimpleData>
		<SimpleData name="DSPONTO">Início do Curso D´água</SimpleData>
	</SchemaData></ExtendedData>
      <Point><coordinates>-36.5713753287423,-6.46504402366317</coordinates></Point>
  </Placemark>
  <Placemark>
	<ExtendedData><SchemaData schemaUrl="#ponto_de_drenagem_serido">
		<SimpleData name="IDPONTO">94899</SimpleData>
		<SimpleData name="COCURSODAG">7562932</SimpleData>
		<SimpleData name="DSPONTO">Fim do Curso D´água</SimpleData>
	</SchemaData></ExtendedData>
      <Point><coordinates>-36.6545970634885,-6.44380606267905</coordinates></Point>
  </Placemark>
  <Placemark>
	<ExtendedData><SchemaData schemaUrl="#ponto_de_drenagem_serido">
		<SimpleData name="IDPONTO">101382</SimpleData>
		<SimpleData name="COCURSODAG">756294</SimpleData>
		<SimpleData name="DSPONTO">Fim do Curso D´água</SimpleData>
	</SchemaData></ExtendedData>
      <Point><coordinates>-36.5357149821408,-6.33681491808691</coordinates></Point>
  </Placemark>
  <Placemark>
	<ExtendedData><SchemaData schemaUrl="#ponto_de_drenagem_serido">
		<SimpleData name="IDPONTO">101955</SimpleData>
		<SimpleData name="COCURSODAG">7562938</SimpleData>
		<SimpleData name="DSPONTO">Fim do Curso D´água</SimpleData>
	</SchemaData></ExtendedData>
      <Point><coordinates>-36.5579396066204,-6.36075280343521</coordinates></Point>
  </Placemark>
  <Placemark>
	<ExtendedData><SchemaData schemaUrl="#ponto_de_drenagem_serido">
		<SimpleData name="IDPONTO">102774</SimpleData>
		<SimpleData name="COCURSODAG">7562938</SimpleData>
		<SimpleData name="DSPONTO">Início do Curso D´água</SimpleData>
	</SchemaData></ExtendedData>
      <Point><coordinates>-36.6010077025291,-6.28891671899653</coordinates></Point>
  </Placemark>
  <Placemark>
	<ExtendedData><SchemaData schemaUrl="#ponto_de_drenagem_serido">
		<SimpleData name="IDPONTO">102902</SimpleData>
		<SimpleData name="COCURSODAG">75626434</SimpleData>
		<SimpleData name="DSPONTO">Fim do Curso D´água</SimpleData>
	</SchemaData></ExtendedData>
      <Point><coordinates>-36.7250591160798,-6.3110062978223</coordinates></Point>
  </Placemark>
  <Placemark>
	<ExtendedData><SchemaData schemaUrl="#ponto_de_drenagem_serido">
		<SimpleData name="IDPONTO">103563</SimpleData>
		<SimpleData name="COCURSODAG">756264352</SimpleData>
		<SimpleData name="DSPONTO">Fim do Curso D´água</SimpleData>
	</SchemaData></ExtendedData>
      <Point><coordinates>-36.7214196359405,-6.30618071062156</coordinates></Point>
  </Placemark>
  <Placemark>
	<ExtendedData><SchemaData schemaUrl="#ponto_de_drenagem_serido">
		<SimpleData name="IDPONTO">105135</SimpleData>
		<SimpleData name="COCURSODAG">75626436</SimpleData>
		<SimpleData name="DSPONTO">Fim do Curso D´água</SimpleData>
	</SchemaData></ExtendedData>
      <Point><coordinates>-36.7153923775406,-6.29917062430189</coordinates></Point>
  </Placemark>
  <Placemark>
	<ExtendedData><SchemaData schemaUrl="#ponto_de_drenagem_serido">
		<SimpleData name="IDPONTO">106431</SimpleData>
		<SimpleData name="COCURSODAG">75629332</SimpleData>
		<SimpleData name="DSPONTO">Fim do Curso D´água</SimpleData>
	</SchemaData></ExtendedData>
      <Point><coordinates>-36.6016182586149,-6.42038204948431</coordinates></Point>
  </Placemark>
  <Placemark>
	<ExtendedData><SchemaData schemaUrl="#ponto_de_drenagem_serido">
		<SimpleData name="IDPONTO">111828</SimpleData>
		<SimpleData name="COCURSODAG">75629312</SimpleData>
		<SimpleData name="DSPONTO">Fim do Curso D´água</SimpleData>
	</SchemaData></ExtendedData>
      <Point><coordinates>-36.6883306602102,-6.45781108742522</coordinates></Point>
  </Placemark>
  <Placemark>
	<ExtendedData><SchemaData schemaUrl="#ponto_de_drenagem_serido">
		<SimpleData name="IDPONTO">112706</SimpleData>
		<SimpleData name="COCURSODAG">756292</SimpleData>
		<SimpleData name="DSPONTO">Fim do Curso D´água</SimpleData>
	</SchemaData></ExtendedData>
      <Point><coordinates>-36.7051652033207,-6.47986123152142</coordinates></Point>
  </Placemark>
  <Placemark>
	<ExtendedData><SchemaData schemaUrl="#ponto_de_drenagem_serido">
		<SimpleData name="IDPONTO">112876</SimpleData>
		<SimpleData name="COCURSODAG">75629422</SimpleData>
		<SimpleData name="DSPONTO">Início do Curso D´água</SimpleData>
	</SchemaData></ExtendedData>
      <Point><coordinates>-36.603643808197,-6.28041227140676</coordinates></Point>
  </Placemark>
  <Placemark>
	<ExtendedData><SchemaData schemaUrl="#ponto_de_drenagem_serido">
		<SimpleData name="IDPONTO">118549</SimpleData>
		<SimpleData name="COCURSODAG">75626362</SimpleData>
		<SimpleData name="DSPONTO">Início do Curso D´água</SimpleData>
	</SchemaData></ExtendedData>
      <Point><coordinates>-36.7262947833714,-6.38823507243527</coordinates></Point>
  </Placemark>
  <Placemark>
	<ExtendedData><SchemaData schemaUrl="#ponto_de_drenagem_serido">
		<SimpleData name="IDPONTO">122967</SimpleData>
		<SimpleData name="COCURSODAG">75629392</SimpleData>
		<SimpleData name="DSPONTO">Início do Curso D´água</SimpleData>
	</SchemaData></ExtendedData>
      <Point><coordinates>-36.5845281285482,-6.29664017811373</coordinates></Point>
  </Placemark>
  <Placemark>
	<ExtendedData><SchemaData schemaUrl="#ponto_de_drenagem_serido">
		<SimpleData name="IDPONTO">122968</SimpleData>
		<SimpleData name="COCURSODAG">75629392</SimpleData>
		<SimpleData name="DSPONTO">Fim do Curso D´água</SimpleData>
	</SchemaData></ExtendedData>
      <Point><coordinates>-36.5508556857157,-6.34557267847352</coordinates></Point>
  </Placemark>
  <Placemark>
	<ExtendedData><SchemaData schemaUrl="#ponto_de_drenagem_serido">
		<SimpleData name="IDPONTO">123420</SimpleData>
		<SimpleData name="COCURSODAG">75629362</SimpleData>
		<SimpleData name="DSPONTO">Início do Curso D´água</SimpleData>
	</SchemaData></ExtendedData>
      <Point><coordinates>-36.6285423073339,-6.34396322428005</coordinates></Point>
  </Placemark>
  <Placemark>
	<ExtendedData><SchemaData schemaUrl="#ponto_de_drenagem_serido">
		<SimpleData name="IDPONTO">128962</SimpleData>
		<SimpleData name="COCURSODAG">7562922</SimpleData>
		<SimpleData name="DSPONTO">Fim do Curso D´água</SimpleData>
	</SchemaData></ExtendedData>
      <Point><coordinates>-36.6993251848914,-6.48466570755286</coordinates></Point>
  </Placemark>
  <Placemark>
	<ExtendedData><SchemaData schemaUrl="#ponto_de_drenagem_serido">
		<SimpleData name="IDPONTO">155850</SimpleData>
		<SimpleData name="COCURSODAG">75626434</SimpleData>
		<SimpleData name="DSPONTO">Início do Curso D´água</SimpleData>
	</SchemaData></ExtendedData>
      <Point><coordinates>-36.6797210236636,-6.30268181480351</coordinates></Point>
  </Placemark>
  <Placemark>
	<ExtendedData><SchemaData schemaUrl="#ponto_de_drenagem_serido">
		<SimpleData name="IDPONTO">186345</SimpleData>
		<SimpleData name="COCURSODAG">7562918</SimpleData>
		<SimpleData name="DSPONTO">Início do Curso D´água</SimpleData>
	</SchemaData></ExtendedData>
      <Point><coordinates>-36.7234720501112,-6.4682972527088</coordinates></Point>
  </Placemark>
  <Placemark>
	<ExtendedData><SchemaData schemaUrl="#ponto_de_drenagem_serido">
		<SimpleData name="IDPONTO">187467</SimpleData>
		<SimpleData name="COCURSODAG">75629332</SimpleData>
		<SimpleData name="DSPONTO">Início do Curso D´água</SimpleData>
	</SchemaData></ExtendedData>
      <Point><coordinates>-36.5826898382325,-6.42794099842372</coordinates></Point>
  </Placemark>
  <Placemark>
	<ExtendedData><SchemaData schemaUrl="#ponto_de_drenagem_serido">
		<SimpleData name="IDPONTO">196084</SimpleData>
		<SimpleData name="COCURSODAG">7562924</SimpleData>
		<SimpleData name="DSPONTO">Início do Curso D´água</SimpleData>
	</SchemaData></ExtendedData>
      <Point><coordinates>-36.5572152386435,-6.50092814420457</coordinates></Point>
  </Placemark>
  <Placemark>
	<ExtendedData><SchemaData schemaUrl="#ponto_de_drenagem_serido">
		<SimpleData name="IDPONTO">198353</SimpleData>
		<SimpleData name="COCURSODAG">7562636</SimpleData>
		<SimpleData name="DSPONTO">Início do Curso D´água</SimpleData>
	</SchemaData></ExtendedData>
      <Point><coordinates>-36.6468191545731,-6.38146840318513</coordinates></Point>
  </Placemark>
  <Placemark>
	<ExtendedData><SchemaData schemaUrl="#ponto_de_drenagem_serido">
		<SimpleData name="IDPONTO">202469</SimpleData>
		<SimpleData name="COCURSODAG">7562642</SimpleData>
		<SimpleData name="DSPONTO">Início do Curso D´água</SimpleData>
	</SchemaData></ExtendedData>
      <Point><coordinates>-36.6520602946337,-6.36117217242623</coordinates></Point>
  </Placemark>
  <Placemark>
	<ExtendedData><SchemaData schemaUrl="#ponto_de_drenagem_serido">
		<SimpleData name="IDPONTO">204925</SimpleData>
		<SimpleData name="COCURSODAG">7562914</SimpleData>
		<SimpleData name="DSPONTO">Fim do Curso D´água</SimpleData>
	</SchemaData></ExtendedData>
      <Point><coordinates>-36.7578617693222,-6.50606638453747</coordinates></Point>
  </Placemark>
  <Placemark>
	<ExtendedData><SchemaData schemaUrl="#ponto_de_drenagem_serido">
		<SimpleData name="IDPONTO">205415</SimpleData>
		<SimpleData name="COCURSODAG">756293342</SimpleData>
		<SimpleData name="DSPONTO">Início do Curso D´água</SimpleData>
	</SchemaData></ExtendedData>
      <Point><coordinates>-36.5661797605352,-6.43225438657875</coordinates></Point>
  </Placemark>
  <Placemark>
	<ExtendedData><SchemaData schemaUrl="#ponto_de_drenagem_serido">
		<SimpleData name="IDPONTO">205416</SimpleData>
		<SimpleData name="COCURSODAG">756293342</SimpleData>
		<SimpleData name="DSPONTO">Fim do Curso D´água</SimpleData>
	</SchemaData></ExtendedData>
      <Point><coordinates>-36.5701775117234,-6.40154582972948</coordinates></Point>
  </Placemark>
  <Placemark>
	<ExtendedData><SchemaData schemaUrl="#ponto_de_drenagem_serido">
		<SimpleData name="IDPONTO">214458</SimpleData>
		<SimpleData name="COCURSODAG">75629334</SimpleData>
		<SimpleData name="DSPONTO">Fim do Curso D´água</SimpleData>
	</SchemaData></ExtendedData>
      <Point><coordinates>-36.5817209180765,-6.38882687094516</coordinates></Point>
  </Placemark>
  <Placemark>
	<ExtendedData><SchemaData schemaUrl="#ponto_de_drenagem_serido">
		<SimpleData name="IDPONTO">214705</SimpleData>
		<SimpleData name="COCURSODAG">7562634</SimpleData>
		<SimpleData name="DSPONTO">Início do Curso D´água</SimpleData>
	</SchemaData></ExtendedData>
      <Point><coordinates>-36.7226558925314,-6.4561683443176</coordinates></Point>
  </Placemark>
  <Placemark>
	<ExtendedData><SchemaData schemaUrl="#ponto_de_drenagem_serido">
		<SimpleData name="IDPONTO">216723</SimpleData>
		<SimpleData name="COCURSODAG">7562936</SimpleData>
		<SimpleData name="DSPONTO">Início do Curso D´água</SimpleData>
	</SchemaData></ExtendedData>
      <Point><coordinates>-36.6299423224043,-6.30405741985415</coordinates></Point>
  </Placemark>
  <Placemark>
	<ExtendedData><SchemaData schemaUrl="#ponto_de_drenagem_serido">
		<SimpleData name="IDPONTO">225589</SimpleData>
		<SimpleData name="COCURSODAG">75629334</SimpleData>
		<SimpleData name="DSPONTO">Início do Curso D´água</SimpleData>
	</SchemaData></ExtendedData>
      <Point><coordinates>-36.5514240687586,-6.44084998318763</coordinates></Point>
  </Placemark>
  <Placemark>
	<ExtendedData><SchemaData schemaUrl="#ponto_de_drenagem_serido">
		<SimpleData name="IDPONTO">226733</SimpleData>
		<SimpleData name="COCURSODAG">7562912</SimpleData>
		<SimpleData name="DSPONTO">Início do Curso D´água</SimpleData>
	</SchemaData></ExtendedData>
      <Point><coordinates>-36.6491459469978,-6.56989516742954</coordinates></Point>
  </Placemark>
  <Placemark>
	<ExtendedData><SchemaData schemaUrl="#ponto_de_drenagem_serido">
		<SimpleData name="IDPONTO">236050</SimpleData>
		<SimpleData name="COCURSODAG">75626432</SimpleData>
		<SimpleData name="DSPONTO">Início do Curso D´água</SimpleData>
	</SchemaData></ExtendedData>
      <Point><coordinates>-36.6607808865713,-6.34677598810112</coordinates></Point>
  </Placemark>
  <Placemark>
	<ExtendedData><SchemaData schemaUrl="#ponto_de_drenagem_serido">
		<SimpleData name="IDPONTO">241965</SimpleData>
		<SimpleData name="COCURSODAG">75629312</SimpleData>
		<SimpleData name="DSPONTO">Início do Curso D´água</SimpleData>
	</SchemaData></ExtendedData>
      <Point><coordinates>-36.664183783218,-6.39472073269967</coordinates></Point>
  </Placemark>
  <Placemark>
	<ExtendedData><SchemaData schemaUrl="#ponto_de_drenagem_serido">
		<SimpleData name="IDPONTO">242014</SimpleData>
		<SimpleData name="COCURSODAG">75629412</SimpleData>
		<SimpleData name="DSPONTO">Início do Curso D´água</SimpleData>
	</SchemaData></ExtendedData>
      <Point><coordinates>-36.5869048369848,-6.28105951175776</coordinates></Point>
  </Placemark>
  <Placemark>
	<ExtendedData><SchemaData schemaUrl="#ponto_de_drenagem_serido">
		<SimpleData name="IDPONTO">245802</SimpleData>
		<SimpleData name="COCURSODAG">7562922</SimpleData>
		<SimpleData name="DSPONTO">Início do Curso D´água</SimpleData>
	</SchemaData></ExtendedData>
      <Point><coordinates>-36.660441566868,-6.49386968485923</coordinates></Point>
  </Placemark>
  <Placemark>
	<ExtendedData><SchemaData schemaUrl="#ponto_de_drenagem_serido">
		<SimpleData name="IDPONTO">196117</SimpleData>
		<SimpleData name="COCURSODAG">7562862</SimpleData>
		<SimpleData name="DSPONTO">Início do Curso D´água</SimpleData>
	</SchemaData></ExtendedData>
      <Point><coordinates>-36.5721232173245,-6.62224662694239</coordinates></Point>
  </Placemark>
  <Placemark>
	<ExtendedData><SchemaData schemaUrl="#ponto_de_drenagem_serido">
		<SimpleData name="IDPONTO">6769</SimpleData>
		<SimpleData name="COCURSODAG">7562988</SimpleData>
		<SimpleData name="DSPONTO">Fim do Curso D´água</SimpleData>
	</SchemaData></ExtendedData>
      <Point><coordinates>-36.2921903643497,-6.23410605487064</coordinates></Point>
  </Placemark>
  <Placemark>
	<ExtendedData><SchemaData schemaUrl="#ponto_de_drenagem_serido">
		<SimpleData name="IDPONTO">14681</SimpleData>
		<SimpleData name="COCURSODAG">75629414</SimpleData>
		<SimpleData name="DSPONTO">Início do Curso D´água</SimpleData>
	</SchemaData></ExtendedData>
      <Point><coordinates>-36.4675266665627,-6.26420944918623</coordinates></Point>
  </Placemark>
  <Placemark>
	<ExtendedData><SchemaData schemaUrl="#ponto_de_drenagem_serido">
		<SimpleData name="IDPONTO">14682</SimpleData>
		<SimpleData name="COCURSODAG">756294142</SimpleData>
		<SimpleData name="DSPONTO">Fim do Curso D´água</SimpleData>
	</SchemaData></ExtendedData>
      <Point><coordinates>-36.4822212511798,-6.28058344092938</coordinates></Point>
  </Placemark>
  <Placemark>
	<ExtendedData><SchemaData schemaUrl="#ponto_de_drenagem_serido">
		<SimpleData name="IDPONTO">18060</SimpleData>
		<SimpleData name="COCURSODAG">75629422</SimpleData>
		<SimpleData name="DSPONTO">Fim do Curso D´água</SimpleData>
	</SchemaData></ExtendedData>
      <Point><coordinates>-36.5370388956194,-6.25318828319576</coordinates></Point>
  </Placemark>
  <Placemark>
	<ExtendedData><SchemaData schemaUrl="#ponto_de_drenagem_serido">
		<SimpleData name="IDPONTO">18061</SimpleData>
		<SimpleData name="COCURSODAG">7562942</SimpleData>
		<SimpleData name="DSPONTO">Fim do Curso D´água</SimpleData>
	</SchemaData></ExtendedData>
      <Point><coordinates>-36.5208148628896,-6.26390502113548</coordinates></Point>
  </Placemark>
  <Placemark>
	<ExtendedData><SchemaData schemaUrl="#ponto_de_drenagem_serido">
		<SimpleData name="IDPONTO">31439</SimpleData>
		<SimpleData name="COCURSODAG">75629482</SimpleData>
		<SimpleData name="DSPONTO">Fim do Curso D´água</SimpleData>
	</SchemaData></ExtendedData>
      <Point><coordinates>-36.3973550173474,-6.11369409126509</coordinates></Point>
  </Placemark>
  <Placemark>
	<ExtendedData><SchemaData schemaUrl="#ponto_de_drenagem_serido">
		<SimpleData name="IDPONTO">44822</SimpleData>
		<SimpleData name="COCURSODAG">756294234</SimpleData>
		<SimpleData name="DSPONTO">Fim do Curso D´água</SimpleData>
	</SchemaData></ExtendedData>
      <Point><coordinates>-36.5512105578791,-6.23139085446998</coordinates></Point>
  </Placemark>
  <Placemark>
	<ExtendedData><SchemaData schemaUrl="#ponto_de_drenagem_serido">
		<SimpleData name="IDPONTO">44823</SimpleData>
		<SimpleData name="COCURSODAG">756294232</SimpleData>
		<SimpleData name="DSPONTO">Fim do Curso D´água</SimpleData>
	</SchemaData></ExtendedData>
      <Point><coordinates>-36.5492117286255,-6.23608038357794</coordinates></Point>
  </Placemark>
  <Placemark>
	<ExtendedData><SchemaData schemaUrl="#ponto_de_drenagem_serido">
		<SimpleData name="IDPONTO">47545</SimpleData>
		<SimpleData name="COCURSODAG">75629474</SimpleData>
		<SimpleData name="DSPONTO">Início do Curso D´água</SimpleData>
	</SchemaData></ExtendedData>
      <Point><coordinates>-36.4411020183666,-6.17660390336027</coordinates></Point>
  </Placemark>
  <Placemark>
	<ExtendedData><SchemaData schemaUrl="#ponto_de_drenagem_serido">
		<SimpleData name="IDPONTO">47546</SimpleData>
		<SimpleData name="COCURSODAG">75629474</SimpleData>
		<SimpleData name="DSPONTO">Fim do Curso D´água</SimpleData>
	</SchemaData></ExtendedData>
      <Point><coordinates>-36.4703572057194,-6.18307065030196</coordinates></Point>
  </Placemark>
  <Placemark>
	<ExtendedData><SchemaData schemaUrl="#ponto_de_drenagem_serido">
		<SimpleData name="IDPONTO">48111</SimpleData>
		<SimpleData name="COCURSODAG">75629446</SimpleData>
		<SimpleData name="DSPONTO">Fim do Curso D´água</SimpleData>
	</SchemaData></ExtendedData>
      <Point><coordinates>-36.4158562569084,-6.20137853551484</coordinates></Point>
  </Placemark>
  <Placemark>
	<ExtendedData><SchemaData schemaUrl="#ponto_de_drenagem_serido">
		<SimpleData name="IDPONTO">48112</SimpleData>
		<SimpleData name="COCURSODAG">75629444</SimpleData>
		<SimpleData name="DSPONTO">Fim do Curso D´água</SimpleData>
	</SchemaData></ExtendedData>
      <Point><coordinates>-36.4379664347959,-6.22305917838814</coordinates></Point>
  </Placemark>
  <Placemark>
	<ExtendedData><SchemaData schemaUrl="#ponto_de_drenagem_serido">
		<SimpleData name="IDPONTO">48396</SimpleData>
		<SimpleData name="COCURSODAG">75629442</SimpleData>
		<SimpleData name="DSPONTO">Fim do Curso D´água</SimpleData>
	</SchemaData></ExtendedData>
      <Point><coordinates>-36.5006502402792,-6.23496594409193</coordinates></Point>
  </Placemark>
  <Placemark>
	<ExtendedData><SchemaData schemaUrl="#ponto_de_drenagem_serido">
		<SimpleData name="IDPONTO">56300</SimpleData>
		<SimpleData name="COCURSODAG">7562948</SimpleData>
		<SimpleData name="DSPONTO">Fim do Curso D´água</SimpleData>
	</SchemaData></ExtendedData>
      <Point><coordinates>-36.4225396344138,-6.15061875991009</coordinates></Point>
  </Placemark>
  <Placemark>
	<ExtendedData><SchemaData schemaUrl="#ponto_de_drenagem_serido">
		<SimpleData name="IDPONTO">57837</SimpleData>
		<SimpleData name="COCURSODAG">75629478</SimpleData>
		<SimpleData name="DSPONTO">Fim do Curso D´água</SimpleData>
	</SchemaData></ExtendedData>
      <Point><coordinates>-36.4427503507829,-6.16053327508434</coordinates></Point>
  </Placemark>
  <Placemark>
	<ExtendedData><SchemaData schemaUrl="#ponto_de_drenagem_serido">
		<SimpleData name="IDPONTO">59465</SimpleData>
		<SimpleData name="COCURSODAG">75629442</SimpleData>
		<SimpleData name="DSPONTO">Início do Curso D´água</SimpleData>
	</SchemaData></ExtendedData>
      <Point><coordinates>-36.4730695092647,-6.25153159731583</coordinates></Point>
  </Placemark>
  <Placemark>
	<ExtendedData><SchemaData schemaUrl="#ponto_de_drenagem_serido">
		<SimpleData name="IDPONTO">59753</SimpleData>
		<SimpleData name="COCURSODAG">7562984</SimpleData>
		<SimpleData name="DSPONTO">Fim do Curso D´água</SimpleData>
	</SchemaData></ExtendedData>
      <Point><coordinates>-36.3790710356305,-6.24960835819854</coordinates></Point>
  </Placemark>
  <Placemark>
	<ExtendedData><SchemaData schemaUrl="#ponto_de_drenagem_serido">
		<SimpleData name="IDPONTO">59754</SimpleData>
		<SimpleData name="COCURSODAG">7562982</SimpleData>
		<SimpleData name="DSPONTO">Fim do Curso D´água</SimpleData>
	</SchemaData></ExtendedData>
      <Point><coordinates>-36.3946961681397,-6.25939335451749</coordinates></Point>
  </Placemark>
  <Placemark>
	<ExtendedData><SchemaData schemaUrl="#ponto_de_drenagem_serido">
		<SimpleData name="IDPONTO">77415</SimpleData>
		<SimpleData name="COCURSODAG">75629852</SimpleData>
		<SimpleData name="DSPONTO">Início do Curso D´água</SimpleData>
	</SchemaData></ExtendedData>
      <Point><coordinates>-36.3569186359668,-6.19540627790346</coordinates></Point>
  </Placemark>
  <Placemark>
	<ExtendedData><SchemaData schemaUrl="#ponto_de_drenagem_serido">
		<SimpleData name="IDPONTO">77416</SimpleData>
		<SimpleData name="COCURSODAG">75629852</SimpleData>
		<SimpleData name="DSPONTO">Fim do Curso D´água</SimpleData>
	</SchemaData></ExtendedData>
      <Point><coordinates>-36.3606953046125,-6.23013212566289</coordinates></Point>
  </Placemark>
  <Placemark>
	<ExtendedData><SchemaData schemaUrl="#ponto_de_drenagem_serido">
		<SimpleData name="IDPONTO">89222</SimpleData>
		<SimpleData name="COCURSODAG">75629424</SimpleData>
		<SimpleData name="DSPONTO">Início do Curso D´água</SimpleData>
	</SchemaData></ExtendedData>
      <Point><coordinates>-36.6015648284597,-6.19451008314114</coordinates></Point>
  </Placemark>
  <Placemark>
	<ExtendedData><SchemaData schemaUrl="#ponto_de_drenagem_serido">
		<SimpleData name="IDPONTO">89223</SimpleData>
		<SimpleData name="COCURSODAG">75629424</SimpleData>
		<SimpleData name="DSPONTO">Fim do Curso D´água</SimpleData>
	</SchemaData></ExtendedData>
      <Point><coordinates>-36.5683157706609,-6.20814349719784</coordinates></Point>
  </Placemark>
  <Placemark>
	<ExtendedData><SchemaData schemaUrl="#ponto_de_drenagem_serido">
		<SimpleData name="IDPONTO">89930</SimpleData>
		<SimpleData name="COCURSODAG">75629462</SimpleData>
		<SimpleData name="DSPONTO">Fim do Curso D´água</SimpleData>
	</SchemaData></ExtendedData>
      <Point><coordinates>-36.5118880591879,-6.17260163818157</coordinates></Point>
  </Placemark>
  <Placemark>
	<ExtendedData><SchemaData schemaUrl="#ponto_de_drenagem_serido">
		<SimpleData name="IDPONTO">89931</SimpleData>
		<SimpleData name="COCURSODAG">7562946</SimpleData>
		<SimpleData name="DSPONTO">Fim do Curso D´água</SimpleData>
	</SchemaData></ExtendedData>
      <Point><coordinates>-36.5037591716727,-6.22398475077148</coordinates></Point>
  </Placemark>
  <Placemark>
	<ExtendedData><SchemaData schemaUrl="#ponto_de_drenagem_serido">
		<SimpleData name="IDPONTO">92421</SimpleData>
		<SimpleData name="COCURSODAG">756294252</SimpleData>
		<SimpleData name="DSPONTO">Fim do Curso D´água</SimpleData>
	</SchemaData></ExtendedData>
      <Point><coordinates>-36.5657790276266,-6.19925236428993</coordinates></Point>
  </Placemark>
  <Placemark>
	<ExtendedData><SchemaData schemaUrl="#ponto_de_drenagem_serido">
		<SimpleData name="IDPONTO">92811</SimpleData>
		<SimpleData name="COCURSODAG">75629426</SimpleData>
		<SimpleData name="DSPONTO">Fim do Curso D´água</SimpleData>
	</SchemaData></ExtendedData>
      <Point><coordinates>-36.5731601938382,-6.17756273885824</coordinates></Point>
  </Placemark>
  <Placemark>
	<ExtendedData><SchemaData schemaUrl="#ponto_de_drenagem_serido">
		<SimpleData name="IDPONTO">99368</SimpleData>
		<SimpleData name="COCURSODAG">756294</SimpleData>
		<SimpleData name="DSPONTO">Início do Curso D´água</SimpleData>
	</SchemaData></ExtendedData>
      <Point><coordinates>-36.3153266141201,-6.11739141748647</coordinates></Point>
  </Placemark>
  <Placemark>
	<ExtendedData><SchemaData schemaUrl="#ponto_de_drenagem_serido">
		<SimpleData name="IDPONTO">99369</SimpleData>
		<SimpleData name="COCURSODAG">75629496</SimpleData>
		<SimpleData name="DSPONTO">Fim do Curso D´água</SimpleData>
	</SchemaData></ExtendedData>
      <Point><coordinates>-36.3364145663705,-6.17890839943678</coordinates></Point>
  </Placemark>
  <Placemark>
	<ExtendedData><SchemaData schemaUrl="#ponto_de_drenagem_serido">
		<SimpleData name="IDPONTO">103009</SimpleData>
		<SimpleData name="COCURSODAG">7562942</SimpleData>
		<SimpleData name="DSPONTO">Início do Curso D´água</SimpleData>
	</SchemaData></ExtendedData>
      <Point><coordinates>-36.6149543325744,-6.13393801206236</coordinates></Point>
  </Placemark>
  <Placemark>
	<ExtendedData><SchemaData schemaUrl="#ponto_de_drenagem_serido">
		<SimpleData name="IDPONTO">103010</SimpleData>
		<SimpleData name="COCURSODAG">75629428</SimpleData>
		<SimpleData name="DSPONTO">Fim do Curso D´água</SimpleData>
	</SchemaData></ExtendedData>
      <Point><coordinates>-36.5837574971441,-6.15909208958625</coordinates></Point>
  </Placemark>
  <Placemark>
	<ExtendedData><SchemaData schemaUrl="#ponto_de_drenagem_serido">
		<SimpleData name="IDPONTO">104252</SimpleData>
		<SimpleData name="COCURSODAG">75629492</SimpleData>
		<SimpleData name="DSPONTO">Início do Curso D´água</SimpleData>
	</SchemaData></ExtendedData>
      <Point><coordinates>-36.3897943924238,-6.13810703527996</coordinates></Point>
  </Placemark>
  <Placemark>
	<ExtendedData><SchemaData schemaUrl="#ponto_de_drenagem_serido">
		<SimpleData name="IDPONTO">104253</SimpleData>
		<SimpleData name="COCURSODAG">75629492</SimpleData>
		<SimpleData name="DSPONTO">Fim do Curso D´água</SimpleData>
	</SchemaData></ExtendedData>
      <Point><coordinates>-36.3898094216104,-6.1611405098218</coordinates></Point>
  </Placemark>
  <Placemark>
	<ExtendedData><SchemaData schemaUrl="#ponto_de_drenagem_serido">
		<SimpleData name="IDPONTO">107552</SimpleData>
		<SimpleData name="COCURSODAG">75629496</SimpleData>
		<SimpleData name="DSPONTO">Início do Curso D´água</SimpleData>
	</SchemaData></ExtendedData>
      <Point><coordinates>-36.2596545544755,-6.17471682470811</coordinates></Point>
  </Placemark>
  <Placemark>
	<ExtendedData><SchemaData schemaUrl="#ponto_de_drenagem_serido">
		<SimpleData name="IDPONTO">110894</SimpleData>
		<SimpleData name="COCURSODAG">757288</SimpleData>
		<SimpleData name="DSPONTO">Início do Curso D´água</SimpleData>
	</SchemaData></ExtendedData>
      <Point><coordinates>-36.289833149981,-6.16880453200592</coordinates></Point>
  </Placemark>
  <Placemark>
	<ExtendedData><SchemaData schemaUrl="#ponto_de_drenagem_serido">
		<SimpleData name="IDPONTO">111312</SimpleData>
		<SimpleData name="COCURSODAG">75629472</SimpleData>
		<SimpleData name="DSPONTO">Início do Curso D´água</SimpleData>
	</SchemaData></ExtendedData>
      <Point><coordinates>-36.508061929195,-6.16955109136573</coordinates></Point>
  </Placemark>
  <Placemark>
	<ExtendedData><SchemaData schemaUrl="#ponto_de_drenagem_serido">
		<SimpleData name="IDPONTO">111313</SimpleData>
		<SimpleData name="COCURSODAG">75629472</SimpleData>
		<SimpleData name="DSPONTO">Fim do Curso D´água</SimpleData>
	</SchemaData></ExtendedData>
      <Point><coordinates>-36.477670061975,-6.19216511438256</coordinates></Point>
  </Placemark>
  <Placemark>
	<ExtendedData><SchemaData schemaUrl="#ponto_de_drenagem_serido">
		<SimpleData name="IDPONTO">112943</SimpleData>
		<SimpleData name="COCURSODAG">756294234</SimpleData>
		<SimpleData name="DSPONTO">Início do Curso D´água</SimpleData>
	</SchemaData></ExtendedData>
      <Point><coordinates>-36.5294587900047,-6.190724549838</coordinates></Point>
  </Placemark>
  <Placemark>
	<ExtendedData><SchemaData schemaUrl="#ponto_de_drenagem_serido">
		<SimpleData name="IDPONTO">116216</SimpleData>
		<SimpleData name="COCURSODAG">7562986</SimpleData>
		<SimpleData name="DSPONTO">Fim do Curso D´água</SimpleData>
	</SchemaData></ExtendedData>
      <Point><coordinates>-36.3001937966107,-6.23237269592699</coordinates></Point>
  </Placemark>
  <Placemark>
	<ExtendedData><SchemaData schemaUrl="#ponto_de_drenagem_serido">
		<SimpleData name="IDPONTO">121063</SimpleData>
		<SimpleData name="COCURSODAG">75626466</SimpleData>
		<SimpleData name="DSPONTO">Início do Curso D´água</SimpleData>
	</SchemaData></ExtendedData>
      <Point><coordinates>-36.5922609349051,-6.24398425065203</coordinates></Point>
  </Placemark>
  <Placemark>
	<ExtendedData><SchemaData schemaUrl="#ponto_de_drenagem_serido">
		<SimpleData name="IDPONTO">121950</SimpleData>
		<SimpleData name="COCURSODAG">7562944</SimpleData>
		<SimpleData name="DSPONTO">Fim do Curso D´água</SimpleData>
	</SchemaData></ExtendedData>
      <Point><coordinates>-36.504510868044,-6.23223479394052</coordinates></Point>
  </Placemark>
  <Placemark>
	<ExtendedData><SchemaData schemaUrl="#ponto_de_drenagem_serido">
		<SimpleData name="IDPONTO">131427</SimpleData>
		<SimpleData name="COCURSODAG">756294252</SimpleData>
		<SimpleData name="DSPONTO">Início do Curso D´água</SimpleData>
	</SchemaData></ExtendedData>
      <Point><coordinates>-36.5354177248007,-6.18107894550313</coordinates></Point>
  </Placemark>
  <Placemark>
	<ExtendedData><SchemaData schemaUrl="#ponto_de_drenagem_serido">
		<SimpleData name="IDPONTO">133538</SimpleData>
		<SimpleData name="COCURSODAG">7562986</SimpleData>
		<SimpleData name="DSPONTO">Início do Curso D´água</SimpleData>
	</SchemaData></ExtendedData>
      <Point><coordinates>-36.29679487423,-6.27768521418491</coordinates></Point>
  </Placemark>
  <Placemark>
	<ExtendedData><SchemaData schemaUrl="#ponto_de_drenagem_serido">
		<SimpleData name="IDPONTO">133967</SimpleData>
		<SimpleData name="COCURSODAG">75629426</SimpleData>
		<SimpleData name="DSPONTO">Início do Curso D´água</SimpleData>
	</SchemaData></ExtendedData>
      <Point><coordinates>-36.5558261484979,-6.13280972633899</coordinates></Point>
  </Placemark>
  <Placemark>
	<ExtendedData><SchemaData schemaUrl="#ponto_de_drenagem_serido">
		<SimpleData name="IDPONTO">139639</SimpleData>
		<SimpleData name="COCURSODAG">7562952</SimpleData>
		<SimpleData name="DSPONTO">Início do Curso D´água</SimpleData>
	</SchemaData></ExtendedData>
      <Point><coordinates>-36.4705861881244,-6.28962958623144</coordinates></Point>
  </Placemark>
  <Placemark>
	<ExtendedData><SchemaData schemaUrl="#ponto_de_drenagem_serido">
		<SimpleData name="IDPONTO">143487</SimpleData>
		<SimpleData name="COCURSODAG">756294762</SimpleData>
		<SimpleData name="DSPONTO">Início do Curso D´água</SimpleData>
	</SchemaData></ExtendedData>
      <Point><coordinates>-36.4659783292873,-6.13124693740941</coordinates></Point>
  </Placemark>
  <Placemark>
	<ExtendedData><SchemaData schemaUrl="#ponto_de_drenagem_serido">
		<SimpleData name="IDPONTO">143488</SimpleData>
		<SimpleData name="COCURSODAG">756294762</SimpleData>
		<SimpleData name="DSPONTO">Fim do Curso D´água</SimpleData>
	</SchemaData></ExtendedData>
      <Point><coordinates>-36.4707310940072,-6.16544603790295</coordinates></Point>
  </Placemark>
  <Placemark>
	<ExtendedData><SchemaData schemaUrl="#ponto_de_drenagem_serido">
		<SimpleData name="IDPONTO">148963</SimpleData>
		<SimpleData name="COCURSODAG">756264922</SimpleData>
		<SimpleData name="DSPONTO">Início do Curso D´água</SimpleData>
	</SchemaData></ExtendedData>
      <Point><coordinates>-36.625830002963,-6.15390647099952</coordinates></Point>
  </Placemark>
  <Placemark>
	<ExtendedData><SchemaData schemaUrl="#ponto_de_drenagem_serido">
		<SimpleData name="IDPONTO">149982</SimpleData>
		<SimpleData name="COCURSODAG">75629428</SimpleData>
		<SimpleData name="DSPONTO">Início do Curso D´água</SimpleData>
	</SchemaData></ExtendedData>
      <Point><coordinates>-36.6117160325082,-6.14951533225526</coordinates></Point>
  </Placemark>
  <Placemark>
	<ExtendedData><SchemaData schemaUrl="#ponto_de_drenagem_serido">
		<SimpleData name="IDPONTO">152947</SimpleData>
		<SimpleData name="COCURSODAG">75629476</SimpleData>
		<SimpleData name="DSPONTO">Fim do Curso D´água</SimpleData>
	</SchemaData></ExtendedData>
      <Point><coordinates>-36.4706700562088,-6.16874222458166</coordinates></Point>
  </Placemark>
  <Placemark>
	<ExtendedData><SchemaData schemaUrl="#ponto_de_drenagem_serido">
		<SimpleData name="IDPONTO">155522</SimpleData>
		<SimpleData name="COCURSODAG">7562944</SimpleData>
		<SimpleData name="DSPONTO">Início do Curso D´água</SimpleData>
	</SchemaData></ExtendedData>
      <Point><coordinates>-36.3751721132466,-6.20920694729483</coordinates></Point>
  </Placemark>
  <Placemark>
	<ExtendedData><SchemaData schemaUrl="#ponto_de_drenagem_serido">
		<SimpleData name="IDPONTO">164555</SimpleData>
		<SimpleData name="COCURSODAG">756294232</SimpleData>
		<SimpleData name="DSPONTO">Início do Curso D´água</SimpleData>
	</SchemaData></ExtendedData>
      <Point><coordinates>-36.5784058316837,-6.24565429775825</coordinates></Point>
  </Placemark>
  <Placemark>
	<ExtendedData><SchemaData schemaUrl="#ponto_de_drenagem_serido">
		<SimpleData name="IDPONTO">174173</SimpleData>
		<SimpleData name="COCURSODAG">756294764</SimpleData>
		<SimpleData name="DSPONTO">Início do Curso D´água</SimpleData>
	</SchemaData></ExtendedData>
      <Point><coordinates>-36.493257328469,-6.14162084143096</coordinates></Point>
  </Placemark>
  <Placemark>
	<ExtendedData><SchemaData schemaUrl="#ponto_de_drenagem_serido">
		<SimpleData name="IDPONTO">174174</SimpleData>
		<SimpleData name="COCURSODAG">756294764</SimpleData>
		<SimpleData name="DSPONTO">Fim do Curso D´água</SimpleData>
	</SchemaData></ExtendedData>
      <Point><coordinates>-36.4810767363758,-6.14590483865666</coordinates></Point>
  </Placemark>
  <Placemark>
	<ExtendedData><SchemaData schemaUrl="#ponto_de_drenagem_serido">
		<SimpleData name="IDPONTO">175779</SimpleData>
		<SimpleData name="COCURSODAG">75629462</SimpleData>
		<SimpleData name="DSPONTO">Início do Curso D´água</SimpleData>
	</SchemaData></ExtendedData>
      <Point><coordinates>-36.5407466290373,-6.15035536203163</coordinates></Point>
  </Placemark>
  <Placemark>
	<ExtendedData><SchemaData schemaUrl="#ponto_de_drenagem_serido">
		<SimpleData name="IDPONTO">178725</SimpleData>
		<SimpleData name="COCURSODAG">75629446</SimpleData>
		<SimpleData name="DSPONTO">Início do Curso D´água</SimpleData>
	</SchemaData></ExtendedData>
      <Point><coordinates>-36.4076200888666,-6.18063453180568</coordinates></Point>
  </Placemark>
  <Placemark>
	<ExtendedData><SchemaData schemaUrl="#ponto_de_drenagem_serido">
		<SimpleData name="IDPONTO">179178</SimpleData>
		<SimpleData name="COCURSODAG">75629494</SimpleData>
		<SimpleData name="DSPONTO">Início do Curso D´água</SimpleData>
	</SchemaData></ExtendedData>
      <Point><coordinates>-36.3391801045971,-6.10523854805426</coordinates></Point>
  </Placemark>
  <Placemark>
	<ExtendedData><SchemaData schemaUrl="#ponto_de_drenagem_serido">
		<SimpleData name="IDPONTO">179179</SimpleData>
		<SimpleData name="COCURSODAG">756294942</SimpleData>
		<SimpleData name="DSPONTO">Fim do Curso D´água</SimpleData>
	</SchemaData></ExtendedData>
      <Point><coordinates>-36.3589863601309,-6.14150987165521</coordinates></Point>
  </Placemark>
  <Placemark>
	<ExtendedData><SchemaData schemaUrl="#ponto_de_drenagem_serido">
		<SimpleData name="IDPONTO">183317</SimpleData>
		<SimpleData name="COCURSODAG">756294142</SimpleData>
		<SimpleData name="DSPONTO">Início do Curso D´água</SimpleData>
	</SchemaData></ExtendedData>
      <Point><coordinates>-36.4949546705178,-6.26101611217389</coordinates></Point>
  </Placemark>
  <Placemark>
	<ExtendedData><SchemaData schemaUrl="#ponto_de_drenagem_serido">
		<SimpleData name="IDPONTO">184574</SimpleData>
		<SimpleData name="COCURSODAG">75629912</SimpleData>
		<SimpleData name="DSPONTO">Início do Curso D´água</SimpleData>
	</SchemaData></ExtendedData>
      <Point><coordinates>-36.3933078066841,-6.27815352796123</coordinates></Point>
  </Placemark>
  <Placemark>
	<ExtendedData><SchemaData schemaUrl="#ponto_de_drenagem_serido">
		<SimpleData name="IDPONTO">198227</SimpleData>
		<SimpleData name="COCURSODAG">75629464</SimpleData>
		<SimpleData name="DSPONTO">Fim do Curso D´água</SimpleData>
	</SchemaData></ExtendedData>
      <Point><coordinates>-36.5131281021534,-6.15637712014215</coordinates></Point>
  </Placemark>
  <Placemark>
	<ExtendedData><SchemaData schemaUrl="#ponto_de_drenagem_serido">
		<SimpleData name="IDPONTO">199150</SimpleData>
		<SimpleData name="COCURSODAG">7562988</SimpleData>
		<SimpleData name="DSPONTO">Início do Curso D´água</SimpleData>
	</SchemaData></ExtendedData>
      <Point><coordinates>-36.2691574147799,-6.20738868218924</coordinates></Point>
  </Placemark>
  <Placemark>
	<ExtendedData><SchemaData schemaUrl="#ponto_de_drenagem_serido">
		<SimpleData name="IDPONTO">207777</SimpleData>
		<SimpleData name="COCURSODAG">75629494</SimpleData>
		<SimpleData name="DSPONTO">Fim do Curso D´água</SimpleData>
	</SchemaData></ExtendedData>
      <Point><coordinates>-36.3689198004346,-6.15966165049696</coordinates></Point>
  </Placemark>
  <Placemark>
	<ExtendedData><SchemaData schemaUrl="#ponto_de_drenagem_serido">
		<SimpleData name="IDPONTO">237848</SimpleData>
		<SimpleData name="COCURSODAG">75629464</SimpleData>
		<SimpleData name="DSPONTO">Início do Curso D´água</SimpleData>
	</SchemaData></ExtendedData>
      <Point><coordinates>-36.5095191459432,-6.13462249793557</coordinates></Point>
  </Placemark>
  <Placemark>
	<ExtendedData><SchemaData schemaUrl="#ponto_de_drenagem_serido">
		<SimpleData name="IDPONTO">239578</SimpleData>
		<SimpleData name="COCURSODAG">7562984</SimpleData>
		<SimpleData name="DSPONTO">Início do Curso D´água</SimpleData>
	</SchemaData></ExtendedData>
      <Point><coordinates>-36.3354645582138,-6.24712559280379</coordinates></Point>
  </Placemark>
  <Placemark>
	<ExtendedData><SchemaData schemaUrl="#ponto_de_drenagem_serido">
		<SimpleData name="IDPONTO">246626</SimpleData>
		<SimpleData name="COCURSODAG">75629444</SimpleData>
		<SimpleData name="DSPONTO">Início do Curso D´água</SimpleData>
	</SchemaData></ExtendedData>
      <Point><coordinates>-36.3901182895999,-6.22111591191555</coordinates></Point>
  </Placemark>
  <Placemark>
	<ExtendedData><SchemaData schemaUrl="#ponto_de_drenagem_serido">
		<SimpleData name="IDPONTO">246777</SimpleData>
		<SimpleData name="COCURSODAG">75629476</SimpleData>
		<SimpleData name="DSPONTO">Início do Curso D´água</SimpleData>
	</SchemaData></ExtendedData>
      <Point><coordinates>-36.4756522177475,-6.1286947245371</coordinates></Point>
  </Placemark>
  <Placemark>
	<ExtendedData><SchemaData schemaUrl="#ponto_de_drenagem_serido">
		<SimpleData name="IDPONTO">246786</SimpleData>
		<SimpleData name="COCURSODAG">756294942</SimpleData>
		<SimpleData name="DSPONTO">Início do Curso D´água</SimpleData>
	</SchemaData></ExtendedData>
      <Point><coordinates>-36.3264505469457,-6.11326133944094</coordinates></Point>
  </Placemark>
  <Placemark>
	<ExtendedData><SchemaData schemaUrl="#ponto_de_drenagem_serido">
		<SimpleData name="IDPONTO">77346</SimpleData>
		<SimpleData name="COCURSODAG">75628482</SimpleData>
		<SimpleData name="DSPONTO">Fim do Curso D´água</SimpleData>
	</SchemaData></ExtendedData>
      <Point><coordinates>-36.7176966226702,-6.85004186656101</coordinates></Point>
  </Placemark>
  <Placemark>
	<ExtendedData><SchemaData schemaUrl="#ponto_de_drenagem_serido">
		<SimpleData name="IDPONTO">77347</SimpleData>
		<SimpleData name="COCURSODAG">7562848</SimpleData>
		<SimpleData name="DSPONTO">Fim do Curso D´água</SimpleData>
	</SchemaData></ExtendedData>
      <Point><coordinates>-36.7232739464936,-6.84164905581887</coordinates></Point>
  </Placemark>
  <Placemark>
	<ExtendedData><SchemaData schemaUrl="#ponto_de_drenagem_serido">
		<SimpleData name="IDPONTO">84792</SimpleData>
		<SimpleData name="COCURSODAG">7562846</SimpleData>
		<SimpleData name="DSPONTO">Fim do Curso D´água</SimpleData>
	</SchemaData></ExtendedData>
      <Point><coordinates>-36.716377165354,-6.80911326851894</coordinates></Point>
  </Placemark>
  <Placemark>
	<ExtendedData><SchemaData schemaUrl="#ponto_de_drenagem_serido">
		<SimpleData name="IDPONTO">103999</SimpleData>
		<SimpleData name="COCURSODAG">7562848</SimpleData>
		<SimpleData name="DSPONTO">Início do Curso D´água</SimpleData>
	</SchemaData></ExtendedData>
      <Point><coordinates>-36.6970364976314,-6.85258408137406</coordinates></Point>
  </Placemark>
  <Placemark>
	<ExtendedData><SchemaData schemaUrl="#ponto_de_drenagem_serido">
		<SimpleData name="IDPONTO">116150</SimpleData>
		<SimpleData name="COCURSODAG">75628762</SimpleData>
		<SimpleData name="DSPONTO">Fim do Curso D´água</SimpleData>
	</SchemaData></ExtendedData>
      <Point><coordinates>-36.6041896959444,-6.83146405532762</coordinates></Point>
  </Placemark>
  <Placemark>
	<ExtendedData><SchemaData schemaUrl="#ponto_de_drenagem_serido">
		<SimpleData name="IDPONTO">118513</SimpleData>
		<SimpleData name="COCURSODAG">7562878</SimpleData>
		<SimpleData name="DSPONTO">Fim do Curso D´água</SimpleData>
	</SchemaData></ExtendedData>
      <Point><coordinates>-36.5610755158249,-6.83549299449518</coordinates></Point>
  </Placemark>
  <Placemark>
	<ExtendedData><SchemaData schemaUrl="#ponto_de_drenagem_serido">
		<SimpleData name="IDPONTO">118514</SimpleData>
		<SimpleData name="COCURSODAG">7562876</SimpleData>
		<SimpleData name="DSPONTO">Fim do Curso D´água</SimpleData>
	</SchemaData></ExtendedData>
      <Point><coordinates>-36.5929134935761,-6.799790520518</coordinates></Point>
  </Placemark>
  <Placemark>
	<ExtendedData><SchemaData schemaUrl="#ponto_de_drenagem_serido">
		<SimpleData name="IDPONTO">206353</SimpleData>
		<SimpleData name="COCURSODAG">7562846</SimpleData>
		<SimpleData name="DSPONTO">Início do Curso D´água</SimpleData>
	</SchemaData></ExtendedData>
      <Point><coordinates>-36.6916497488784,-6.83685843379837</coordinates></Point>
  </Placemark>
  <Placemark>
	<ExtendedData><SchemaData schemaUrl="#ponto_de_drenagem_serido">
		<SimpleData name="IDPONTO">219872</SimpleData>
		<SimpleData name="COCURSODAG">75628482</SimpleData>
		<SimpleData name="DSPONTO">Início do Curso D´água</SimpleData>
	</SchemaData></ExtendedData>
      <Point><coordinates>-36.7085454976349,-6.89680107840485</coordinates></Point>
  </Placemark>
  <Placemark>
	<ExtendedData><SchemaData schemaUrl="#ponto_de_drenagem_serido">
		<SimpleData name="IDPONTO">232799</SimpleData>
		<SimpleData name="COCURSODAG">7562874</SimpleData>
		<SimpleData name="DSPONTO">Início do Curso D´água</SimpleData>
	</SchemaData></ExtendedData>
      <Point><coordinates>-36.6563867531744,-6.834656289404</coordinates></Point>
  </Placemark>
  <Placemark>
	<ExtendedData><SchemaData schemaUrl="#ponto_de_drenagem_serido">
		<SimpleData name="IDPONTO">7771</SimpleData>
		<SimpleData name="COCURSODAG">7562446</SimpleData>
		<SimpleData name="DSPONTO">Início do Curso D´água</SimpleData>
	</SchemaData></ExtendedData>
      <Point><coordinates>-36.7315327716779,-6.71704660530978</coordinates></Point>
  </Placemark>
  <Placemark>
	<ExtendedData><SchemaData schemaUrl="#ponto_de_drenagem_serido">
		<SimpleData name="IDPONTO">11122</SimpleData>
		<SimpleData name="COCURSODAG">756287142</SimpleData>
		<SimpleData name="DSPONTO">Início do Curso D´água</SimpleData>
	</SchemaData></ExtendedData>
      <Point><coordinates>-36.6512022501195,-6.76333084416254</coordinates></Point>
  </Placemark>
  <Placemark>
	<ExtendedData><SchemaData schemaUrl="#ponto_de_drenagem_serido">
		<SimpleData name="IDPONTO">11123</SimpleData>
		<SimpleData name="COCURSODAG">756287142</SimpleData>
		<SimpleData name="DSPONTO">Fim do Curso D´água</SimpleData>
	</SchemaData></ExtendedData>
      <Point><coordinates>-36.62448423839,-6.76437032604552</coordinates></Point>
  </Placemark>
  <Placemark>
	<ExtendedData><SchemaData schemaUrl="#ponto_de_drenagem_serido">
		<SimpleData name="IDPONTO">14252</SimpleData>
		<SimpleData name="COCURSODAG">7562866</SimpleData>
		<SimpleData name="DSPONTO">Fim do Curso D´água</SimpleData>
	</SchemaData></ExtendedData>
      <Point><coordinates>-36.5668776840299,-6.68981872473254</coordinates></Point>
  </Placemark>
  <Placemark>
	<ExtendedData><SchemaData schemaUrl="#ponto_de_drenagem_serido">
		<SimpleData name="IDPONTO">76466</SimpleData>
		<SimpleData name="COCURSODAG">7562872</SimpleData>
		<SimpleData name="DSPONTO">Fim do Curso D´água</SimpleData>
	</SchemaData></ExtendedData>
      <Point><coordinates>-36.6093052188002,-6.76179971052294</coordinates></Point>
  </Placemark>
  <Placemark>
	<ExtendedData><SchemaData schemaUrl="#ponto_de_drenagem_serido">
		<SimpleData name="IDPONTO">84793</SimpleData>
		<SimpleData name="COCURSODAG">7562844</SimpleData>
		<SimpleData name="DSPONTO">Fim do Curso D´água</SimpleData>
	</SchemaData></ExtendedData>
      <Point><coordinates>-36.701030353873,-6.76705412900017</coordinates></Point>
  </Placemark>
  <Placemark>
	<ExtendedData><SchemaData schemaUrl="#ponto_de_drenagem_serido">
		<SimpleData name="IDPONTO">94255</SimpleData>
		<SimpleData name="COCURSODAG">756286</SimpleData>
		<SimpleData name="DSPONTO">Fim do Curso D´água</SimpleData>
	</SchemaData></ExtendedData>
      <Point><coordinates>-36.6245791907703,-6.68901983393249</coordinates></Point>
  </Placemark>
  <Placemark>
	<ExtendedData><SchemaData schemaUrl="#ponto_de_drenagem_serido">
		<SimpleData name="IDPONTO">95629</SimpleData>
		<SimpleData name="COCURSODAG">75628714</SimpleData>
		<SimpleData name="DSPONTO">Fim do Curso D´água</SimpleData>
	</SchemaData></ExtendedData>
      <Point><coordinates>-36.6170492172613,-6.75151577741446</coordinates></Point>
  </Placemark>
  <Placemark>
	<ExtendedData><SchemaData schemaUrl="#ponto_de_drenagem_serido">
		<SimpleData name="IDPONTO">95630</SimpleData>
		<SimpleData name="COCURSODAG">75628712</SimpleData>
		<SimpleData name="DSPONTO">Fim do Curso D´água</SimpleData>
	</SchemaData></ExtendedData>
      <Point><coordinates>-36.6211042109415,-6.71639111507591</coordinates></Point>
  </Placemark>
  <Placemark>
	<ExtendedData><SchemaData schemaUrl="#ponto_de_drenagem_serido">
		<SimpleData name="IDPONTO">111787</SimpleData>
		<SimpleData name="COCURSODAG">7562842</SimpleData>
		<SimpleData name="DSPONTO">Fim do Curso D´água</SimpleData>
	</SchemaData></ExtendedData>
      <Point><coordinates>-36.6908485883246,-6.73574288900805</coordinates></Point>
  </Placemark>
  <Placemark>
	<ExtendedData><SchemaData schemaUrl="#ponto_de_drenagem_serido">
		<SimpleData name="IDPONTO">111788</SimpleData>
		<SimpleData name="COCURSODAG">75628412</SimpleData>
		<SimpleData name="DSPONTO">Fim do Curso D´água</SimpleData>
	</SchemaData></ExtendedData>
      <Point><coordinates>-36.6858019378251,-6.70712709892061</coordinates></Point>
  </Placemark>
  <Placemark>
	<ExtendedData><SchemaData schemaUrl="#ponto_de_drenagem_serido">
		<SimpleData name="IDPONTO">137606</SimpleData>
		<SimpleData name="COCURSODAG">7562874</SimpleData>
		<SimpleData name="DSPONTO">Fim do Curso D´água</SimpleData>
	</SchemaData></ExtendedData>
      <Point><coordinates>-36.6074169364721,-6.79286329869325</coordinates></Point>
  </Placemark>
  <Placemark>
	<ExtendedData><SchemaData schemaUrl="#ponto_de_drenagem_serido">
		<SimpleData name="IDPONTO">158636</SimpleData>
		<SimpleData name="COCURSODAG">75628712</SimpleData>
		<SimpleData name="DSPONTO">Início do Curso D´água</SimpleData>
	</SchemaData></ExtendedData>
      <Point><coordinates>-36.6536478304986,-6.73172894987049</coordinates></Point>
  </Placemark>
  <Placemark>
	<ExtendedData><SchemaData schemaUrl="#ponto_de_drenagem_serido">
		<SimpleData name="IDPONTO">196118</SimpleData>
		<SimpleData name="COCURSODAG">7562862</SimpleData>
		<SimpleData name="DSPONTO">Fim do Curso D´água</SimpleData>
	</SchemaData></ExtendedData>
      <Point><coordinates>-36.6023129277988,-6.68677148509323</coordinates></Point>
  </Placemark>
  <Placemark>
	<ExtendedData><SchemaData schemaUrl="#ponto_de_drenagem_serido">
		<SimpleData name="IDPONTO">210102</SimpleData>
		<SimpleData name="COCURSODAG">7562864</SimpleData>
		<SimpleData name="DSPONTO">Fim do Curso D´água</SimpleData>
	</SchemaData></ExtendedData>
      <Point><coordinates>-36.5696776399155,-6.68919595155333</coordinates></Point>
  </Placemark>
  <Placemark>
	<ExtendedData><SchemaData schemaUrl="#ponto_de_drenagem_serido">
		<SimpleData name="IDPONTO">211494</SimpleData>
		<SimpleData name="COCURSODAG">7562844</SimpleData>
		<SimpleData name="DSPONTO">Início do Curso D´água</SimpleData>
	</SchemaData></ExtendedData>
      <Point><coordinates>-36.6713556675427,-6.77813869386639</coordinates></Point>
  </Placemark>
  <Placemark>
	<ExtendedData><SchemaData schemaUrl="#ponto_de_drenagem_serido">
		<SimpleData name="IDPONTO">241525</SimpleData>
		<SimpleData name="COCURSODAG">75628412</SimpleData>
		<SimpleData name="DSPONTO">Início do Curso D´água</SimpleData>
	</SchemaData></ExtendedData>
      <Point><coordinates>-36.6627839557804,-6.72281832155496</coordinates></Point>
  </Placemark>
  <Placemark>
	<ExtendedData><SchemaData schemaUrl="#ponto_de_drenagem_serido">
		<SimpleData name="IDPONTO">241786</SimpleData>
		<SimpleData name="COCURSODAG">75628714</SimpleData>
		<SimpleData name="DSPONTO">Início do Curso D´água</SimpleData>
	</SchemaData></ExtendedData>
      <Point><coordinates>-36.6519539415703,-6.79032490088729</coordinates></Point>
  </Placemark>
  <Placemark>
	<ExtendedData><SchemaData schemaUrl="#ponto_de_drenagem_serido">
		<SimpleData name="IDPONTO">242740</SimpleData>
		<SimpleData name="COCURSODAG">7562842</SimpleData>
		<SimpleData name="DSPONTO">Início do Curso D´água</SimpleData>
	</SchemaData></ExtendedData>
      <Point><coordinates>-36.6674456696207,-6.74651070217866</coordinates></Point>
  </Placemark>
</Folder>
</Document></kml>
