<?xml version="1.0" encoding="UTF-8"?>
<kml xmlns="http://www.opengis.net/kml/2.2" xmlns:gx="http://www.google.com/kml/ext/2.2" xmlns:kml="http://www.opengis.net/kml/2.2" xmlns:atom="http://www.w3.org/2005/Atom">
<Document>
	<name>SeridoUnificado.kml</name>
	<Schema name="SeridoUnificado" id="S_SeridoUnificado_SSSSSSSDDDDDSSSSSSSSSSSS">
		<SimpleField type="string" name="Name"><displayName>&lt;b&gt;Name&lt;/b&gt;</displayName>
</SimpleField>
		<SimpleField type="string" name="descriptio"><displayName>&lt;b&gt;descriptio&lt;/b&gt;</displayName>
</SimpleField>
		<SimpleField type="string" name="timestamp"><displayName>&lt;b&gt;timestamp&lt;/b&gt;</displayName>
</SimpleField>
		<SimpleField type="string" name="begin"><displayName>&lt;b&gt;begin&lt;/b&gt;</displayName>
</SimpleField>
		<SimpleField type="string" name="end"><displayName>&lt;b&gt;end&lt;/b&gt;</displayName>
</SimpleField>
		<SimpleField type="string" name="altitudeMo"><displayName>&lt;b&gt;altitudeMo&lt;/b&gt;</displayName>
</SimpleField>
		<SimpleField type="long" name="tessellate"><displayName>&lt;b&gt;tessellate&lt;/b&gt;</displayName>
</SimpleField>
		<SimpleField type="long" name="extrude"><displayName>&lt;b&gt;extrude&lt;/b&gt;</displayName>
</SimpleField>
		<SimpleField type="long" name="visibility"><displayName>&lt;b&gt;visibility&lt;/b&gt;</displayName>
</SimpleField>
		<SimpleField type="long" name="drawOrder"><displayName>&lt;b&gt;drawOrder&lt;/b&gt;</displayName>
</SimpleField>
		<SimpleField type="string" name="icon"><displayName>&lt;b&gt;icon&lt;/b&gt;</displayName>
</SimpleField>
		<SimpleField type="double" name="Area_Km2"><displayName>&lt;b&gt;Area_Km2&lt;/b&gt;</displayName>
</SimpleField>
		<SimpleField type="double" name="Pop_estim"><displayName>&lt;b&gt;Pop_estim&lt;/b&gt;</displayName>
</SimpleField>
		<SimpleField type="double" name="Dens_demog"><displayName>&lt;b&gt;Dens_demog&lt;/b&gt;</displayName>
</SimpleField>
		<SimpleField type="double" name="Latitude"><displayName>&lt;b&gt;Latitude&lt;/b&gt;</displayName>
</SimpleField>
		<SimpleField type="double" name="Longitude"><displayName>&lt;b&gt;Longitude&lt;/b&gt;</displayName>
</SimpleField>
		<SimpleField type="string" name="Lat_GMS"><displayName>&lt;b&gt;Lat_GMS&lt;/b&gt;</displayName>
</SimpleField>
		<SimpleField type="string" name="Long_GMS"><displayName>&lt;b&gt;Long_GMS&lt;/b&gt;</displayName>
</SimpleField>
		<SimpleField type="string" name="Nome"><displayName>&lt;b&gt;Nome&lt;/b&gt;</displayName>
</SimpleField>
		<SimpleField type="string" name="Mesorreg"><displayName>&lt;b&gt;Mesorreg&lt;/b&gt;</displayName>
</SimpleField>
		<SimpleField type="string" name="Microrreg"><displayName>&lt;b&gt;Microrreg&lt;/b&gt;</displayName>
</SimpleField>
		<SimpleField type="string" name="Gant_lico"><displayName>&lt;b&gt;Gant?lico&lt;/b&gt;</displayName>
</SimpleField>
		<SimpleField type="string" name="Geocod_Mun"><displayName>&lt;b&gt;Geocod_Mun&lt;/b&gt;</displayName>
</SimpleField>
		<SimpleField type="string" name="CD_MUN"><displayName>&lt;b&gt;CD_MUN&lt;/b&gt;</displayName>
</SimpleField>
		<SimpleField type="string" name="NM_MUN"><displayName>&lt;b&gt;NM_MUN&lt;/b&gt;</displayName>
</SimpleField>
		<SimpleField type="string" name="SIGLA_UF"><displayName>&lt;b&gt;SIGLA_UF&lt;/b&gt;</displayName>
</SimpleField>
		<SimpleField type="string" name="layer"><displayName>&lt;b&gt;layer&lt;/b&gt;</displayName>
</SimpleField>
		<SimpleField type="string" name="path"><displayName>&lt;b&gt;path&lt;/b&gt;</displayName>
</SimpleField>
	</Schema>
	<Style id="falseColor">
		<BalloonStyle>
			<text><![CDATA[<table border="0">
  <tr><td><b>Name</b></td><td>$[SeridoUnificado/Name]</td></tr>
  <tr><td><b>descriptio</b></td><td>$[SeridoUnificado/descriptio]</td></tr>
  <tr><td><b>timestamp</b></td><td>$[SeridoUnificado/timestamp]</td></tr>
  <tr><td><b>begin</b></td><td>$[SeridoUnificado/begin]</td></tr>
  <tr><td><b>end</b></td><td>$[SeridoUnificado/end]</td></tr>
  <tr><td><b>altitudeMo</b></td><td>$[SeridoUnificado/altitudeMo]</td></tr>
  <tr><td><b>tessellate</b></td><td>$[SeridoUnificado/tessellate]</td></tr>
  <tr><td><b>extrude</b></td><td>$[SeridoUnificado/extrude]</td></tr>
  <tr><td><b>visibility</b></td><td>$[SeridoUnificado/visibility]</td></tr>
  <tr><td><b>drawOrder</b></td><td>$[SeridoUnificado/drawOrder]</td></tr>
  <tr><td><b>icon</b></td><td>$[SeridoUnificado/icon]</td></tr>
  <tr><td><b>Area_Km2</b></td><td>$[SeridoUnificado/Area_Km2]</td></tr>
  <tr><td><b>Pop_estim</b></td><td>$[SeridoUnificado/Pop_estim]</td></tr>
  <tr><td><b>Dens_demog</b></td><td>$[SeridoUnificado/Dens_demog]</td></tr>
  <tr><td><b>Latitude</b></td><td>$[SeridoUnificado/Latitude]</td></tr>
  <tr><td><b>Longitude</b></td><td>$[SeridoUnificado/Longitude]</td></tr>
  <tr><td><b>Lat_GMS</b></td><td>$[SeridoUnificado/Lat_GMS]</td></tr>
  <tr><td><b>Long_GMS</b></td><td>$[SeridoUnificado/Long_GMS]</td></tr>
  <tr><td><b>Nome</b></td><td>$[SeridoUnificado/Nome]</td></tr>
  <tr><td><b>Mesorreg</b></td><td>$[SeridoUnificado/Mesorreg]</td></tr>
  <tr><td><b>Microrreg</b></td><td>$[SeridoUnificado/Microrreg]</td></tr>
  <tr><td><b>Gant?lico</b></td><td>$[SeridoUnificado/Gant_lico]</td></tr>
  <tr><td><b>Geocod_Mun</b></td><td>$[SeridoUnificado/Geocod_Mun]</td></tr>
  <tr><td><b>CD_MUN</b></td><td>$[SeridoUnificado/CD_MUN]</td></tr>
  <tr><td><b>NM_MUN</b></td><td>$[SeridoUnificado/NM_MUN]</td></tr>
  <tr><td><b>SIGLA_UF</b></td><td>$[SeridoUnificado/SIGLA_UF]</td></tr>
  <tr><td><b>layer</b></td><td>$[SeridoUnificado/layer]</td></tr>
  <tr><td><b>path</b></td><td>$[SeridoUnificado/path]</td></tr>
</table>
]]></text>
		</BalloonStyle>
		<PolyStyle>
			<colorMode>random</colorMode>
		</PolyStyle>
	</Style>
	<Folder id="layer 0">
		<name>SeridoUnificado</name>
		<open>1</open>
		<Placemark>
			<styleUrl>#falseColor</styleUrl>
			<Style id="inline">
				<IconStyle>
					<color>ffffffff</color>
					<colorMode>normal</colorMode>
				</IconStyle>
				<LineStyle>
					<color>ffffffff</color>
					<colorMode>normal</colorMode>
				</LineStyle>
				<PolyStyle>
					<color>ffffffff</color>
					<colorMode>normal</colorMode>
				</PolyStyle>
			</Style>
			<ExtendedData>
				<SchemaData schemaUrl="#S_SeridoUnificado_SSSSSSSDDDDDSSSSSSSSSSSS">
					<SimpleData name="Name"></SimpleData>
					<SimpleData name="descriptio"></SimpleData>
					<SimpleData name="timestamp"></SimpleData>
					<SimpleData name="begin"></SimpleData>
					<SimpleData name="end"></SimpleData>
					<SimpleData name="altitudeMo"></SimpleData>
					<SimpleData name="tessellate">-1</SimpleData>
					<SimpleData name="extrude">0</SimpleData>
					<SimpleData name="visibility">-1</SimpleData>
					<SimpleData name="drawOrder">0</SimpleData>
					<SimpleData name="icon"></SimpleData>
					<SimpleData name="Area_Km2">661.657</SimpleData>
					<SimpleData name="Pop_estim">18703</SimpleData>
					<SimpleData name="Dens_demog">27.54</SimpleData>
					<SimpleData name="Latitude">-6.49327</SimpleData>
					<SimpleData name="Longitude">-36.3365</SimpleData>
					<SimpleData name="Lat_GMS">-6?29&apos;36&quot;</SimpleData>
					<SimpleData name="Long_GMS">-36?20&apos;12&quot;</SimpleData>
					<SimpleData name="Nome">Picu?</SimpleData>
					<SimpleData name="Mesorreg">Borborema</SimpleData>
					<SimpleData name="Microrreg">Serid? Oriental Paraibano</SimpleData>
					<SimpleData name="Gant_lico">Picu?ense</SimpleData>
					<SimpleData name="Geocod_Mun">2511400</SimpleData>
					<SimpleData name="CD_MUN"></SimpleData>
					<SimpleData name="NM_MUN"></SimpleData>
					<SimpleData name="SIGLA_UF"></SimpleData>
					<SimpleData name="layer">SeridoPB</SimpleData>
					<SimpleData name="path">C:\Users\damas\OneDrive\2025_1\MARIANNA 2025\SERIDO PB_RN\SeridoPB.shp</SimpleData>
				</SchemaData>
			</ExtendedData>
			<gx:balloonVisibility>1</gx:balloonVisibility>
			<Polygon>
				<outerBoundaryIs>
					<LinearRing>
						<coordinates>
							-36.4545003229999,-6.551709972999962,0 -36.44917337800001,-6.553914159999983,0 -36.4459749229999,-6.556201883999961,0 -36.44439028499988,-6.558319601999923,0 -36.44339362599991,-6.560677398999923,0 -36.442232517,-6.564705874999968,0 -36.441227521,-6.573757774999924,0 -36.44070091899992,-6.586983771999943,0 -36.44107300400001,-6.591042856999943,0 -36.441445093,-6.595101986999965,0 -36.441147542,-6.600018620999954,0 -36.43923201500002,-6.612705918999946,0 -36.43585814099998,-6.625877963999917,0 -36.43627924200001,-6.628224517999968,0 -36.43822229999989,-6.629283495999978,0 -36.43104487700001,-6.63608939299997,0 -36.42758197399998,-6.639372992999935,0 -36.408892743,-6.657094525999973,0 -36.406040574,-6.659797985999938,0 -36.40376135799988,-6.657053968999955,0 -36.40241737499999,-6.653805066999945,0 -36.40134472800001,-6.649597394999942,0 -36.39919960700001,-6.644897772999963,0 -36.39747575799999,-6.641121091999929,0 -36.39310655299991,-6.638363495999961,0 -36.392389898,-6.63542397199995,0 -36.39015427699999,-6.633535754999973,0 -36.38609703700002,-6.631896050999955,0 -36.38495475499999,-6.630372536999978,0 -36.38464798999999,-6.629359614999942,0 -36.385073726,-6.628037935999938,0 -36.384907585,-6.623825185999975,0 -36.38595444599999,-6.616032349999957,0 -36.38397080399989,-6.609051366999945,0 -36.38398335499989,-6.606724418999939,0 -36.385413776,-6.602834441999963,0 -36.38427202,-6.601614473999982,0 -36.38148938099992,-6.595118375999962,0 -36.38029549000001,-6.593441273999927,0 -36.375645759,-6.596812874999958,0 -36.37427926600001,-6.597803575999935,0 -36.34987517999999,-6.615496426999918,0 -36.34965905999999,-6.615653095999951,0 -36.33043022800002,-6.629592345999972,0 -36.33010807299998,-6.629825880999931,0 -36.30783842099989,-6.645966152999952,0 -36.2816988019999,-6.678166541999935,0 -36.2666098839999,-6.69674557099996,0 -36.26643132000001,-6.696242764999965,0 -36.26565562199988,-6.694058413999926,0 -36.2661507179999,-6.69298801699995,0 -36.26981677799989,-6.691705478999948,0 -36.2716275769999,-6.686601642999957,0 -36.27315138400002,-6.678840400999954,0 -36.27297432699989,-6.676706921999928,0 -36.272628035,-6.672534210999961,0 -36.27326479999991,-6.670543491999976,0 -36.27509657099989,-6.667368920999941,0 -36.27549217899999,-6.661333476999967,0 -36.277458327,-6.657236552999954,0 -36.276737875,-6.65078193099993,0 -36.275396653,-6.648728647999964,0 -36.27426574099999,-6.643334634999965,0 -36.27411573599989,-6.642618241999962,0 -36.27290260500002,-6.636824561999967,0 -36.2728697749999,-6.636071602999958,0 -36.27230542699991,-6.623128410999916,0 -36.27169649500002,-6.620153651999948,0 -36.27154334900002,-6.611921281999972,0 -36.2720911179999,-6.60804788799993,0 -36.27286533499989,-6.605545161999949,0 -36.27531121999991,-6.604237635999937,0 -36.279109353,-6.596308541999976,0 -36.29278258999989,-6.574111534999938,0 -36.29545100499999,-6.571478893999938,0 -36.29709066399991,-6.569861872999978,0 -36.297951417,-6.568295637999944,0 -36.2990249609999,-6.566342203999966,0 -36.30034628600001,-6.559702287999918,0 -36.30038592099989,-6.552597577999961,0 -36.30112590999989,-6.543440601999984,0 -36.29927241799991,-6.545922299999964,0 -36.2935874459999,-6.555908575999974,0 -36.29116949199992,-6.558231076999952,0 -36.28310247499999,-6.561784717999957,0 -36.27851187800002,-6.564705626999967,0 -36.27661921499998,-6.567552550999951,0 -36.272092604,-6.571063997999942,0 -36.27011402700001,-6.572598847999918,0 -36.255317104,-6.577764659999961,0 -36.25234790900002,-6.579311045999932,0 -36.25033169900001,-6.580702267999934,0 -36.24874986000001,-6.582461408999962,0 -36.24682197899989,-6.586130347999934,0 -36.24426183199989,-6.588588949999982,0 -36.24344751599988,-6.589370966999979,0 -36.23422370500001,-6.594838459999943,0 -36.22510102399999,-6.559492266999946,0 -36.22506399899991,-6.559366666999946,0 -36.225070248,-6.558450796999987,0 -36.22537243599991,-6.514162022999925,0 -36.22537570299988,-6.51368325999994,0 -36.22578739700001,-6.485659816999936,0 -36.225816751,-6.483661753999963,0 -36.22604994599991,-6.46763255199994,0 -36.22624413299999,-6.453113504999967,0 -36.2262442529999,-6.453104544999966,0 -36.22625565800001,-6.452251830999955,0 -36.2262754189999,-6.452104829999943,0 -36.22653492599989,-6.434028063999968,0 -36.22900791399999,-6.434228769999947,0 -36.23710758800001,-6.435450164999967,0 -36.23718464099988,-6.43546178399993,0 -36.23718895299989,-6.435462433999923,0 -36.2389084239999,-6.435721721999935,0 -36.24739767400002,-6.437001862999978,0 -36.24790132399988,-6.437077810999947,0 -36.24827788100001,-6.437134593999929,0 -36.24840108699991,-6.437153172999947,0 -36.24847613399991,-6.437164489999924,0 -36.248544151,-6.437174746999974,0 -36.24861459199999,-6.437185368999954,0 -36.24868001700001,-6.437195234999931,0 -36.24871576300001,-6.437200624999937,0 -36.248750499,-6.437205862999971,0 -36.248818855,-6.437216170999925,0 -36.24888977599988,-6.43722686599995,0 -36.248959407,-6.437237365999979,0 -36.24899482500002,-6.437242706999942,0 -36.24902949700001,-6.437247934999954,0 -36.24906411099991,-6.437253154999947,0 -36.249098212,-6.437258296999973,0 -36.24913173800002,-6.437263352999931,0 -36.24916557099991,-6.437268454999973,0 -36.249183315,-6.437271130999935,0 -36.24932564400001,-6.437292592999933,0 -36.24946522199999,-6.437313640999955,0 -36.24960893799991,-6.43733531299995,0 -36.24974793500002,-6.437356272999986,0 -36.24975105800002,-6.437356743999945,0 -36.24975425,-6.437357224999964,0 -36.249757143,-6.437357661999961,0 -36.24976609,-6.437359009999972,0 -36.2497692279999,-6.437359483999952,0 -36.24977207199998,-6.437359912999967,0 -36.25116286899998,-6.404423478999954,0 -36.25900726500001,-6.404779053999958,0 -36.26159236500001,-6.402312281999974,0 -36.26224400699991,-6.402275221999965,0 -36.26855726499999,-6.401918086999951,0 -36.26909458400001,-6.401887691999955,0 -36.27215824099988,-6.401067112999945,0 -36.27709105299991,-6.398374222999957,0 -36.28291973599988,-6.397419679999934,0 -36.29161056000002,-6.395995694999959,0 -36.29522141000002,-6.394560507999936,0 -36.29596945,-6.393231887999937,0 -36.29587978,-6.392713383999942,0 -36.295431766,-6.390124116999973,0 -36.29763984399988,-6.387296045999951,0 -36.29885750999989,-6.384606833999946,0 -36.29924455100002,-6.382057107999972,0 -36.29881312899992,-6.376540574999987,0 -36.29633838500001,-6.370410413999929,0 -36.295615867,-6.368621138999966,0 -36.29283924,-6.364813420999942,0 -36.2815524219999,-6.354604438999951,0 -36.27847741499989,-6.349357095999957,0 -36.277134482,-6.344625952999927,0 -36.27674745299998,-6.340430467999973,0 -36.27875331699988,-6.327043007999984,0 -36.27913544199998,-6.317627088999924,0 -36.27943249500002,-6.31030081799998,0 -36.27987270099991,-6.308861518999938,0 -36.28622474799992,-6.301957231999957,0 -36.28704623499991,-6.301064284999935,0 -36.29239109600001,-6.295254460999963,0 -36.2949796259999,-6.29210684599996,0 -36.29740186000002,-6.289161303999951,0 -36.3035238809999,-6.283033732999968,0 -36.30488053100002,-6.282194751999954,0 -36.307591268,-6.281497949999954,0 -36.313640001,-6.283356091999961,0 -36.32949216799988,-6.294097190999935,0 -36.34346430599991,-6.302230501999926,0 -36.34398789099998,-6.302534701999956,0 -36.343992639,-6.302538599999938,0 -36.34622691600001,-6.304373067999965,0 -36.34752634699999,-6.306213044999927,0 -36.347656179,-6.309177271999944,0 -36.34561216799989,-6.31099978799994,0 -36.34377765499988,-6.31430471199997,0 -36.3386916159999,-6.314702379999979,0 -36.33852204300002,-6.319498729999968,0 -36.33596947000001,-6.32124837399993,0 -36.33639920600001,-6.322379392999946,0 -36.3398695659999,-6.325359460999955,0 -36.34044324500002,-6.327337545999974,0 -36.34167291899999,-6.328401266999957,0 -36.34295775199998,-6.332922689999981,0 -36.34439722699988,-6.335327259999934,0 -36.34896297099991,-6.33767968699993,0 -36.350547659,-6.340790648999919,0 -36.35168944899991,-6.345027755999979,0 -36.3511638489999,-6.347917201999964,0 -36.3524580869999,-6.35074579599995,0 -36.35463145899998,-6.35174366499996,0 -36.3606408649999,-6.350019383999959,0 -36.36531861299989,-6.350599317999981,0 -36.368809577,-6.350053597999931,0 -36.37070452899999,-6.348652315999976,0 -36.37156836500001,-6.350348128999941,0 -36.376272769,-6.354111450999929,0 -36.369210262,-6.358909786999963,0 -36.36774256699991,-6.360064790999964,0 -36.37687762799991,-6.378210175999921,0 -36.37598641299999,-6.385197825999964,0 -36.3750260109999,-6.392727564999976,0 -36.390441172,-6.412022326999929,0 -36.39511925999989,-6.406545365999941,0 -36.40102073799988,-6.403400145999976,0 -36.41011957199999,-6.400554612999947,0 -36.41629115599989,-6.400641533999925,0 -36.42055604599989,-6.403628976999924,0 -36.42193960200002,-6.405481567999971,0 -36.42844663999988,-6.416126507999942,0 -36.43060360399989,-6.420968548999955,0 -36.436942847,-6.428367357999944,0 -36.43881527600001,-6.431762850999974,0 -36.43894925399999,-6.433879890999938,0 -36.437703852,-6.435919645999943,0 -36.43551975,-6.436472868999934,0 -36.420187148,-6.436325078999976,0 -36.42161827300001,-6.44070509799997,0 -36.42292116300002,-6.441841364999961,0 -36.42806669499998,-6.44419491599995,0 -36.43003007899988,-6.444498338999956,0 -36.430073587,-6.444505062999952,0 -36.43018433999998,-6.44452217899993,0 -36.43169322499988,-6.445767276999952,0 -36.43913520500001,-6.454901871999937,0 -36.43970525500001,-6.457162114999959,0 -36.43868208899988,-6.458285002999961,0 -36.42886535799992,-6.45901076099994,0 -36.425444709,-6.460194500999941,0 -36.419315433,-6.464816170999946,0 -36.41828758700001,-6.466930110999954,0 -36.41812549899998,-6.470030327999952,0 -36.42049131900001,-6.476461496999955,0 -36.42164730199988,-6.478161893999919,0 -36.4595446239999,-6.518413481999974,0 -36.46919052999991,-6.54909615299994,0 -36.4627003919999,-6.550250915999922,0 -36.46225563199991,-6.550330016999972,0 -36.4545003229999,-6.551709972999962,0 
						</coordinates>
					</LinearRing>
				</outerBoundaryIs>
			</Polygon>
		</Placemark>
		<Placemark>
			<styleUrl>#falseColor</styleUrl>
			<Style id="inline">
				<IconStyle>
					<color>ffffffff</color>
					<colorMode>normal</colorMode>
				</IconStyle>
				<LineStyle>
					<color>ffffffff</color>
					<colorMode>normal</colorMode>
				</LineStyle>
				<PolyStyle>
					<color>ffffffff</color>
					<colorMode>normal</colorMode>
				</PolyStyle>
			</Style>
			<ExtendedData>
				<SchemaData schemaUrl="#S_SeridoUnificado_SSSSSSSDDDDDSSSSSSSSSSSS">
					<SimpleData name="Name"></SimpleData>
					<SimpleData name="descriptio"></SimpleData>
					<SimpleData name="timestamp"></SimpleData>
					<SimpleData name="begin"></SimpleData>
					<SimpleData name="end"></SimpleData>
					<SimpleData name="altitudeMo"></SimpleData>
					<SimpleData name="tessellate">-1</SimpleData>
					<SimpleData name="extrude">0</SimpleData>
					<SimpleData name="visibility">-1</SimpleData>
					<SimpleData name="drawOrder">0</SimpleData>
					<SimpleData name="icon"></SimpleData>
					<SimpleData name="Area_Km2">310.352</SimpleData>
					<SimpleData name="Pop_estim">4906</SimpleData>
					<SimpleData name="Dens_demog">14.05</SimpleData>
					<SimpleData name="Latitude">-6.67576</SimpleData>
					<SimpleData name="Longitude">-36.4276</SimpleData>
					<SimpleData name="Lat_GMS">-6?40&apos;33&quot;</SimpleData>
					<SimpleData name="Long_GMS">-36?25&apos;39&quot;</SimpleData>
					<SimpleData name="Nome">Nova Palmeira</SimpleData>
					<SimpleData name="Mesorreg">Borborema</SimpleData>
					<SimpleData name="Microrreg">Serid? Oriental Paraibano</SimpleData>
					<SimpleData name="Gant_lico">Nova-palmeirense</SimpleData>
					<SimpleData name="Geocod_Mun">2510303</SimpleData>
					<SimpleData name="CD_MUN"></SimpleData>
					<SimpleData name="NM_MUN"></SimpleData>
					<SimpleData name="SIGLA_UF"></SimpleData>
					<SimpleData name="layer">SeridoPB</SimpleData>
					<SimpleData name="path">C:\Users\damas\OneDrive\2025_1\MARIANNA 2025\SERIDO PB_RN\SeridoPB.shp</SimpleData>
				</SchemaData>
			</ExtendedData>
			<Polygon>
				<outerBoundaryIs>
					<LinearRing>
						<coordinates>
							-36.543281474,-6.678703488999938,0 -36.545135221,-6.685984278999975,0 -36.54526775199999,-6.688780831999967,0 -36.54685666599989,-6.693492962999922,0 -36.54741521999988,-6.695149727999934,0 -36.54944852700001,-6.698060190999959,0 -36.55377945899988,-6.703014022999989,0 -36.55734450799999,-6.706100842999938,0 -36.55869294799991,-6.707651883999974,0 -36.55888038099991,-6.709107491999928,0 -36.55794224600001,-6.712599646999942,0 -36.5548191349999,-6.717034137999967,0 -36.5516564769999,-6.719380899999974,0 -36.54921968899998,-6.722049370999961,0 -36.54420445499989,-6.731203503999943,0 -36.54227785299999,-6.732373741999926,0 -36.539328418,-6.732907015999965,0 -36.53351809000001,-6.733486086999956,0 -36.52841931299999,-6.729396487999971,0 -36.527009408,-6.726074745999928,0 -36.525390886,-6.72654791999997,0 -36.5237669109999,-6.728347603999955,0 -36.519737946,-6.727303592999925,0 -36.51526434300002,-6.727641103999932,0 -36.51384049800001,-6.72649152299994,0 -36.51297091699999,-6.726486023999945,0 -36.51160146199991,-6.727322203999966,0 -36.51015084599991,-6.726726928999933,0 -36.508136882,-6.725136043999957,0 -36.50173075600001,-6.72672965899994,0 -36.49981351700001,-6.72509368899995,0 -36.49658656799988,-6.724955686999983,0 -36.48968143100001,-6.727389802999943,0 -36.48769663499999,-6.726898175999954,0 -36.48670858299992,-6.725689227999965,0 -36.4818179929999,-6.722833570999958,0 -36.47808442299998,-6.72438070799995,0 -36.47622375799988,-6.724008342999976,0 -36.474170541,-6.724781107999947,0 -36.472432225,-6.724771748999951,0 -36.47020427999999,-6.723194462999961,0 -36.46505514199999,-6.722023012999959,0 -36.46419010099989,-6.72069475399997,0 -36.460964342,-6.72091720099997,0 -36.45907508900002,-6.71977610699998,0 -36.458052075,-6.719759240999963,0 -36.454130087,-6.721725853999951,0 -36.45003180700002,-6.721703908999935,0 -36.44777783599989,-6.725185993999954,0 -36.44643037899991,-6.725546995999927,0 -36.4461113569999,-6.725632021999948,0 -36.42662660199989,-6.732785201999938,0 -36.4025467399999,-6.742365908999943,0 -36.38314159999991,-6.746719391999941,0 -36.37944063299989,-6.748415250999928,0 -36.37750835,-6.747633818999921,0 -36.37316702499991,-6.741573530999969,0 -36.37037961899989,-6.73942660299997,0 -36.36885746799991,-6.739006815999968,0 -36.357330517,-6.73993647299995,0 -36.3448936149999,-6.743005812999971,0 -36.34356996399998,-6.724279299999973,0 -36.3429700259999,-6.722535368999965,0 -36.34166786500001,-6.718750177999945,0 -36.34168359400002,-6.715748912999961,0 -36.33993324799999,-6.712632447999958,0 -36.33789726200002,-6.711282715999971,0 -36.3334886769999,-6.709652644999951,0 -36.33261676599988,-6.707397753999951,0 -36.33014399500002,-6.705186331999931,0 -36.32771805199999,-6.704637197999938,0 -36.32639770500001,-6.703343298999935,0 -36.3252960529999,-6.702910566999942,0 -36.32225992699988,-6.702731854999964,0 -36.31516141099998,-6.697819730999988,0 -36.31341195800002,-6.694702069999945,0 -36.31227985299989,-6.689605643999927,0 -36.30997811299989,-6.686272163999954,0 -36.301771092,-6.686281501999927,0 -36.291100236,-6.684668399999971,0 -36.28686302499989,-6.681913189999942,0 -36.285546757,-6.680193024999941,0 -36.2816988019999,-6.678166541999935,0 -36.30783842099989,-6.645966152999952,0 -36.33010807299998,-6.629825880999931,0 -36.33043022800002,-6.629592345999972,0 -36.34965905999999,-6.615653095999951,0 -36.34987517999999,-6.615496426999918,0 -36.37427926600001,-6.597803575999935,0 -36.375645759,-6.596812874999958,0 -36.38029549000001,-6.593441273999927,0 -36.38148938099992,-6.595118375999962,0 -36.38427202,-6.601614473999982,0 -36.385413776,-6.602834441999963,0 -36.38398335499989,-6.606724418999939,0 -36.38397080399989,-6.609051366999945,0 -36.38595444599999,-6.616032349999957,0 -36.384907585,-6.623825185999975,0 -36.385073726,-6.628037935999938,0 -36.38464798999999,-6.629359614999942,0 -36.38495475499999,-6.630372536999978,0 -36.38609703700002,-6.631896050999955,0 -36.39015427699999,-6.633535754999973,0 -36.392389898,-6.63542397199995,0 -36.39310655299991,-6.638363495999961,0 -36.39747575799999,-6.641121091999929,0 -36.39919960700001,-6.644897772999963,0 -36.40134472800001,-6.649597394999942,0 -36.40241737499999,-6.653805066999945,0 -36.40376135799988,-6.657053968999955,0 -36.406040574,-6.659797985999938,0 -36.408892743,-6.657094525999973,0 -36.42758197399998,-6.639372992999935,0 -36.43104487700001,-6.63608939299997,0 -36.43822229999989,-6.629283495999978,0 -36.443017905,-6.627432246999943,0 -36.444281367,-6.626284536999945,0 -36.4493487939999,-6.624197626999935,0 -36.453164461,-6.626040848999926,0 -36.45399387200002,-6.626597093999966,0 -36.45828563500001,-6.633970608999961,0 -36.45914713499999,-6.634465730999981,0 -36.46051797500002,-6.63439362599997,0 -36.4629434469999,-6.632449034999985,0 -36.46640475100001,-6.62844964899995,0 -36.468763942,-6.624296202999977,0 -36.471709098,-6.616554376999943,0 -36.47348061499999,-6.614406688999961,0 -36.4771338109999,-6.612580830999947,0 -36.483134374,-6.611396756999959,0 -36.484995553,-6.610801365999976,0 -36.4892911069999,-6.607863397999953,0 -36.4937731439999,-6.60354945099993,0 -36.49844309699989,-6.602959125999968,0 -36.50202314599988,-6.601483935999973,0 -36.5056685499999,-6.597037786999982,0 -36.50795995199999,-6.595450822999971,0 -36.5116574539999,-6.594413371999963,0 -36.51381075199999,-6.594392999999976,0 -36.51876854599991,-6.595686824999973,0 -36.52191103799998,-6.597087618999988,0 -36.52454273300001,-6.59965326199994,0 -36.52447976100002,-6.601094852999953,0 -36.52301357900001,-6.602818600999971,0 -36.52123739799998,-6.606981964999925,0 -36.520742699,-6.61060155399997,0 -36.5210145889999,-6.613159707999962,0 -36.52300711200001,-6.619001130999951,0 -36.52697463600001,-6.627192327999976,0 -36.53130569,-6.634885808999966,0 -36.533965606,-6.642095146999967,0 -36.54174614800002,-6.666063273999945,0 -36.542978166,-6.671794478999966,0 -36.54309537899999,-6.674464464999978,0 -36.543281474,-6.678703488999938,0 
						</coordinates>
					</LinearRing>
				</outerBoundaryIs>
			</Polygon>
		</Placemark>
		<Placemark>
			<styleUrl>#falseColor</styleUrl>
			<Style id="inline">
				<IconStyle>
					<color>ffffffff</color>
					<colorMode>normal</colorMode>
				</IconStyle>
				<LineStyle>
					<color>ffffffff</color>
					<colorMode>normal</colorMode>
				</LineStyle>
				<PolyStyle>
					<color>ffffffff</color>
					<colorMode>normal</colorMode>
				</PolyStyle>
			</Style>
			<ExtendedData>
				<SchemaData schemaUrl="#S_SeridoUnificado_SSSSSSSDDDDDSSSSSSSSSSSS">
					<SimpleData name="Name"></SimpleData>
					<SimpleData name="descriptio"></SimpleData>
					<SimpleData name="timestamp"></SimpleData>
					<SimpleData name="begin"></SimpleData>
					<SimpleData name="end"></SimpleData>
					<SimpleData name="altitudeMo"></SimpleData>
					<SimpleData name="tessellate">-1</SimpleData>
					<SimpleData name="extrude">0</SimpleData>
					<SimpleData name="visibility">-1</SimpleData>
					<SimpleData name="drawOrder">0</SimpleData>
					<SimpleData name="icon"></SimpleData>
					<SimpleData name="Area_Km2">105.271</SimpleData>
					<SimpleData name="Pop_estim">3058</SimpleData>
					<SimpleData name="Dens_demog">26.72</SimpleData>
					<SimpleData name="Latitude">-6.96101</SimpleData>
					<SimpleData name="Longitude">-36.6241</SimpleData>
					<SimpleData name="Lat_GMS">-6?57&apos;40&quot;</SimpleData>
					<SimpleData name="Long_GMS">-36?37&apos;27&quot;</SimpleData>
					<SimpleData name="Nome">Ten?rio</SimpleData>
					<SimpleData name="Mesorreg">Borborema</SimpleData>
					<SimpleData name="Microrreg">Serid? Oriental Paraibano</SimpleData>
					<SimpleData name="Gant_lico">Tenorense</SimpleData>
					<SimpleData name="Geocod_Mun">2516755</SimpleData>
					<SimpleData name="CD_MUN"></SimpleData>
					<SimpleData name="NM_MUN"></SimpleData>
					<SimpleData name="SIGLA_UF"></SimpleData>
					<SimpleData name="layer">SeridoPB</SimpleData>
					<SimpleData name="path">C:\Users\damas\OneDrive\2025_1\MARIANNA 2025\SERIDO PB_RN\SeridoPB.shp</SimpleData>
				</SchemaData>
			</ExtendedData>
			<Polygon>
				<outerBoundaryIs>
					<LinearRing>
						<coordinates>
							-36.64195243599988,-6.931745860999965,0 -36.648330659,-6.92960998599994,0 -36.65376004399999,-6.928473126999961,0 -36.6548791829999,-6.928238814999938,0 -36.65662982000001,-6.929480537999941,0 -36.65917826700002,-6.932210188999934,0 -36.659968324,-6.934624865999986,0 -36.66061413799999,-6.941176014999943,0 -36.660673376,-6.953397478999941,0 -36.66175330700001,-6.961550483999924,0 -36.66220585100002,-6.962920907999943,0 -36.66719640499999,-6.969596228999924,0 -36.66832590000002,-6.970929015999947,0 -36.6717879609999,-6.97190832099994,0 -36.67587002599998,-6.971772011999972,0 -36.681358647,-6.970673108999956,0 -36.6850477679999,-6.969217538999946,0 -36.68616664799999,-6.969300052999918,0 -36.687638896,-6.971053520999937,0 -36.69418604299989,-6.974888597999946,0 -36.69621694499988,-6.976644438999921,0 -36.70181348099991,-6.98602326599997,0 -36.70188714099991,-6.987497552999971,0 -36.70087531299998,-6.990014102999957,0 -36.69958871200001,-6.991249258999977,0 -36.698933199,-6.994039728999946,0 -36.697721685,-6.996517153999953,0 -36.69478757600002,-6.998947778999924,0 -36.69517707099991,-7.001355094999946,0 -36.69377188399989,-7.001774820999962,0 -36.68839129599998,-7.005473864999948,0 -36.68670794799991,-7.008849432999966,0 -36.68651063800002,-7.009536724999979,0 -36.68583888199998,-7.011863261999971,0 -36.68391489199999,-7.012087111999968,0 -36.679703592,-7.013965808999956,0 -36.675990767,-7.014953975999962,0 -36.67232245400002,-7.014416753999977,0 -36.66170652200001,-7.013957836999955,0 -36.66025319300002,-7.013404478999973,0 -36.65454383799991,-7.009770994999938,0 -36.65351897999989,-7.009690652999945,0 -36.65012525799989,-7.012689133999979,0 -36.64051934599999,-7.015690185999965,0 -36.63881468499988,-7.016667545999957,0 -36.63527934599989,-7.019975600999945,0 -36.63358660200002,-7.018127695999967,0 -36.63246030399989,-7.016055819999963,0 -36.632532397,-7.014286860999961,0 -36.632611831,-7.01232517399996,0 -36.631526446,-7.010983465999978,0 -36.63116133900001,-7.009183477999947,0 -36.630522933,-7.008303283999961,0 -36.625997648,-7.00651632799997,0 -36.62417076799989,-7.004836064999953,0 -36.61981390099991,-7.003003218999941,0 -36.61848273800002,-7.001765429999985,0 -36.61844351699989,-7.001274252999972,0 -36.61940293200001,-7.000909234999946,0 -36.62238420599991,-6.997444078999928,0 -36.62227456200001,-6.996590413999959,0 -36.61616793699988,-6.993405729999946,0 -36.615660481,-6.99279591799995,0 -36.61542346999989,-6.991315609999951,0 -36.61490343000001,-6.990726993999949,0 -36.60788616499999,-6.991049472999973,0 -36.60738337200002,-6.989200734999946,0 -36.5995386189999,-6.987165479999932,0 -36.59883498900002,-6.986142981999923,0 -36.59958350400002,-6.983943939999968,0 -36.59929783199991,-6.981505919999965,0 -36.59876483499988,-6.980235076999969,0 -36.59757259399998,-6.98019993699996,0 -36.59637037800001,-6.979190167999945,0 -36.59586666500002,-6.979409475999945,0 -36.59472230699998,-6.97875910399995,0 -36.59357692500001,-6.978869231999969,0 -36.5935745859999,-6.978869456999968,0 -36.59340534599988,-6.978885728999956,0 -36.59309623999999,-6.978915449999937,0 -36.58945821700001,-6.977495300999978,0 -36.587909989,-6.977343769999951,0 -36.58368710100001,-6.978796233999964,0 -36.57955255699989,-6.977953801999945,0 -36.57517843799999,-6.978098711999965,0 -36.57189247600002,-6.977113195999958,0 -36.57110202599988,-6.975850721999956,0 -36.570585405,-6.973082198999984,0 -36.57024194000002,-6.961767922999968,0 -36.57134438899991,-6.956471456999966,0 -36.57155259799998,-6.952589122999944,0 -36.57313579699999,-6.951031339999929,0 -36.57427775799992,-6.946378080999969,0 -36.57487809599998,-6.93835675299993,0 -36.57074446999999,-6.933983694999933,0 -36.57132594300001,-6.920104923999939,0 -36.56455706799988,-6.91774654599993,0 -36.56142578000001,-6.915212876999925,0 -36.556272931,-6.909843741999966,0 -36.55445000399991,-6.905680441999957,0 -36.55448867399999,-6.898108276999952,0 -36.5580220859999,-6.889138219999953,0 -36.56793973800001,-6.874796559999929,0 -36.56877074999988,-6.875884375999927,0 -36.57311976700001,-6.87898065399998,0 -36.57434133800002,-6.88553762099996,0 -36.5767123599999,-6.889839551999948,0 -36.579152263,-6.891648876999971,0 -36.58991855599989,-6.90869496999994,0 -36.59155422899988,-6.910412459999979,0 -36.59298467400001,-6.911233354999975,0 -36.597322177,-6.916528760999929,0 -36.59840877999989,-6.920390265999967,0 -36.6036081199999,-6.930456951999934,0 -36.60494487400001,-6.932319115999974,0 -36.60979416200001,-6.936837083999931,0 -36.61146463499989,-6.937656222999982,0 -36.61448960699992,-6.936299834999944,0 -36.61653090699999,-6.934015923999941,0 -36.623376344,-6.934235685999958,0 -36.63744633799999,-6.933806951999937,0 -36.64195243599988,-6.931745860999965,0 
						</coordinates>
					</LinearRing>
				</outerBoundaryIs>
			</Polygon>
		</Placemark>
		<Placemark>
			<styleUrl>#falseColor</styleUrl>
			<Style id="inline">
				<IconStyle>
					<color>ffffffff</color>
					<colorMode>normal</colorMode>
				</IconStyle>
				<LineStyle>
					<color>ffffffff</color>
					<colorMode>normal</colorMode>
				</LineStyle>
				<PolyStyle>
					<color>ffffffff</color>
					<colorMode>normal</colorMode>
				</PolyStyle>
			</Style>
			<ExtendedData>
				<SchemaData schemaUrl="#S_SeridoUnificado_SSSSSSSDDDDDSSSSSSSSSSSS">
					<SimpleData name="Name"></SimpleData>
					<SimpleData name="descriptio"></SimpleData>
					<SimpleData name="timestamp"></SimpleData>
					<SimpleData name="begin"></SimpleData>
					<SimpleData name="end"></SimpleData>
					<SimpleData name="altitudeMo"></SimpleData>
					<SimpleData name="tessellate">-1</SimpleData>
					<SimpleData name="extrude">0</SimpleData>
					<SimpleData name="visibility">-1</SimpleData>
					<SimpleData name="drawOrder">0</SimpleData>
					<SimpleData name="icon"></SimpleData>
					<SimpleData name="Area_Km2">190.526</SimpleData>
					<SimpleData name="Pop_estim">2810</SimpleData>
					<SimpleData name="Dens_demog">13.15</SimpleData>
					<SimpleData name="Latitude">-6.78877</SimpleData>
					<SimpleData name="Longitude">-37.0302</SimpleData>
					<SimpleData name="Lat_GMS">-6?47&apos;20&quot;</SimpleData>
					<SimpleData name="Long_GMS">-37?1&apos;49&quot;</SimpleData>
					<SimpleData name="Nome">V?rzea</SimpleData>
					<SimpleData name="Mesorreg">Borborema</SimpleData>
					<SimpleData name="Microrreg">Serid? Ocidental Paraibano</SimpleData>
					<SimpleData name="Gant_lico">Varzense</SimpleData>
					<SimpleData name="Geocod_Mun">2517100</SimpleData>
					<SimpleData name="CD_MUN"></SimpleData>
					<SimpleData name="NM_MUN"></SimpleData>
					<SimpleData name="SIGLA_UF"></SimpleData>
					<SimpleData name="layer">SeridoPB</SimpleData>
					<SimpleData name="path">C:\Users\damas\OneDrive\2025_1\MARIANNA 2025\SERIDO PB_RN\SeridoPB.shp</SimpleData>
				</SchemaData>
			</ExtendedData>
			<Polygon>
				<outerBoundaryIs>
					<LinearRing>
						<coordinates>
							-37.06431050700002,-6.836852641999944,0 -37.06193619899989,-6.842339922999948,0 -37.0600091229999,-6.84305620999992,0 -37.055838658,-6.843350728999948,0 -37.05327846899999,-6.842304338999961,0 -37.048591674,-6.838242239999952,0 -37.04656083299989,-6.838026274999949,0 -37.04463488700001,-6.838537021999961,0 -37.03712953600002,-6.84431153899993,0 -37.035410112,-6.846585850999938,0 -37.03422270899989,-6.848966562999976,0 -37.03397919100001,-6.85642989999997,0 -37.03312904699991,-6.858469937999918,0 -37.03129557599991,-6.859221121999961,0 -37.02744667000001,-6.859306572999976,0 -37.02181205200001,-6.860247892999944,0 -37.02108816399991,-6.866467642999961,0 -37.023454839,-6.872565184999937,0 -37.022816017,-6.873695771999957,0 -37.02125560199989,-6.87418031299996,0 -37.0178951419999,-6.873555447999937,0 -37.01077209700001,-6.873474607999983,0 -37.01072571200001,-6.874421509999933,0 -37.00997170999989,-6.871469820999954,0 -37.01046365799991,-6.869502889999978,0 -36.95532373200002,-6.818016434999943,0 -36.958906256,-6.813920010999932,0 -36.9595548149999,-6.812264769999947,0 -36.96073535099998,-6.810816442999956,0 -36.96244885800001,-6.809996294999962,0 -36.96395677000001,-6.80740878199992,0 -36.96397290699999,-6.803572150999962,0 -36.96281166099991,-6.800249679999979,0 -36.96431708800001,-6.797975782999965,0 -36.96632953099989,-6.79074972399996,0 -36.965819063,-6.789648204999928,0 -36.96239421000002,-6.787538480999949,0 -36.95909771299989,-6.783303382999975,0 -36.9553389119999,-6.779370398999958,0 -36.95266281499988,-6.775153096999937,0 -36.95427705700001,-6.775617310999957,0 -36.95814438600001,-6.775679732999946,0 -36.96368789000001,-6.773087994999973,0 -36.96923139300001,-6.770496256999941,0 -36.97070821299999,-6.768299123999943,0 -36.97188683600002,-6.765482550999932,0 -36.97283578799989,-6.763214826999951,0 -36.97333234999999,-6.758199483999928,0 -36.97177997699998,-6.744872915999959,0 -36.97179795700001,-6.74064535099995,0 -36.973720382,-6.733913965999927,0 -36.97762176200001,-6.721855205999923,0 -36.98022024199999,-6.718970341999977,0 -36.98339450799988,-6.716558771999923,0 -36.9861627889999,-6.711982987999939,0 -36.98879655600001,-6.710813637999928,0 -36.98994110099989,-6.709150057999973,0 -36.9935336729999,-6.707537442999978,0 -36.99983353999988,-6.707712875999965,0 -37.003591179,-6.709612317999931,0 -37.00385527399991,-6.709745814999966,0 -37.00998549100001,-6.714512490999938,0 -37.0121853759999,-6.716223055999924,0 -37.020848175,-6.722958990999923,0 -37.03526061400002,-6.734165845999945,0 -37.041288637,-6.740062452999942,0 -37.050679234,-6.744414055999924,0 -37.05942322899988,-6.749425038999965,0 -37.062943967,-6.750995656999983,0 -37.07094383399991,-6.753306037999957,0 -37.07541709200002,-6.754134024999921,0 -37.09913778099999,-6.760573146999942,0 -37.12006022,-6.767291652999978,0 -37.12508820400001,-6.76648050399995,0 -37.12765736799999,-6.765556264999937,0 -37.12893576100002,-6.765976988999975,0 -37.1301900359999,-6.766895698999971,0 -37.13308347799989,-6.771488878999956,0 -37.13498641399999,-6.777303568999971,0 -37.1370037299999,-6.78052492599994,0 -37.13807095199999,-6.781358569999951,0 -37.14244767899991,-6.782412652999936,0 -37.14369207499991,-6.78325308799999,0 -37.14941521299989,-6.791707048999973,0 -37.152227238,-6.79836385599998,0 -37.140846758,-6.787412526999958,0 -37.13875059200001,-6.786142890999944,0 -37.13313949499999,-6.788695277999979,0 -37.1284182219999,-6.792304235999945,0 -37.11984373000001,-6.795804180999943,0 -37.115670236,-6.796930230999967,0 -37.11063331199989,-6.799916477999948,0 -37.1092437199999,-6.800222140999958,0 -37.10859666900001,-6.801879724999937,0 -37.1082555049999,-6.807062131999935,0 -37.1077169989999,-6.80788978199997,0 -37.100235703,-6.80775707199996,0 -37.096493675,-6.808156386999946,0 -37.09446390499988,-6.807837687999956,0 -37.09340035199989,-6.806277300999966,0 -37.09201373400001,-6.805443309999926,0 -37.085066625,-6.805207825999966,0 -37.08346588699991,-6.80489050399995,0 -37.08058638299999,-6.802806197999935,0 -37.0793023429999,-6.803422260999989,0 -37.07950967299999,-6.804978991999977,0 -37.08461391299988,-6.811842040999982,0 -37.084821427,-6.813191548999951,0 -37.0764447879999,-6.823111688999964,0 -37.066937383,-6.833059590999935,0 -37.06431050700002,-6.836852641999944,0 
						</coordinates>
					</LinearRing>
				</outerBoundaryIs>
			</Polygon>
		</Placemark>
		<Placemark>
			<styleUrl>#falseColor</styleUrl>
			<Style id="inline">
				<IconStyle>
					<color>ffffffff</color>
					<colorMode>normal</colorMode>
				</IconStyle>
				<LineStyle>
					<color>ffffffff</color>
					<colorMode>normal</colorMode>
				</LineStyle>
				<PolyStyle>
					<color>ffffffff</color>
					<colorMode>normal</colorMode>
				</PolyStyle>
			</Style>
			<ExtendedData>
				<SchemaData schemaUrl="#S_SeridoUnificado_SSSSSSSDDDDDSSSSSSSSSSSS">
					<SimpleData name="Name"></SimpleData>
					<SimpleData name="descriptio"></SimpleData>
					<SimpleData name="timestamp"></SimpleData>
					<SimpleData name="begin"></SimpleData>
					<SimpleData name="end"></SimpleData>
					<SimpleData name="altitudeMo"></SimpleData>
					<SimpleData name="tessellate">-1</SimpleData>
					<SimpleData name="extrude">0</SimpleData>
					<SimpleData name="visibility">-1</SimpleData>
					<SimpleData name="drawOrder">0</SimpleData>
					<SimpleData name="icon"></SimpleData>
					<SimpleData name="Area_Km2">530.728</SimpleData>
					<SimpleData name="Pop_estim">7724</SimpleData>
					<SimpleData name="Dens_demog">14.6</SimpleData>
					<SimpleData name="Latitude">-6.9271</SimpleData>
					<SimpleData name="Longitude">-37.0851</SimpleData>
					<SimpleData name="Lat_GMS">-6?55&apos;38&quot;</SimpleData>
					<SimpleData name="Long_GMS">-37?5&apos;6&quot;</SimpleData>
					<SimpleData name="Nome">S?o Mamede</SimpleData>
					<SimpleData name="Mesorreg">Borborema</SimpleData>
					<SimpleData name="Microrreg">Serid? Ocidental Paraibano</SimpleData>
					<SimpleData name="Gant_lico">S?o-mamedense</SimpleData>
					<SimpleData name="Geocod_Mun">2514909</SimpleData>
					<SimpleData name="CD_MUN"></SimpleData>
					<SimpleData name="NM_MUN"></SimpleData>
					<SimpleData name="SIGLA_UF"></SimpleData>
					<SimpleData name="layer">SeridoPB</SimpleData>
					<SimpleData name="path">C:\Users\damas\OneDrive\2025_1\MARIANNA 2025\SERIDO PB_RN\SeridoPB.shp</SimpleData>
				</SchemaData>
			</ExtendedData>
			<Polygon>
				<outerBoundaryIs>
					<LinearRing>
						<coordinates>
							-37.0764447879999,-6.823111688999964,0 -37.084821427,-6.813191548999951,0 -37.08461391299988,-6.811842040999982,0 -37.07950967299999,-6.804978991999977,0 -37.0793023429999,-6.803422260999989,0 -37.08058638299999,-6.802806197999935,0 -37.08346588699991,-6.80489050399995,0 -37.085066625,-6.805207825999966,0 -37.09201373400001,-6.805443309999926,0 -37.09340035199989,-6.806277300999966,0 -37.09446390499988,-6.807837687999956,0 -37.096493675,-6.808156386999946,0 -37.100235703,-6.80775707199996,0 -37.1077169989999,-6.80788978199997,0 -37.1082555049999,-6.807062131999935,0 -37.10859666900001,-6.801879724999937,0 -37.1092437199999,-6.800222140999958,0 -37.11063331199989,-6.799916477999948,0 -37.115670236,-6.796930230999967,0 -37.11984373000001,-6.795804180999943,0 -37.1284182219999,-6.792304235999945,0 -37.13313949499999,-6.788695277999979,0 -37.13875059200001,-6.786142890999944,0 -37.140846758,-6.787412526999958,0 -37.152227238,-6.79836385599998,0 -37.15370773800002,-6.799789213999929,0 -37.16633212900002,-6.807073278999958,0 -37.17007930499989,-6.810618586999972,0 -37.172810405,-6.815260592999941,0 -37.18080938100001,-6.817166015999923,0 -37.18289643700001,-6.818312543999983,0 -37.19067187499999,-6.825365684999949,0 -37.19265733299988,-6.826140128999958,0 -37.21389632099991,-6.824819111999949,0 -37.21699188600002,-6.824626549999944,0 -37.2232378379999,-6.825389574999967,0 -37.234599266,-6.824636018999968,0 -37.23202961600001,-6.826700960999979,0 -37.2229058459999,-6.842523045999931,0 -37.21797758199988,-6.85345176799996,0 -37.214450816,-6.869727741999958,0 -37.213382058,-6.886510389999952,0 -37.21255446800001,-6.906387112999934,0 -37.19829214,-6.906248768999939,0 -37.19773594700002,-6.906680338999935,0 -37.19614079299999,-6.912358874999935,0 -37.19251819800002,-6.914949735999936,0 -37.1904739629999,-6.91758267299996,0 -37.18917287299998,-6.917930813999929,0 -37.18056094,-6.917941799999938,0 -37.17879928,-6.918455629999927,0 -37.17777257499989,-6.920492873999924,0 -37.178135797,-6.922402841999942,0 -37.18108615599991,-6.92649090899994,0 -37.18838433100001,-6.930210371999976,0 -37.1933722549999,-6.934265485999966,0 -37.193645701,-6.935134723999965,0 -37.19336556299991,-6.935914007999935,0 -37.19271417300001,-6.936172173999973,0 -37.18345454099989,-6.936181284999967,0 -37.18169029199998,-6.937258907999942,0 -37.18142296900002,-6.937605192999976,0 -37.17909181800002,-6.940624915999929,0 -37.176648304,-6.942151383999951,0 -37.17398138600001,-6.943174753999932,0 -37.173329026,-6.944474031999961,0 -37.1735015629999,-6.947382303999965,0 -37.17577833499999,-6.949798260999962,0 -37.17828549399999,-6.95386120399996,0 -37.18028071399991,-6.960231393999954,0 -37.180976385,-6.964722998999948,0 -37.17814764,-6.969485635999946,0 -37.17433109099989,-6.973326722999953,0 -37.17301318299999,-6.982209337999952,0 -37.17292890499991,-6.982260250999948,0 -37.165756799,-6.986593418999982,0 -37.16345137199988,-6.987425476999922,0 -37.15902725599989,-6.989919291999966,0 -37.15480182300001,-6.990459830999947,0 -37.15259223399988,-6.991196131999978,0 -37.14537205599999,-6.99647316299997,0 -37.140744523,-7.002038397999968,0 -37.13880521399989,-7.002588558999944,0 -37.130099757,-7.00246181499995,0 -37.12930004,-7.007948227999981,0 -37.12669944099999,-7.010263416999973,0 -37.12487174200001,-7.011001164999923,0 -37.118708168,-7.011535695999946,0 -37.11517326199999,-7.012544157999974,0 -37.1091142189999,-7.015778082999924,0 -37.10458002299998,-7.02096663799995,0 -37.0985242429999,-7.023737822999983,0 -37.093144061,-7.023583083999929,0 -37.08719938299999,-7.023411375999951,0 -37.085859796,-7.022757047999968,0 -37.08060068299989,-7.017616727999956,0 -37.07744526599998,-7.015184156999963,0 -37.07322740500002,-7.013583946999975,0 -37.07255749500001,-7.013674408999966,0 -37.07149699099989,-7.014600431999947,0 -37.07129578000001,-7.017113777999948,0 -37.06782822299991,-7.019982444999933,0 -37.06408069399999,-7.02127071799993,0 -37.06244726499989,-7.021358139999969,0 -37.05591108300001,-7.024496628999937,0 -37.05561440299991,-7.026260666999971,0 -37.058762595,-7.030461323999933,0 -37.06018947099989,-7.033631091999951,0 -37.06027535199998,-7.035771802999935,0 -37.05998317300001,-7.037072922999917,0 -37.059309426,-7.037628855999971,0 -37.05315905899991,-7.039370947999948,0 -37.04393634000002,-7.041287077999916,0 -37.038849016,-7.041917596999947,0 -37.03338793899999,-7.043798434999933,0 -37.03164577900001,-7.044924923999933,0 -37.0291536199999,-7.045544911999972,0 -37.0249581059999,-7.048212614999956,0 -37.0187627189999,-7.048704402999939,0 -37.00523298299999,-7.051871823999923,0 -37.00064302300002,-7.056279912999961,0 -36.99744285799988,-7.061274708999983,0 -36.99341746499991,-7.061691535999959,0 -36.98816407899989,-7.058875924999947,0 -36.982112941,-7.056922852999941,0 -36.97570320999989,-7.057328221999968,0 -36.96785227699998,-7.051840503999928,0 -36.959416092,-7.048068005999941,0 -36.96232194000002,-7.038491423999977,0 -36.962719083,-7.035391643999955,0 -36.961962048,-7.032782116999949,0 -36.96005437100001,-7.029797054999967,0 -36.95470259999999,-7.02617890899996,0 -36.95291516,-7.024430740999941,0 -36.94895845900001,-7.022180587999973,0 -36.946543483,-7.018449167999967,0 -36.94157382299988,-7.014906259999972,0 -36.936212516,-7.011084632999935,0 -36.935581369,-7.009220922999928,0 -36.93610327799998,-7.006989115999939,0 -36.93598315299992,-7.004779176999922,0 -36.93371213199998,-6.997704257999933,0 -36.93346745899998,-6.994971749999943,0 -36.93373354799999,-6.992989334999946,0 -36.93476247699991,-6.991506607999947,0 -36.93844687599989,-6.988779539999948,0 -36.94259037800001,-6.985711174999947,0 -36.94337240499991,-6.98261459399993,0 -36.943169858,-6.970333870999985,0 -36.94136224300001,-6.964570951999978,0 -36.94116178699988,-6.961268776999936,0 -36.9427056339999,-6.959541874999957,0 -36.94462747899998,-6.958680852999979,0 -36.94872171399991,-6.958574329999978,0 -36.95293102900001,-6.961073761999947,0 -36.96365727599991,-6.965212902999955,0 -36.96736241199988,-6.966221516999955,0 -36.97030629099989,-6.965613210999944,0 -36.971337692,-6.963882188999944,0 -36.97152757700002,-6.959791182999941,0 -36.97112140000001,-6.954702703999942,0 -36.96796007800001,-6.946131819999957,0 -36.96479025999999,-6.939667249999948,0 -36.96288312999999,-6.937054117999944,0 -36.962508452,-6.93506667099995,0 -36.96327927300001,-6.93420297099993,0 -36.96891093499989,-6.933111917999943,0 -36.97517861599992,-6.933014322999962,0 -36.98080318500001,-6.933780502999987,0 -36.98616852099999,-6.935167125999948,0 -36.98846847399988,-6.936171089999963,0 -37.02153865799989,-6.913702353999945,0 -37.03502455099991,-6.904535678999943,0 -37.03189721999999,-6.897941544999986,0 -37.02765921199989,-6.89210401199994,0 -37.02025741900002,-6.888600553999931,0 -37.01211115300001,-6.880009536999978,0 -37.0105860539999,-6.877275200999977,0 -37.01072571200001,-6.874421509999933,0 -37.01077209700001,-6.873474607999983,0 -37.0178951419999,-6.873555447999937,0 -37.02125560199989,-6.87418031299996,0 -37.022816017,-6.873695771999957,0 -37.023454839,-6.872565184999937,0 -37.02108816399991,-6.866467642999961,0 -37.02181205200001,-6.860247892999944,0 -37.02744667000001,-6.859306572999976,0 -37.03129557599991,-6.859221121999961,0 -37.03312904699991,-6.858469937999918,0 -37.03397919100001,-6.85642989999997,0 -37.03422270899989,-6.848966562999976,0 -37.035410112,-6.846585850999938,0 -37.03712953600002,-6.84431153899993,0 -37.04463488700001,-6.838537021999961,0 -37.04656083299989,-6.838026274999949,0 -37.048591674,-6.838242239999952,0 -37.05327846899999,-6.842304338999961,0 -37.055838658,-6.843350728999948,0 -37.0600091229999,-6.84305620999992,0 -37.06193619899989,-6.842339922999948,0 -37.06431050700002,-6.836852641999944,0 -37.066937383,-6.833059590999935,0 -37.0764447879999,-6.823111688999964,0 
						</coordinates>
					</LinearRing>
				</outerBoundaryIs>
			</Polygon>
		</Placemark>
		<Placemark>
			<styleUrl>#falseColor</styleUrl>
			<Style id="inline">
				<IconStyle>
					<color>ffffffff</color>
					<colorMode>normal</colorMode>
				</IconStyle>
				<LineStyle>
					<color>ffffffff</color>
					<colorMode>normal</colorMode>
				</LineStyle>
				<PolyStyle>
					<color>ffffffff</color>
					<colorMode>normal</colorMode>
				</PolyStyle>
			</Style>
			<ExtendedData>
				<SchemaData schemaUrl="#S_SeridoUnificado_SSSSSSSDDDDDSSSSSSSSSSSS">
					<SimpleData name="Name"></SimpleData>
					<SimpleData name="descriptio"></SimpleData>
					<SimpleData name="timestamp"></SimpleData>
					<SimpleData name="begin"></SimpleData>
					<SimpleData name="end"></SimpleData>
					<SimpleData name="altitudeMo"></SimpleData>
					<SimpleData name="tessellate">-1</SimpleData>
					<SimpleData name="extrude">0</SimpleData>
					<SimpleData name="visibility">-1</SimpleData>
					<SimpleData name="drawOrder">0</SimpleData>
					<SimpleData name="icon"></SimpleData>
					<SimpleData name="Area_Km2">337.22</SimpleData>
					<SimpleData name="Pop_estim">7843</SimpleData>
					<SimpleData name="Dens_demog">21.26</SimpleData>
					<SimpleData name="Latitude">-6.77308</SimpleData>
					<SimpleData name="Longitude">-36.3882</SimpleData>
					<SimpleData name="Lat_GMS">-6?46&apos;23&quot;</SimpleData>
					<SimpleData name="Long_GMS">-36?23&apos;17&quot;</SimpleData>
					<SimpleData name="Nome">Pedra Lavrada</SimpleData>
					<SimpleData name="Mesorreg">Borborema</SimpleData>
					<SimpleData name="Microrreg">Serid? Oriental Paraibano</SimpleData>
					<SimpleData name="Gant_lico">Pedra-lavradense</SimpleData>
					<SimpleData name="Geocod_Mun">2511103</SimpleData>
					<SimpleData name="CD_MUN"></SimpleData>
					<SimpleData name="NM_MUN"></SimpleData>
					<SimpleData name="SIGLA_UF"></SimpleData>
					<SimpleData name="layer">SeridoPB</SimpleData>
					<SimpleData name="path">C:\Users\damas\OneDrive\2025_1\MARIANNA 2025\SERIDO PB_RN\SeridoPB.shp</SimpleData>
				</SchemaData>
			</ExtendedData>
			<Polygon>
				<outerBoundaryIs>
					<LinearRing>
						<coordinates>
							-36.37944063299989,-6.748415250999928,0 -36.38314159999991,-6.746719391999941,0 -36.4025467399999,-6.742365908999943,0 -36.42662660199989,-6.732785201999938,0 -36.4461113569999,-6.725632021999948,0 -36.44643037899991,-6.725546995999927,0 -36.44777783599989,-6.725185993999954,0 -36.45003180700002,-6.721703908999935,0 -36.454130087,-6.721725853999951,0 -36.458052075,-6.719759240999963,0 -36.45907508900002,-6.71977610699998,0 -36.460964342,-6.72091720099997,0 -36.46419010099989,-6.72069475399997,0 -36.46505514199999,-6.722023012999959,0 -36.47020427999999,-6.723194462999961,0 -36.472432225,-6.724771748999951,0 -36.474170541,-6.724781107999947,0 -36.47622375799988,-6.724008342999976,0 -36.47808442299998,-6.72438070799995,0 -36.4818179929999,-6.722833570999958,0 -36.48670858299992,-6.725689227999965,0 -36.48769663499999,-6.726898175999954,0 -36.48968143100001,-6.727389802999943,0 -36.49658656799988,-6.724955686999983,0 -36.49981351700001,-6.72509368899995,0 -36.50173075600001,-6.72672965899994,0 -36.508136882,-6.725136043999957,0 -36.51015084599991,-6.726726928999933,0 -36.51160146199991,-6.727322203999966,0 -36.51297091699999,-6.726486023999945,0 -36.51384049800001,-6.72649152299994,0 -36.51526434300002,-6.727641103999932,0 -36.519737946,-6.727303592999925,0 -36.5237669109999,-6.728347603999955,0 -36.525390886,-6.72654791999997,0 -36.527009408,-6.726074745999928,0 -36.52841931299999,-6.729396487999971,0 -36.53351809000001,-6.733486086999956,0 -36.527765803,-6.734944902999935,0 -36.5252140709999,-6.73671801299998,0 -36.52393601599991,-6.738313233999975,0 -36.520565629,-6.745681545999959,0 -36.51311015999988,-6.750476723999952,0 -36.50475324500001,-6.753939492999952,0 -36.50256076999988,-6.757624677999949,0 -36.50209400499989,-6.759801738999944,0 -36.50203206200002,-6.761837906999972,0 -36.50326230600001,-6.766542271999985,0 -36.502565837,-6.771451491999921,0 -36.50156503799999,-6.774245348999949,0 -36.50130478999989,-6.777569271999933,0 -36.50287227699992,-6.782590638999975,0 -36.50281096899992,-6.784041490999934,0 -36.50267475699999,-6.787264959999959,0 -36.503073086,-6.793363412999951,0 -36.504960178,-6.803226828999927,0 -36.505491707,-6.808824105999978,0 -36.50693780599988,-6.813005376999975,0 -36.5099621919999,-6.817948802999982,0 -36.511979131,-6.819571047999935,0 -36.515915509,-6.821767481999935,0 -36.5291661279999,-6.825398019999966,0 -36.53131038399992,-6.827078456999978,0 -36.5334029759999,-6.830430789999973,0 -36.536959531,-6.834166942999951,0 -36.53862507600002,-6.836386219999961,0 -36.54099096699999,-6.840718733999942,0 -36.543667914,-6.842098692999972,0 -36.54035549599999,-6.843666138999927,0 -36.53837078499998,-6.843817819999966,0 -36.53713003499998,-6.842307779999945,0 -36.5371399049999,-6.84030401399996,0 -36.536116185,-6.838461605999957,0 -36.534660602,-6.837200186999944,0 -36.532459353,-6.838275929999962,0 -36.53262349999989,-6.839863597999971,0 -36.53149725299989,-6.841193704999973,0 -36.529945498,-6.841436510999919,0 -36.52716674099999,-6.837748913999981,0 -36.519189324,-6.840377171999938,0 -36.51952485200002,-6.841883341999959,0 -36.51857442400001,-6.842796504999975,0 -36.51830125200001,-6.845469001999955,0 -36.51786879699988,-6.845799056999966,0 -36.515671325,-6.846456945999924,0 -36.5146317529999,-6.847452585999969,0 -36.51282415799989,-6.847443350999985,0 -36.51257450799988,-6.845604636999947,0 -36.51184784500001,-6.844848573999959,0 -36.51063746499988,-6.845595233999968,0 -36.509681018,-6.847511330999973,0 -36.5046325279999,-6.849906828999957,0 -36.50317227900002,-6.849230745999932,0 -36.50047430800001,-6.846462010999963,0 -36.4976355919999,-6.845945543999957,0 -36.49721878700001,-6.843520877999937,0 -36.495549743,-6.841341514999952,0 -36.49383700600001,-6.839746979999974,0 -36.49134408,-6.839063606999966,0 -36.49075041,-6.837225242999978,0 -36.48924671000001,-6.836549479999981,0 -36.48777731900001,-6.837877664999943,0 -36.4827181919999,-6.839571254999943,0 -36.4822929969999,-6.841105178999962,0 -36.48236165,-6.84452927699994,0 -36.48166601299992,-6.845862668999933,0 -36.48015689100001,-6.846438760999938,0 -36.477497776,-6.84442131099996,0 -36.476204131,-6.845165726999943,0 -36.4767901619999,-6.84792550899993,0 -36.4761396489999,-6.848756298999945,0 -36.4751069339999,-6.84891745999993,0 -36.47373441400001,-6.847908091999948,0 -36.46898460099991,-6.845947501999938,0 -36.46833179499998,-6.846117572999962,0 -36.46843993100001,-6.847958751999963,0 -36.46772330799999,-6.84864538799996,0 -36.46671484,-6.848811693999952,0 -36.465739271,-6.84788795099996,0 -36.46556702399992,-6.846908347999943,0 -36.46473832800001,-6.846556081999953,0 -36.4633670769999,-6.84770148799992,0 -36.46072243700001,-6.848378794999965,0 -36.45834751500001,-6.848480994999928,0 -36.45597922699988,-6.847373821999946,0 -36.454584944,-6.847423755999962,0 -36.45101521899989,-6.848960969999953,0 -36.44790111999998,-6.848713963999959,0 -36.44228225599988,-6.84471295299995,0 -36.43887652800001,-6.84348491999998,0 -36.43721437100001,-6.843532397999972,0 -36.43602390399999,-6.844275844999974,0 -36.43335817600001,-6.848751756999949,0 -36.43075133499999,-6.847874007999966,0 -36.42692053799991,-6.848602091999956,0 -36.42579345499998,-6.848192716999957,0 -36.425206583,-6.847095073999984,0 -36.425999421,-6.843070085999949,0 -36.42478472999989,-6.842775251999975,0 -36.423893527,-6.843000885999979,0 -36.421321829,-6.846614437999965,0 -36.42134463699989,-6.847880804999928,0 -36.420266742,-6.84971728099992,0 -36.419137495,-6.849940600999953,0 -36.41742365700001,-6.848551170999939,0 -36.415907718,-6.849232952999955,0 -36.414764181,-6.851688677999965,0 -36.41400046799998,-6.853328736999973,0 -36.41246863,-6.85396307099996,0 -36.41064890500002,-6.854716619999978,0 -36.4097914079999,-6.855071709999942,0 -36.408702981,-6.855076833999927,0 -36.40609603999999,-6.85582282599996,0 -36.405634919,-6.855657991999971,0 -36.40521287300002,-6.855596369999947,0 -36.40480555599991,-6.855999999999931,0 -36.4043497559999,-6.855563876999957,0 -36.404887876,-6.854594414999959,0 -36.4050799249999,-6.853886187999933,0 -36.4051713769999,-6.853495754999923,0 -36.40476898799988,-6.852660407999971,0 -36.40454950299988,-6.851915857999917,0 -36.40478727800001,-6.851470942999976,0 -36.40528111899991,-6.850354115999955,0 -36.4056357929999,-6.849571576999955,0 -36.40585726599988,-6.848837767999951,0 -36.40598888099999,-6.847985096999945,0 -36.40606963599998,-6.847287536999942,0 -36.40612247699988,-6.846831097999946,0 -36.4055737649999,-6.846331697999972,0 -36.405025053,-6.845832298999939,0 -36.40431172800001,-6.846068378999968,0 -36.40390019400002,-6.846231818999962,0 -36.4034886599999,-6.846395257999975,0 -36.40334923699989,-6.846629522999934,0 -36.40298755299988,-6.847237237999937,0 -36.40265644700001,-6.848084132999926,0 -36.40253755999998,-6.848574449999947,0 -36.4020071379999,-6.849355324999968,0 -36.40151329799988,-6.850099877999982,0 -36.40109261800001,-6.850517553999969,0 -36.40034271199988,-6.850789950999965,0 -36.39953793500001,-6.850753631999957,0 -36.3982210259999,-6.850190676999941,0 -36.397361378,-6.849718521999923,0 -36.39663890700001,-6.849473363999943,0 -36.395797549,-6.849464283999971,0 -36.39508422400002,-6.849373484999952,0 -36.3946543989999,-6.848901327999954,0 -36.39388620299999,-6.847947932999947,0 -36.39364842799989,-6.847130736999938,0 -36.393634189,-6.845903782999918,0 -36.39388599599992,-6.845790980999937,0 -36.39417084000002,-6.84503865999994,0 -36.39401172100001,-6.844286960999975,0 -36.39373668699989,-6.843185950999944,0 -36.39320899299999,-6.842047606999921,0 -36.39289947799988,-6.841523780999985,0 -36.39191619000002,-6.840779431999968,0 -36.39105561600002,-6.840087833999979,0 -36.39072660499988,-6.839364299999946,0 -36.39049196499999,-6.839034797999942,0 -36.3898897619999,-6.838747401999963,0 -36.3890516879999,-6.838962219999932,0 -36.38795282300001,-6.838984275999957,0 -36.38670916599989,-6.838904639999943,0 -36.3858017229999,-6.838709076999969,0 -36.38491538299999,-6.838618279999931,0 -36.38386725000002,-6.838401763999961,0 -36.38315677100002,-6.838164293999958,0 -36.38276284200001,-6.837954761999987,0 -36.38261863599998,-6.837224889999969,0 -36.382685464,-6.83679534799996,0 -36.3831427019999,-6.836320406999952,0 -36.38352607999999,-6.835876895999946,0 -36.383881319,-6.835412429999965,0 -36.38417324900001,-6.834776844999975,0 -36.38438076499988,-6.834343808999956,0 -36.3845109019999,-6.834046968999936,0 -36.384419454,-6.833718698999974,0 -36.38373359600001,-6.833205340999944,0 -36.38325877099991,-6.833034220999934,0 -36.3828683589999,-6.832814209999976,0 -36.38269601499999,-6.83224497399994,0 -36.38252015399999,-6.831790981999966,0 -36.38180615800002,-6.83113443899992,0 -36.38117657499999,-6.830327726999938,0 -36.38120119599989,-6.829873732999944,0 -36.38141222900001,-6.829706104999964,0 -36.3818307779999,-6.829608320999967,0 -36.38229505200001,-6.829716580999952,0 -36.38275580800002,-6.829943578999968,0 -36.38338187400001,-6.829873732999944,0 -36.38357883799989,-6.829573398999975,0 -36.38352256299989,-6.828840021999946,0 -36.38313566799999,-6.82848381099995,0 -36.382291535,-6.828302211999933,0 -36.38131022999988,-6.828225381999971,0 -36.38055402700002,-6.82809616799995,0 -36.380328924,-6.82805775299993,0 -36.37968175599999,-6.827911076999944,0 -36.37909086199988,-6.827540895999951,0 -36.378440176,-6.826954192999947,0 -36.37821859099989,-6.826283672999985,0 -36.37815528100001,-6.825857613999964,0 -36.37769804199998,-6.825368692999978,0 -36.37762417999989,-6.824666740999932,0 -36.37705087299999,-6.824272110999974,0 -36.37654439300002,-6.82407654199994,0 -36.37609418900001,-6.824153371999961,0 -36.37566508700002,-6.824055587999965,0 -36.375046056,-6.823807633999932,0 -36.37437075,-6.823797156999944,0 -36.37387833799989,-6.823751756999965,0 -36.373519582,-6.823399033999977,0 -36.373079929,-6.822962494999949,0 -36.37265434499989,-6.822836771999958,0 -36.3724011049999,-6.822819309999952,0 -36.37209510700001,-6.823056786999937,0 -36.37178910800001,-6.823416494999943,0 -36.37158510899999,-6.82364349599994,0 -36.37117711100001,-6.823716833999973,0 -36.37086759599998,-6.823587618999973,0 -36.37052290799988,-6.822553893999954,0 -36.37020635799998,-6.822169738999944,0 -36.36981946399991,-6.822023061999978,0 -36.36928654,-6.821906468999943,0 -36.368895488,-6.82184146099996,0 -36.36867160100002,-6.82184146099996,0 -36.3685954699999,-6.82184146099996,0 -36.36832112699989,-6.82184146099996,0 -36.36809975900002,-6.82184146099996,0 -36.36788147399989,-6.821862414999935,0 -36.36771616499991,-6.82188336899997,0 -36.36746292499999,-6.82188336899997,0 -36.36732927000001,-6.821900829999956,0 -36.3671956159999,-6.821918291999962,0 -36.366899829,-6.821918291999962,0 -36.36668210100002,-6.821918291999962,0 -36.36646755100001,-6.82192876899995,0 -36.3660841729999,-6.82196718499995,0 -36.36591534699988,-6.821995122999964,0 -36.36571838200001,-6.82196718499995,0 -36.36557851799989,-6.821947344999948,0 -36.365401832,-6.821904322999965,0 -36.36528224700002,-6.821869399999974,0 -36.36518024700001,-6.821806537999969,0 -36.365078248,-6.821743675999922,0 -36.36497273099999,-6.821586520999969,0 -36.36490993099989,-6.821492988999984,0 -36.36481797300002,-6.821317611999982,0 -36.36457176799998,-6.821108072999951,0 -36.36445921599989,-6.820793762999924,0 -36.36445569899999,-6.820500406999932,0 -36.364452182,-6.82020705199994,0 -36.36454363000001,-6.819913695999949,0 -36.36476104900002,-6.819773728999959,0 -36.36495760299992,-6.819647193999961,0 -36.3651837639999,-6.819501599999964,0 -36.36534203899999,-6.819484137999958,0 -36.36561552800001,-6.819466675999932,0 -36.36595436599998,-6.819474731999939,0 -36.36611582800001,-6.819421275999953,0 -36.36632334399999,-6.819326982999945,0 -36.36638665399991,-6.819054579999948,0 -36.36633389600002,-6.818963778999949,0 -36.366214311,-6.818757730999947,0 -36.36614396600001,-6.81861454499995,0 -36.36616778999998,-6.818466381999942,0 -36.36623893099988,-6.818153554999977,0 -36.36632334399999,-6.817985921999936,0 -36.366351482,-6.817783365999963,0 -36.36600679399989,-6.817657640999933,0 -36.36583093299999,-6.817524931999963,0 -36.36577946799999,-6.817294974999921,0 -36.3657394849999,-6.817049971999953,0 -36.36563748599999,-6.816913769999935,0 -36.365539004,-6.816777567999956,0 -36.36539479800002,-6.816672796999961,0 -36.36534907399991,-6.81661168099992,0 -36.36526466,-6.81652437199995,0 -36.36522597099999,-6.816498178999941,0 -36.36525410900001,-6.816344514999977,0 -36.36525762600002,-6.816187358999963,0 -36.36514683299998,-6.816005755999985,0 -36.365102868,-6.815921938999965,0 -36.36503076499999,-6.815789228999956,0 -36.36496569699988,-6.815698427999957,0 -36.36484786999988,-6.815553494999955,0 -36.36474762899999,-6.815359667999925,0 -36.364696629,-6.815300297999949,0 -36.36460342299988,-6.815171079999969,0 -36.364515492,-6.814975506999934,0 -36.36446625100001,-6.814821842999949,0 -36.36434666500001,-6.814748502999977,0 -36.3642130109999,-6.814694370999974,0 -36.36407935599991,-6.814640239999951,0 -36.363994943,-6.814640239999951,0 -36.36391052999989,-6.814640239999951,0 -36.3638331509999,-6.814668178999965,0 -36.363752255,-6.814751995999925,0 -36.36369949600002,-6.814814857999972,0 -36.363632669,-6.81494756799998,0 -36.36353418700001,-6.815041862999969,0 -36.36344273899991,-6.815143140999956,0 -36.36328446399989,-6.815219972999957,0 -36.36311563699999,-6.815226957999916,0 -36.36292218999989,-6.81521298899998,0 -36.3627498459999,-6.815160602999981,0 -36.36269181200001,-6.81512218699992,0 -36.362633778,-6.815083770999939,0 -36.3625317789999,-6.815052339999957,0 -36.362429779,-6.815020907999953,0 -36.36239109000001,-6.81494756799998,0 -36.36228557300002,-6.814821842999949,0 -36.362194125,-6.814706594999967,0 -36.36207454000002,-6.814650716999959,0 -36.3619444019999,-6.814593092999928,0 -36.361752714,-6.814491813999942,0 -36.36166654199999,-6.81443069699998,0 -36.36155223200001,-6.814292747999957,0 -36.36147309500002,-6.814160037999947,0 -36.36143440500001,-6.814077966999951,0 -36.36128668200002,-6.813959225999959,0 -36.36116885500002,-6.813967956999923,0 -36.36105102799998,-6.813976687999965,0 -36.36095606299988,-6.814027327999959,0 -36.360786526,-6.814113040999937,0 -36.36072744300001,-6.814140829999937,0 -36.3605937889999,-6.814203692999962,0 -36.3604988239999,-6.81425607799998,0 -36.36040385899999,-6.814308463999959,0 -36.360300101,-6.814350372999969,0 -36.36019634299999,-6.814392280999919,0 -36.36007499899988,-6.814380057999927,0 -36.35995365400002,-6.814367833999935,0 -36.35988330999991,-6.814304971999949,0 -36.35977779300001,-6.814301478999941,0 -36.35965644899989,-6.814336402999972,0 -36.359535105,-6.814371326999944,0 -36.35947179499991,-6.814401011999962,0 -36.35940848500001,-6.81443069699998,0 -36.359280106,-6.814456889999969,0 -36.35915172800001,-6.814483082999978,0 -36.3590321419999,-6.814531975999946,0 -36.358930143,-6.814505782999958,0 -36.35882814299998,-6.814479589999969,0 -36.35870152300001,-6.81447609799994,0 -36.35863117899991,-6.814463874999948,0 -36.35847466199991,-6.81443069699998,0 -36.35838849000001,-6.814409742999946,0 -36.3583181459999,-6.814322432999975,0 -36.35828121500001,-6.814287509999923,0 -36.35824428399999,-6.814252585999951,0 -36.35819680200002,-6.814189722999966,0 -36.35808952699989,-6.81406225099993,0 -36.3581444759999,-6.81382627199997,0 -36.35802973400002,-6.81399764199994,0 -36.35783276899999,-6.813945256999943,0 -36.3576920799999,-6.813854454999964,0 -36.35751973600001,-6.813812545999953,0 -36.35725524200001,-6.81374682299997,0 -36.356942655,-6.813666038999941,0 -36.35665098300001,-6.813603002999962,0 -36.35646808699989,-6.81356807999993,0 -36.3562640879999,-6.813501723999935,0 -36.356060089,-6.81343536899994,0 -36.35593914799989,-6.813373785999941,0 -36.35583022500001,-6.813318322999969,0 -36.35566673700001,-6.813235074999975,0 -36.35551140199991,-6.813155977999945,0 -36.35543585300001,-6.81314360499994,0 -36.35524555099991,-6.813112435999919,0 -36.35500962200002,-6.81307379499998,0 -36.35491045200001,-6.813057552999955,0 -36.35477924100002,-6.81305146099993,0 -36.35454064899988,-6.813086130999981,0 -36.35417485799999,-6.813218840999971,0 -36.3537879629999,-6.813288688999934,0 -36.35344327600001,-6.813421399999983,0 -36.35327444899999,-6.81356807999993,0 -36.353126726,-6.813550617999963,0 -36.35297900199999,-6.813533155999957,0 -36.35282424400001,-6.813379490999973,0 -36.35276093399989,-6.813183916999939,0 -36.352964933,-6.812785784999951,0 -36.35282424400001,-6.812562272999962,0 -36.35244438399999,-6.812429561999974,0 -36.35215597199991,-6.812066352999977,0 -36.35203638699989,-6.811944118999975,0 -36.35191680100001,-6.811821884999974,0 -36.35175000000002,-6.811527777999979,0 -36.3518278139999,-6.811214103999925,0 -36.351760917,-6.811287173999975,0 -36.35188966199998,-6.81043462399998,0 -36.35264761600001,-6.809707386999939,0 -36.35285200800001,-6.809445242999972,0 -36.35302233499991,-6.809047797999941,0 -36.35293717199988,-6.808548877999947,0 -36.35280090999998,-6.808244451999938,0 -36.35280090999998,-6.808142976999935,0 -36.35269019799989,-6.807830093999947,0 -36.35216218499989,-6.807314260999933,0 -36.35179056399988,-6.807171528999953,0 -36.35161713999999,-6.807035202999945,0 -36.35108912699999,-6.807069027999946,0 -36.35032265699991,-6.80725506599993,0 -36.34957321900001,-6.807322716999973,0 -36.34894301100002,-6.807525667999919,0 -36.3484831289999,-6.807458017999977,0 -36.34809137699988,-6.80722124099997,0 -36.34802324700002,-6.806899901999941,0 -36.3480147299999,-6.806629299999933,0 -36.34801020200002,-6.806462661999935,0 -36.34802324700002,-6.80613883399996,0 -36.34795259299989,-6.805637723999944,0 -36.34790401800001,-6.805293200999936,0 -36.34764852800001,-6.805022597999928,0 -36.34746596199989,-6.804650350999964,0 -36.34734194,-6.804363003999989,0 -36.34655843699989,-6.803821796999953,0 -36.346200751,-6.80370340799993,0 -36.3459878429999,-6.80369495099995,0 -36.34577493399998,-6.80368649499997,0 -36.34550241199999,-6.80372032099995,0 -36.34490626799991,-6.803889447999955,0 -36.34431012499991,-6.803787970999973,0 -36.34424199400001,-6.803432803999963,0 -36.34413979800002,-6.802553340999957,0 -36.344531549,-6.801470922999946,0 -36.344361223,-6.800709846999943,0 -36.34380426000002,-6.800445743999934,0 -36.343339263,-6.800287025999971,0 -36.3426920209999,-6.799813465999938,0 -36.34266647199998,-6.798164458999969,0 -36.34265795599998,-6.797851569999979,0 -36.34224917200001,-6.796447794999958,0 -36.34165302799988,-6.795923492999982,0 -36.3399156959999,-6.796041883999986,0 -36.33942174899988,-6.79617718699995,0 -36.33911516099991,-6.796363229999935,0 -36.3384849519999,-6.796430881999978,0 -36.337854743,-6.796329403999954,0 -36.33725859999998,-6.796109534999967,0 -36.33683278300001,-6.795703623999936,0 -36.33676465199989,-6.795382275999946,0 -36.33654322799998,-6.794976363999973,0 -36.33637290099989,-6.794553537999941,0 -36.3355553329999,-6.794096884999927,0 -36.33482292799991,-6.794249102999972,0 -36.33398832699989,-6.794367493999975,0 -36.33337515099998,-6.794079971999967,0 -36.33225099500001,-6.79419836399995,0 -36.33163315299999,-6.794507419999942,0 -36.33076915299988,-6.79484105999995,0 -36.33042849999998,-6.794925624999952,0 -36.33022410800001,-6.795348449999945,0 -36.330292238,-6.796041883999986,0 -36.330292238,-6.796566185999941,0 -36.33001971499991,-6.797039748999955,0 -36.32983235599988,-6.797107400999957,0 -36.329491703,-6.797022835999935,0 -36.32903182099989,-6.796752228999927,0 -36.32855490599999,-6.796244838999932,0 -36.32829941599991,-6.795585232999932,0 -36.32795876300001,-6.795044015999956,0 -36.32806095899999,-6.794722667999967,0 -36.327549978,-6.794029232999945,0 -36.326902737,-6.793792449999958,0 -36.32620439800002,-6.793724797999976,0 -36.32583039799991,-6.793618690999949,0 -36.325727483,-6.793589492999952,0 -36.32550605800001,-6.793437275999967,0 -36.32531869900001,-6.793132839999938,0 -36.32502914299992,-6.793014447999955,0 -36.32455222899988,-6.793048274999935,0 -36.32412641199988,-6.793454188999927,0 -36.323359942,-6.793420362999947,0 -36.32305335399999,-6.793217405999941,0 -36.32296684599991,-6.793030398999975,0 -36.3228830269999,-6.792794577999928,0 -36.32271874100002,-6.792635152999926,0 -36.32250830800002,-6.792430945999977,0 -36.32226767399991,-6.79219743099998,0 -36.32180996900001,-6.791805159999957,0 -36.32129898900001,-6.791627571999932,0 -36.321121794,-6.791618311999965,0 -36.32094273799989,-6.791608953999971,0 -36.32081355799988,-6.791602202999972,0 -36.32069007099989,-6.791534549999929,0 -36.32056658399988,-6.791466896999967,0 -36.32048567899989,-6.791327363999933,0 -36.32040477399989,-6.791187829999958,0 -36.320353676,-6.790841109999968,0 -36.32043032299998,-6.790562042999959,0 -36.3204899369999,-6.79028297499997,0 -36.32050696999989,-6.789986993999941,0 -36.32057935899999,-6.789872829999988,0 -36.3206517479999,-6.789758665999955,0 -36.32072839499989,-6.789462684999926,0 -36.32076246,-6.789242812999938,0 -36.32079652499991,-6.789022940999931,0 -36.32066877999989,-6.788921460999968,0 -36.3203877409999,-6.788680446999931,0 -36.32023444699998,-6.788540912999956,0 -36.32000024799989,-6.788485944999925,0 -36.31976604900002,-6.788430976999953,0 -36.3195233329999,-6.788388693999932,0 -36.31910177500001,-6.788270300999947,0 -36.3189569969999,-6.788219560999947,0 -36.31871854,-6.788240702999937,0 -36.31854395499992,-6.78832949699995,0 -36.31842046799989,-6.788397149999971,0 -36.31842046799989,-6.788464802999954,0 -36.318428984,-6.78864662099995,0 -36.31836937000001,-6.788879177999947,0 -36.31824162499998,-6.78899757099993,0 -36.31808833100001,-6.789103277999963,0 -36.317875423,-6.789272410999949,0 -36.317636965,-6.789488053999946,0 -36.31737295900001,-6.789386574999982,0 -36.3171515339999,-6.789445770999984,0 -36.31701101499991,-6.789492282999956,0 -36.3168704949999,-6.789538793999947,0 -36.31662902999989,-6.789955286999936,0 -36.31650003399989,-6.790185723999977,0 -36.31641931000001,-6.790321645999933,0 -36.31625731899991,-6.790536672999958,0 -36.31594281700001,-6.790700719999963,0 -36.31584460900002,-6.790731515999933,0 -36.315588787,-6.790858022999949,0 -36.31530561900001,-6.790923561999936,0 -36.31518426100001,-6.790967958999952,0 -36.31497986900001,-6.791065209999944,0 -36.31488716000001,-6.791249828999972,0 -36.31485638200002,-6.791399244999985,0 -36.314686055,-6.791716365999944,0 -36.31460089199991,-6.791974291999963,0 -36.31459663399988,-6.792086340999961,0 -36.31459663399988,-6.792519739999929,0 -36.31463921499988,-6.792748066999936,0 -36.3144865749999,-6.792887976999962,0 -36.31433688600001,-6.793005991999954,0 -36.31414545699992,-6.79306451999998,0 -36.31399348699989,-6.79309385899995,0 -36.31383923300002,-6.793106813999943,0 -36.313625772,-6.793137067999968,0 -36.31346821900001,-6.793132839999938,0 -36.31334743400001,-6.79308286599996,0 -36.31321698799999,-6.793018676999965,0 -36.313001802,-6.792963278999937,0 -36.3128422689999,-6.792912969999971,0 -36.31247964199999,-6.792902221999961,0 -36.312199286,-6.792942567999942,0 -36.31206728199991,-6.792989078999934,0 -36.31202044299991,-6.793048274999935,0 -36.311926763,-6.793099013999957,0 -36.311769139,-6.793079631999952,0 -36.3116584979999,-6.793094785999926,0 -36.31158185099999,-6.793175122999959,0 -36.31144124799991,-6.793391372999967,0 -36.311173067,-6.793492242999939,0 -36.31101551500002,-6.793479557999948,0 -36.3105513749999,-6.793538753999931,0 -36.310474728,-6.79351338499993,0 -36.3102447869999,-6.793610634999943,0 -36.30993994799999,-6.793863461999939,0 -36.3097338069999,-6.793965808999934,0 -36.30949960800001,-6.793965808999934,0 -36.30932772700002,-6.793803277999935,0 -36.3092236329999,-6.793793105999953,0 -36.30909508199989,-6.793809362999978,0 -36.309043984,-6.793940439999973,0 -36.30892475499999,-6.794206819999951,0 -36.308729276,-6.794286115999957,0 -36.30833712799989,-6.794261787999963,0 -36.30810718699999,-6.794367493999975,0 -36.30784743899988,-6.794206819999951,0 -36.30768562799988,-6.793923526999953,0 -36.30750678499991,-6.793783993999957,0 -36.307349233,-6.793729025999946,0 -36.30714058300001,-6.793910841999942,0 -36.306978773,-6.794003863999924,0 -36.30692767499988,-6.794063058999946,0 -36.3069489649999,-6.794147624999929,0 -36.307004322,-6.794299841999933,0 -36.3069915469999,-6.794418233999977,0 -36.306876577,-6.794553537999941,0 -36.30674883099991,-6.794629646999963,0 -36.30659851299998,-6.794676973999962,0 -36.30641243600001,-6.794739580999927,0 -36.306429469,-6.794955222999923,0 -36.30645927599989,-6.795048243999926,0 -36.30649759999989,-6.795094754999978,0 -36.30668921699999,-6.795251199999932,0 -36.306591279,-6.795475297999928,0 -36.30649759999989,-6.795475297999928,0 -36.30638262899998,-6.795420330999937,0 -36.30626168200001,-6.795405317999954,0 -36.30611436499998,-6.795403417999976,0 -36.306016427,-6.795420330999937,0 -36.30595681200001,-6.795462612999918,0 -36.30580351799989,-6.795614829999983,0 -36.30569177300001,-6.795629103999945,0 -36.305509705,-6.795623286999963,0 -36.30547138099998,-6.795640199999983,0 -36.30539047600001,-6.795733220999987,0 -36.30521589099991,-6.79585584099994,0 -36.3051136949999,-6.795906579999942,0 -36.30502001600001,-6.79586429699998,0 -36.30493910999999,-6.79584738399996,0 -36.30487949600001,-6.795881209999941,0 -36.3048676879999,-6.795911694999965,0 -36.304842617,-6.795976421999965,0 -36.30482173600001,-6.79602128899996,0 -36.30479968700001,-6.796065076999986,0 -36.30472194399991,-6.796198328999941,0 -36.30458568300001,-6.796375914999945,0 -36.30452606800001,-6.79649853399996,0 -36.30447922799991,-6.796667663999925,0 -36.30445273899988,-6.79684802599996,0 -36.3044366469999,-6.797077802999986,0 -36.30438980699989,-6.797276529999983,0 -36.30410292100001,-6.797473130999943,0 -36.303963929,-6.797529361999979,0 -36.30377663099989,-6.797610560999942,0 -36.303725533,-6.797699353999976,0 -36.30366876900002,-6.797762763999966,0 -36.30360630400001,-6.79788116799995,0 -36.30355520599989,-6.798024927999955,0 -36.30355520599989,-6.798117948999957,0 -36.30360630400001,-6.798181371999929,0 -36.30369146699999,-6.798185599999959,0 -36.30376385599991,-6.79820674199993,0 -36.303793663,-6.798303990999964,0 -36.3035594639999,-6.798731041999925,0 -36.30349985000001,-6.798900170999951,0 -36.3033550719999,-6.799052386999955,0 -36.30327416699998,-6.79902913099995,0 -36.303193262,-6.799005875999963,0 -36.30308254999989,-6.799027016999954,0 -36.303018677,-6.79905027299998,0 -36.302954804,-6.799073527999946,0 -36.30288880300001,-6.799143292999923,0 -36.30282280099991,-6.79921305899996,0 -36.3025140839999,-6.799403328999976,0 -36.302379952,-6.799432925999946,0 -36.30230969199992,-6.799492121999949,0 -36.30217555999999,-6.799648565999982,0 -36.30212446199992,-6.799771183999956,0 -36.301949877,-6.799809237999968,0 -36.301662451,-6.799917056999956,0 -36.30138354100001,-6.79987266099994,0 -36.30118553599991,-6.799549201999975,0 -36.30105566200002,-6.799382187999985,0 -36.300823592,-6.799449838999967,0 -36.300659652,-6.799580913999941,0 -36.30058300499999,-6.799665477999943,0 -36.30037861299999,-6.799750042999966,0 -36.30008905799999,-6.799750042999966,0 -36.29994428000001,-6.799834606999989,0 -36.29972285600001,-6.799995278999972,0 -36.29960362700002,-6.800139037999937,0 -36.29956104499999,-6.800460381999926,0 -36.2994673659999,-6.800747900999975,0 -36.299373686,-6.800883202999959,0 -36.29894786900002,-6.801136894999966,0 -36.298394307,-6.801415956999954,0 -36.29828359499991,-6.801525889999938,0 -36.2980706869999,-6.801720386999923,0 -36.29795145799989,-6.801931796999949,0 -36.2978748109999,-6.802084011999973,0 -36.297448994,-6.802185488999957,0 -36.29717647199991,-6.802151662999956,0 -36.29693801400001,-6.80230387799998,0 -36.296903949,-6.802405354999963,0 -36.29681878499999,-6.802633676999969,0 -36.29676768699989,-6.802760522999954,0 -36.29641000100001,-6.80298038799998,0 -36.29615451099988,-6.803064951999942,0 -36.29589902099999,-6.803149515999964,0 -36.295813858,-6.803132602999944,0 -36.29564353099988,-6.803064951999942,0 -36.29535397599988,-6.80298038799998,0 -36.29494519199989,-6.80298038799998,0 -36.29470673500001,-6.802887367999977,0 -36.29414465600001,-6.802743609999933,0 -36.2938891659999,-6.802861998999957,0 -36.293667742,-6.803014213999981,0 -36.29330153900001,-6.803115689999963,0 -36.29302050000001,-6.803174884999985,0 -36.29273094500002,-6.80332709999993,0 -36.29242435700001,-6.803555421999937,0 -36.29220293200001,-6.803749917999942,0 -36.2919815069999,-6.803944413999947,0 -36.29167491899989,-6.80402897799997,0 -36.29153865800001,-6.803995151999969,0 -36.29130020100002,-6.80403743399995,0 -36.29104471099998,-6.804198104999955,0 -36.29089141700001,-6.804282667999937,0 -36.29075515499989,-6.804468707999942,0 -36.290414502,-6.804654747999967,0 -36.28997165300001,-6.804806961999931,0 -36.2898524239999,-6.804899980999954,0 -36.2895713849999,-6.805128302999941,0 -36.2894095739999,-6.805263603999945,0 -36.2890178229999,-6.805415817999969,0 -36.28900078999991,-6.805601856999934,0 -36.288983758,-6.80578789599998,0 -36.28872826799989,-6.805973934999945,0 -36.28847277799999,-6.806193799999951,0 -36.28838761399989,-6.806481313999939,0 -36.28838761399989,-6.806802653999968,0 -36.28808102599991,-6.807276206999981,0 -36.2877744379999,-6.807699021999953,0 -36.28746784999998,-6.807834322999957,0 -36.28722939299999,-6.808020360999942,0 -36.28719532799991,-6.808206398999967,0 -36.28687170699991,-6.808443174999974,0 -36.28619040000002,-6.808705318999961,0 -36.28594342600002,-6.80865458199998,0 -36.285611289,-6.808443174999974,0 -36.28541541399988,-6.808519280999976,0 -36.28500662999989,-6.80866303799996,0 -36.28457229599999,-6.808730687999962,0 -36.28435087199989,-6.808730687999962,0 -36.2841124139999,-6.808747600999943,0 -36.28386544099991,-6.808815250999944,0 -36.28361846699988,-6.808882900999946,0 -36.283345944,-6.808849075999945,0 -36.2830904539999,-6.808916725999947,0 -36.28293716000002,-6.809052026999951,0 -36.28263057200002,-6.80901820099995,0 -36.2825368929999,-6.808916725999947,0 -36.282443213,-6.808815250999944,0 -36.28225585400001,-6.808646125999919,0 -36.282111076,-6.808519280999976,0 -36.28196629799991,-6.808392436999952,0 -36.28174487300002,-6.808409349999973,0 -36.28157454699991,-6.808536193999936,0 -36.281421253,-6.808553106999957,0 -36.28133608900001,-6.808544649999937,0 -36.28114872999999,-6.808544649999937,0 -36.28104653399999,-6.808722231999981,0 -36.28085065799999,-6.80902665799993,0 -36.28075697899991,-6.809153501999954,0 -36.2804503909999,-6.809119676999953,0 -36.280484456,-6.808798337999984,0 -36.2803907759999,-6.808722231999981,0 -36.2802459989999,-6.808536193999936,0 -36.2800841879999,-6.808333242999931,0 -36.27997347600001,-6.808240223999968,0 -36.2798542469999,-6.808155660999946,0 -36.27973501899991,-6.808071098999964,0 -36.27939436499999,-6.808206398999967,0 -36.27909629300002,-6.808468543999934,0 -36.27888338500001,-6.80866303799996,0 -36.27855976399999,-6.808696862999961,0 -36.27804878399999,-6.808781425999944,0 -36.277759229,-6.808916725999947,0 -36.2776229679999,-6.808950550999948,0 -36.27748670599991,-6.808984375999949,0 -36.27735044499999,-6.808849075999945,0 -36.27742709200001,-6.80865458199998,0 -36.27753780399998,-6.808206398999967,0 -36.2771801179999,-6.807817409999936,0 -36.27624332100001,-6.807293119999942,0 -36.276098544,-6.807310031999982,0 -36.2756386619999,-6.807259294999941,0 -36.27534058999998,-6.807005605999954,0 -36.2750510349999,-6.807022517999934,0 -36.2746592829999,-6.807073255999976,0 -36.274488956,-6.807326944999943,0 -36.27434417899999,-6.807665196999952,0 -36.27418236799999,-6.808274048999969,0 -36.274225814,-6.808501782999947,0 -36.27421643400001,-6.80867149399996,0 -36.27424198299999,-6.808933638999967,0 -36.27419088499992,-6.809297257999958,0 -36.27416533600002,-6.809525576999924,0 -36.27370545400002,-6.809779264999971,0 -36.27352661099999,-6.809779264999971,0 -36.273347768,-6.809779264999971,0 -36.27278569000001,-6.809779264999971,0 -36.27255501400001,-6.809896452999955,0 -36.27205328500001,-6.810151339999941,0 -36.27152527199998,-6.810354289999967,0 -36.271397527,-6.810235901999924,0 -36.27126978199991,-6.81011751499994,0 -36.27109945500001,-6.81010060199998,0 -36.27062254099999,-6.81011751499994,0 -36.2701456259999,-6.810134426999981,0 -36.26997529900002,-6.810244358999964,0 -36.269629649,-6.810372423999988,0 -36.269396188,-6.810396570999949,0 -36.26898740399999,-6.810438851999949,0 -36.26842532599989,-6.810134426999981,0 -36.26831461399998,-6.810032951999978,0 -36.26820390200001,-6.809931476999955,0 -36.26811873799988,-6.809779264999971,0 -36.26793137899989,-6.809694701999948,0 -36.26774402000001,-6.809610139999966,0 -36.26758848599999,-6.809572573999956,0 -36.26726439800002,-6.809494297999954,0 -36.26691793500001,-6.809483295999943,0 -36.26672205900001,-6.809508664999944,0 -36.26673909199999,-6.809711614999969,0 -36.26675612500001,-6.809914564999935,0 -36.266943484,-6.810303551999946,0 -36.26711381099989,-6.810430395999949,0 -36.26728413699991,-6.810557239999973,0 -36.26740336599988,-6.81084475199998,0 -36.26753962800001,-6.810929313999963,0 -36.267692922,-6.811166088999929,0 -36.26773550299999,-6.811411318999935,0 -36.26777808500001,-6.811656549999943,0 -36.26748853000002,-6.811834129999967,0 -36.26701407699989,-6.812101267999928,0 -36.26650063499989,-6.812349958999961,0 -36.26582572500001,-6.812468219999975,0 -36.265367962,-6.812476801999945,0 -36.264754786,-6.812341502999962,0 -36.26432905699989,-6.81218497999992,0 -36.26399479399999,-6.811981555999975,0 -36.263605081,-6.811817217999927,0 -36.26321332999999,-6.811766480999946,0 -36.26309410100001,-6.811808761999947,0 -36.262685317,-6.811698830999944,0 -36.262276533,-6.811588899999941,0 -36.26213175499998,-6.811335212999953,0 -36.26198697699991,-6.811081525999947,0 -36.26162929099999,-6.810658714999935,0 -36.2613738009999,-6.810498045999971,0 -36.26111831099998,-6.810337376999946,0 -36.26084578899999,-6.810066776999979,0 -36.26076914200001,-6.809897651999954,0 -36.26069249499988,-6.809728526999949,0 -36.26009635100002,-6.809322626999979,0 -36.2595809749999,-6.809543344999955,0 -36.25912575599988,-6.809582531999981,0 -36.256680076,-6.771802125999955,0 -36.25299006899999,-6.714799614999953,0 -36.25102276000001,-6.684566786999937,0 -36.26603701999989,-6.699246231999951,0 -36.26643132000001,-6.696242764999965,0 -36.2666098839999,-6.69674557099996,0 -36.2816988019999,-6.678166541999935,0 -36.285546757,-6.680193024999941,0 -36.28686302499989,-6.681913189999942,0 -36.291100236,-6.684668399999971,0 -36.301771092,-6.686281501999927,0 -36.30997811299989,-6.686272163999954,0 -36.31227985299989,-6.689605643999927,0 -36.31341195800002,-6.694702069999945,0 -36.31516141099998,-6.697819730999988,0 -36.32225992699988,-6.702731854999964,0 -36.3252960529999,-6.702910566999942,0 -36.32639770500001,-6.703343298999935,0 -36.32771805199999,-6.704637197999938,0 -36.33014399500002,-6.705186331999931,0 -36.33261676599988,-6.707397753999951,0 -36.3334886769999,-6.709652644999951,0 -36.33789726200002,-6.711282715999971,0 -36.33993324799999,-6.712632447999958,0 -36.34168359400002,-6.715748912999961,0 -36.34166786500001,-6.718750177999945,0 -36.3429700259999,-6.722535368999965,0 -36.34356996399998,-6.724279299999973,0 -36.3448936149999,-6.743005812999971,0 -36.357330517,-6.73993647299995,0 -36.36885746799991,-6.739006815999968,0 -36.37037961899989,-6.73942660299997,0 -36.37316702499991,-6.741573530999969,0 -36.37750835,-6.747633818999921,0 -36.37944063299989,-6.748415250999928,0 
						</coordinates>
					</LinearRing>
				</outerBoundaryIs>
			</Polygon>
		</Placemark>
		<Placemark>
			<styleUrl>#falseColor</styleUrl>
			<Style id="inline">
				<IconStyle>
					<color>ffffffff</color>
					<colorMode>normal</colorMode>
				</IconStyle>
				<LineStyle>
					<color>ffffffff</color>
					<colorMode>normal</colorMode>
				</LineStyle>
				<PolyStyle>
					<color>ffffffff</color>
					<colorMode>normal</colorMode>
				</PolyStyle>
			</Style>
			<ExtendedData>
				<SchemaData schemaUrl="#S_SeridoUnificado_SSSSSSSDDDDDSSSSSSSSSSSS">
					<SimpleData name="Name"></SimpleData>
					<SimpleData name="descriptio"></SimpleData>
					<SimpleData name="timestamp"></SimpleData>
					<SimpleData name="begin"></SimpleData>
					<SimpleData name="end"></SimpleData>
					<SimpleData name="altitudeMo"></SimpleData>
					<SimpleData name="tessellate">-1</SimpleData>
					<SimpleData name="extrude">0</SimpleData>
					<SimpleData name="visibility">-1</SimpleData>
					<SimpleData name="drawOrder">0</SimpleData>
					<SimpleData name="icon"></SimpleData>
					<SimpleData name="Area_Km2">467.526</SimpleData>
					<SimpleData name="Pop_estim">18171</SimpleData>
					<SimpleData name="Dens_demog">35.88</SimpleData>
					<SimpleData name="Latitude">-7.0577</SimpleData>
					<SimpleData name="Longitude">-36.5575</SimpleData>
					<SimpleData name="Lat_GMS">-7?3&apos;28&quot;</SimpleData>
					<SimpleData name="Long_GMS">-36?33&apos;27&quot;</SimpleData>
					<SimpleData name="Nome">Juazeirinho</SimpleData>
					<SimpleData name="Mesorreg">Borborema</SimpleData>
					<SimpleData name="Microrreg">Serid? Oriental Paraibano</SimpleData>
					<SimpleData name="Gant_lico">Juazeirinhense</SimpleData>
					<SimpleData name="Geocod_Mun">2507705</SimpleData>
					<SimpleData name="CD_MUN"></SimpleData>
					<SimpleData name="NM_MUN"></SimpleData>
					<SimpleData name="SIGLA_UF"></SimpleData>
					<SimpleData name="layer">SeridoPB</SimpleData>
					<SimpleData name="path">C:\Users\damas\OneDrive\2025_1\MARIANNA 2025\SERIDO PB_RN\SeridoPB.shp</SimpleData>
				</SchemaData>
			</ExtendedData>
			<Polygon>
				<outerBoundaryIs>
					<LinearRing>
						<coordinates>
							-36.659776848,-7.053817878999949,0 -36.66195228899988,-7.055948264999918,0 -36.66194016,-7.058200874999949,0 -36.660427538,-7.060443407999966,0 -36.65761834900002,-7.06182270799996,0 -36.6578488,-7.062095760999972,0 -36.65790771900001,-7.062165368999955,0 -36.66543137999999,-7.071072261999964,0 -36.6650157729999,-7.072129043999952,0 -36.65858854199998,-7.072758753999957,0 -36.65776258099991,-7.073815583999929,0 -36.6664208409999,-7.07829699899998,0 -36.6684720659999,-7.078307774999932,0 -36.66942378800001,-7.078974437999936,0 -36.66880668999989,-7.079569612999941,0 -36.6687964079999,-7.081555779999968,0 -36.66796155799989,-7.084466423999968,0 -36.66875230700001,-7.090301028999932,0 -36.6666132359999,-7.094331014999962,0 -36.666730097,-7.098042500999957,0 -36.6679515509999,-7.099770593999954,0 -36.66945785299999,-7.099515409999984,0 -36.67157526999988,-7.099855953999963,0 -36.67184380799988,-7.100784828999959,0 -36.670330856,-7.102104469999975,0 -36.66558465199989,-7.108637873999943,0 -36.664747259,-7.111812292999966,0 -36.66514708999989,-7.113936042999967,0 -36.66486650699988,-7.115522997999957,0 -36.66390500400002,-7.116445883999978,0 -36.66253622400001,-7.116703249999949,0 -36.662259704,-7.117013062999944,0 -36.6617105029999,-7.117628385999977,0 -36.66311917799991,-7.122473316999949,0 -36.66132657700001,-7.125907671999916,0 -36.661321178,-7.127099372999957,0 -36.66131476499991,-7.128293634999969,0 -36.66231610200001,-7.130646730999961,0 -36.637041671,-7.129814871999938,0 -36.61332982300002,-7.12903380999996,0 -36.6082487969999,-7.139244229999971,0 -36.595540382,-7.164782035999968,0 -36.59164326199991,-7.172613374999974,0 -36.58144225,-7.176202899999971,0 -36.56803956999988,-7.179272374999924,0 -36.56194432900001,-7.180667062999932,0 -36.51483491599998,-7.187459100999938,0 -36.50115365999988,-7.189041860999961,0 -36.48699757299988,-7.189934682999932,0 -36.48632543199989,-7.189976720999933,0 -36.48565353999991,-7.188659238999938,0 -36.48566896700001,-7.186020312999977,0 -36.48688619599988,-7.180707053999984,0 -36.4865197829999,-7.175272002999966,0 -36.487549988,-7.172420121999952,0 -36.4871928859999,-7.166328144999956,0 -36.48755027999991,-7.162818662999948,0 -36.48846961200002,-7.160407209999963,0 -36.48673784100001,-7.156064133999969,0 -36.48482145000001,-7.154295925999969,0 -36.48460605100001,-7.152538553999928,0 -36.485248365,-7.148757530999954,0 -36.48368607999999,-7.144684554999965,0 -36.48159693699989,-7.143738690999961,0 -36.47799306600001,-7.139769003999965,0 -36.47584896599989,-7.138330868999958,0 -36.47004708299989,-7.132865132999939,0 -36.47050332999989,-7.132319592999985,0 -36.47232413199999,-7.122036149999929,0 -36.48239295799991,-7.065072943999942,0 -36.487648136,-7.035342390999977,0 -36.487970666,-7.032315870999981,0 -36.48851537900001,-7.027168999999967,0 -36.47631463700001,-7.000433551999956,0 -36.476708011,-6.994208431999935,0 -36.47204504699992,-6.950734077999934,0 -36.47344990399989,-6.949753018999956,0 -36.474803509,-6.948807090999926,0 -36.4748317959999,-6.948787322999969,0 -36.47531437899988,-6.948450083999944,0 -36.55601594099988,-6.89203879499996,0 -36.5580220859999,-6.889138219999953,0 -36.55448867399999,-6.898108276999952,0 -36.55445000399991,-6.905680441999957,0 -36.556272931,-6.909843741999966,0 -36.56142578000001,-6.915212876999925,0 -36.56455706799988,-6.91774654599993,0 -36.57132594300001,-6.920104923999939,0 -36.57074446999999,-6.933983694999933,0 -36.57487809599998,-6.93835675299993,0 -36.57427775799992,-6.946378080999969,0 -36.57313579699999,-6.951031339999929,0 -36.57155259799998,-6.952589122999944,0 -36.57134438899991,-6.956471456999966,0 -36.57024194000002,-6.961767922999968,0 -36.570585405,-6.973082198999984,0 -36.57110202599988,-6.975850721999956,0 -36.57189247600002,-6.977113195999958,0 -36.57517843799999,-6.978098711999965,0 -36.57955255699989,-6.977953801999945,0 -36.58368710100001,-6.978796233999964,0 -36.587909989,-6.977343769999951,0 -36.58945821700001,-6.977495300999978,0 -36.59309623999999,-6.978915449999937,0 -36.59340534599988,-6.978885728999956,0 -36.5935745859999,-6.978869456999968,0 -36.59357692500001,-6.978869231999969,0 -36.59472230699998,-6.97875910399995,0 -36.59586666500002,-6.979409475999945,0 -36.59637037800001,-6.979190167999945,0 -36.59757259399998,-6.98019993699996,0 -36.59876483499988,-6.980235076999969,0 -36.59929783199991,-6.981505919999965,0 -36.59958350400002,-6.983943939999968,0 -36.59883498900002,-6.986142981999923,0 -36.5995386189999,-6.987165479999932,0 -36.60738337200002,-6.989200734999946,0 -36.60788616499999,-6.991049472999973,0 -36.61490343000001,-6.990726993999949,0 -36.61542346999989,-6.991315609999951,0 -36.615660481,-6.99279591799995,0 -36.61616793699988,-6.993405729999946,0 -36.62227456200001,-6.996590413999959,0 -36.62238420599991,-6.997444078999928,0 -36.61940293200001,-7.000909234999946,0 -36.61844351699989,-7.001274252999972,0 -36.61848273800002,-7.001765429999985,0 -36.61981390099991,-7.003003218999941,0 -36.62417076799989,-7.004836064999953,0 -36.625997648,-7.00651632799997,0 -36.630522933,-7.008303283999961,0 -36.63116133900001,-7.009183477999947,0 -36.631526446,-7.010983465999978,0 -36.632611831,-7.01232517399996,0 -36.632532397,-7.014286860999961,0 -36.63246030399989,-7.016055819999963,0 -36.63358660200002,-7.018127695999967,0 -36.63527934599989,-7.019975600999945,0 -36.63881468499988,-7.016667545999957,0 -36.64051934599999,-7.015690185999965,0 -36.65012525799989,-7.012689133999979,0 -36.65351897999989,-7.009690652999945,0 -36.65454383799991,-7.009770994999938,0 -36.66025319300002,-7.013404478999973,0 -36.66170652200001,-7.013957836999955,0 -36.67232245400002,-7.014416753999977,0 -36.675990767,-7.014953975999962,0 -36.65760954699991,-7.049962806999924,0 -36.659776848,-7.053817878999949,0 
						</coordinates>
					</LinearRing>
				</outerBoundaryIs>
			</Polygon>
		</Placemark>
		<Placemark>
			<styleUrl>#falseColor</styleUrl>
			<Style id="inline">
				<IconStyle>
					<color>ffffffff</color>
					<colorMode>normal</colorMode>
				</IconStyle>
				<LineStyle>
					<color>ffffffff</color>
					<colorMode>normal</colorMode>
				</LineStyle>
				<PolyStyle>
					<color>ffffffff</color>
					<colorMode>normal</colorMode>
				</PolyStyle>
			</Style>
			<ExtendedData>
				<SchemaData schemaUrl="#S_SeridoUnificado_SSSSSSSDDDDDSSSSSSSSSSSS">
					<SimpleData name="Name"></SimpleData>
					<SimpleData name="descriptio"></SimpleData>
					<SimpleData name="timestamp"></SimpleData>
					<SimpleData name="begin"></SimpleData>
					<SimpleData name="end"></SimpleData>
					<SimpleData name="altitudeMo"></SimpleData>
					<SimpleData name="tessellate">-1</SimpleData>
					<SimpleData name="extrude">0</SimpleData>
					<SimpleData name="visibility">-1</SimpleData>
					<SimpleData name="drawOrder">0</SimpleData>
					<SimpleData name="icon"></SimpleData>
					<SimpleData name="Area_Km2">244.317</SimpleData>
					<SimpleData name="Pop_estim">2989</SimpleData>
					<SimpleData name="Dens_demog">12</SimpleData>
					<SimpleData name="Latitude">-6.41556</SimpleData>
					<SimpleData name="Longitude">-36.4491</SimpleData>
					<SimpleData name="Lat_GMS">-6?24&apos;56&quot;</SimpleData>
					<SimpleData name="Long_GMS">-36?26&apos;57&quot;</SimpleData>
					<SimpleData name="Nome">Frei Martinho</SimpleData>
					<SimpleData name="Mesorreg">Borborema</SimpleData>
					<SimpleData name="Microrreg">Serid? Oriental Paraibano</SimpleData>
					<SimpleData name="Gant_lico">Frei-martinhense</SimpleData>
					<SimpleData name="Geocod_Mun">2506202</SimpleData>
					<SimpleData name="CD_MUN"></SimpleData>
					<SimpleData name="NM_MUN"></SimpleData>
					<SimpleData name="SIGLA_UF"></SimpleData>
					<SimpleData name="layer">SeridoPB</SimpleData>
					<SimpleData name="path">C:\Users\damas\OneDrive\2025_1\MARIANNA 2025\SERIDO PB_RN\SeridoPB.shp</SimpleData>
				</SchemaData>
			</ExtendedData>
			<Polygon>
				<outerBoundaryIs>
					<LinearRing>
						<coordinates>
							-36.44878574399999,-6.361950922999928,0 -36.46356146999988,-6.361120034999946,0 -36.46356287,-6.36111911499995,0 -36.48706230300002,-6.359798504999954,0 -36.49984862799992,-6.358164927999943,0 -36.50019906200001,-6.369669888999969,0 -36.50022105499988,-6.37038988699993,0 -36.503639988,-6.380029108999961,0 -36.504377516,-6.386450887999966,0 -36.5047975259999,-6.390108343999947,0 -36.50749187899991,-6.400116689999944,0 -36.51073190499988,-6.407478026999971,0 -36.51867229899988,-6.418079675999937,0 -36.52106166899989,-6.42389965599995,0 -36.525679742,-6.436776682999952,0 -36.52892712799999,-6.443338267999934,0 -36.530971554,-6.452071556999948,0 -36.53057298100001,-6.460533759999974,0 -36.52953025499989,-6.465665981999955,0 -36.53082481400001,-6.471831467999958,0 -36.52974872800002,-6.47673424599998,0 -36.52821095099988,-6.47928416999997,0 -36.52665120500001,-6.484465476999956,0 -36.5273090499999,-6.493242901999965,0 -36.52584679699989,-6.501161336999923,0 -36.5226891469999,-6.502114707999969,0 -36.51927312399991,-6.502550246999935,0 -36.51647410099999,-6.502907329999963,0 -36.511231047,-6.506072850999949,0 -36.500433734,-6.51350754799995,0 -36.49654590299999,-6.515040677999943,0 -36.48859026899991,-6.516432780999939,0 -36.48263047599988,-6.519538004999951,0 -36.48152749600001,-6.520629737999974,0 -36.48095655200001,-6.52308275099994,0 -36.4812306229999,-6.53277569999994,0 -36.480745364,-6.535331831999944,0 -36.4792679139999,-6.539869500999933,0 -36.47811409900002,-6.541993494999934,0 -36.47562176299991,-6.544934010999947,0 -36.47154428999989,-6.548351577999945,0 -36.46919052999991,-6.54909615299994,0 -36.4595446239999,-6.518413481999974,0 -36.42164730199988,-6.478161893999919,0 -36.42049131900001,-6.476461496999955,0 -36.41812549899998,-6.470030327999952,0 -36.41828758700001,-6.466930110999954,0 -36.419315433,-6.464816170999946,0 -36.425444709,-6.460194500999941,0 -36.42886535799992,-6.45901076099994,0 -36.43868208899988,-6.458285002999961,0 -36.43970525500001,-6.457162114999959,0 -36.43913520500001,-6.454901871999937,0 -36.43169322499988,-6.445767276999952,0 -36.43018433999998,-6.44452217899993,0 -36.430073587,-6.444505062999952,0 -36.43003007899988,-6.444498338999956,0 -36.42806669499998,-6.44419491599995,0 -36.42292116300002,-6.441841364999961,0 -36.42161827300001,-6.44070509799997,0 -36.420187148,-6.436325078999976,0 -36.43551975,-6.436472868999934,0 -36.437703852,-6.435919645999943,0 -36.43894925399999,-6.433879890999938,0 -36.43881527600001,-6.431762850999974,0 -36.436942847,-6.428367357999944,0 -36.43060360399989,-6.420968548999955,0 -36.42844663999988,-6.416126507999942,0 -36.42193960200002,-6.405481567999971,0 -36.42055604599989,-6.403628976999924,0 -36.41629115599989,-6.400641533999925,0 -36.41011957199999,-6.400554612999947,0 -36.40102073799988,-6.403400145999976,0 -36.39511925999989,-6.406545365999941,0 -36.390441172,-6.412022326999929,0 -36.3750260109999,-6.392727564999976,0 -36.37598641299999,-6.385197825999964,0 -36.37687762799991,-6.378210175999921,0 -36.36774256699991,-6.360064790999964,0 -36.369210262,-6.358909786999963,0 -36.376272769,-6.354111450999929,0 -36.37156836500001,-6.350348128999941,0 -36.37070452899999,-6.348652315999976,0 -36.368809577,-6.350053597999931,0 -36.36531861299989,-6.350599317999981,0 -36.3606408649999,-6.350019383999959,0 -36.35463145899998,-6.35174366499996,0 -36.3524580869999,-6.35074579599995,0 -36.3511638489999,-6.347917201999964,0 -36.35168944899991,-6.345027755999979,0 -36.350547659,-6.340790648999919,0 -36.34896297099991,-6.33767968699993,0 -36.34439722699988,-6.335327259999934,0 -36.34295775199998,-6.332922689999981,0 -36.34167291899999,-6.328401266999957,0 -36.34044324500002,-6.327337545999974,0 -36.3398695659999,-6.325359460999955,0 -36.33639920600001,-6.322379392999946,0 -36.33596947000001,-6.32124837399993,0 -36.33852204300002,-6.319498729999968,0 -36.3386916159999,-6.314702379999979,0 -36.34377765499988,-6.31430471199997,0 -36.34561216799989,-6.31099978799994,0 -36.347656179,-6.309177271999944,0 -36.34752634699999,-6.306213044999927,0 -36.34622691600001,-6.304373067999965,0 -36.343992639,-6.302538599999938,0 -36.35427211,-6.308522122999934,0 -36.35757674399999,-6.309987261999936,0 -36.36260481200001,-6.309978801999936,0 -36.39456140800002,-6.293974775999978,0 -36.41541690899989,-6.333059257999929,0 -36.428484248,-6.359658945999977,0 -36.4303060469999,-6.36225501799993,0 -36.43260345800002,-6.363098080999981,0 -36.44478230399989,-6.362175055999948,0 -36.44878574399999,-6.361950922999928,0 
						</coordinates>
					</LinearRing>
				</outerBoundaryIs>
			</Polygon>
		</Placemark>
		<Placemark>
			<styleUrl>#falseColor</styleUrl>
			<Style id="inline">
				<IconStyle>
					<color>ffffffff</color>
					<colorMode>normal</colorMode>
				</IconStyle>
				<LineStyle>
					<color>ffffffff</color>
					<colorMode>normal</colorMode>
				</LineStyle>
				<PolyStyle>
					<color>ffffffff</color>
					<colorMode>normal</colorMode>
				</PolyStyle>
			</Style>
			<ExtendedData>
				<SchemaData schemaUrl="#S_SeridoUnificado_SSSSSSSDDDDDSSSSSSSSSSSS">
					<SimpleData name="Name"></SimpleData>
					<SimpleData name="descriptio"></SimpleData>
					<SimpleData name="timestamp"></SimpleData>
					<SimpleData name="begin"></SimpleData>
					<SimpleData name="end"></SimpleData>
					<SimpleData name="altitudeMo"></SimpleData>
					<SimpleData name="tessellate">-1</SimpleData>
					<SimpleData name="extrude">0</SimpleData>
					<SimpleData name="visibility">-1</SimpleData>
					<SimpleData name="drawOrder">0</SimpleData>
					<SimpleData name="icon"></SimpleData>
					<SimpleData name="Area_Km2">170.42</SimpleData>
					<SimpleData name="Pop_estim">7150</SimpleData>
					<SimpleData name="Dens_demog">38.98</SimpleData>
					<SimpleData name="Latitude">-6.99058</SimpleData>
					<SimpleData name="Longitude">-36.7762</SimpleData>
					<SimpleData name="Lat_GMS">-6?59&apos;26&quot;</SimpleData>
					<SimpleData name="Long_GMS">-36?46&apos;34&quot;</SimpleData>
					<SimpleData name="Nome">Junco do Serid?</SimpleData>
					<SimpleData name="Mesorreg">Borborema</SimpleData>
					<SimpleData name="Microrreg">Serid? Ocidental Paraibano</SimpleData>
					<SimpleData name="Gant_lico">Juncoense</SimpleData>
					<SimpleData name="Geocod_Mun">2507804</SimpleData>
					<SimpleData name="CD_MUN"></SimpleData>
					<SimpleData name="NM_MUN"></SimpleData>
					<SimpleData name="SIGLA_UF"></SimpleData>
					<SimpleData name="layer">SeridoPB</SimpleData>
					<SimpleData name="path">C:\Users\damas\OneDrive\2025_1\MARIANNA 2025\SERIDO PB_RN\SeridoPB.shp</SimpleData>
				</SchemaData>
			</ExtendedData>
			<Polygon>
				<outerBoundaryIs>
					<LinearRing>
						<coordinates>
							-36.866690423,-7.061030823999948,0 -36.86435850200002,-7.062430362999979,0 -36.86236983099999,-7.064451026999963,0 -36.85841441600002,-7.064545701999982,0 -36.84622022899998,-7.060034024999946,0 -36.83716871000001,-7.05519835299998,0 -36.82858529299989,-7.049915106999953,0 -36.82079705500001,-7.048694166999951,0 -36.81720371400002,-7.046195967999944,0 -36.81374579300002,-7.039242548999935,0 -36.81027744799999,-7.035166440999947,0 -36.80447896899989,-7.030797219999947,0 -36.80343316599991,-7.03062274499996,0 -36.80156798299998,-7.031516873999979,0 -36.79793491800002,-7.033986659999933,0 -36.787353647,-7.036468996999927,0 -36.78456453500002,-7.036003583999948,0 -36.78021793399989,-7.033811841999977,0 -36.77701139600001,-7.034107715999937,0 -36.772110448,-7.037523032999948,0 -36.77038244900001,-7.037949701999939,0 -36.76896786799989,-7.038017620999943,0 -36.74506372199989,-7.025720415999954,0 -36.742153688,-7.025293175999936,0 -36.73633496799992,-7.022711329999942,0 -36.73058887,-7.019196152999942,0 -36.72589973499999,-7.010575390999967,0 -36.725587592,-7.00385868499996,0 -36.70316121400001,-7.007340324999982,0 -36.69299601099991,-7.008917874999954,0 -36.6888970699999,-7.008797627999977,0 -36.68651063800002,-7.009536724999979,0 -36.68670794799991,-7.008849432999966,0 -36.68839129599998,-7.005473864999948,0 -36.69377188399989,-7.001774820999962,0 -36.69517707099991,-7.001355094999946,0 -36.69478757600002,-6.998947778999924,0 -36.697721685,-6.996517153999953,0 -36.698933199,-6.994039728999946,0 -36.69958871200001,-6.991249258999977,0 -36.70087531299998,-6.990014102999957,0 -36.70188714099991,-6.987497552999971,0 -36.70181348099991,-6.98602326599997,0 -36.69621694499988,-6.976644438999921,0 -36.69418604299989,-6.974888597999946,0 -36.687638896,-6.971053520999937,0 -36.68616664799999,-6.969300052999918,0 -36.6850477679999,-6.969217538999946,0 -36.681358647,-6.970673108999956,0 -36.67587002599998,-6.971772011999972,0 -36.6717879609999,-6.97190832099994,0 -36.66832590000002,-6.970929015999947,0 -36.66719640499999,-6.969596228999924,0 -36.66220585100002,-6.962920907999943,0 -36.66175330700001,-6.961550483999924,0 -36.660673376,-6.953397478999941,0 -36.66061413799999,-6.941176014999943,0 -36.659968324,-6.934624865999986,0 -36.65917826700002,-6.932210188999934,0 -36.65662982000001,-6.929480537999941,0 -36.6548791829999,-6.928238814999938,0 -36.66081073499999,-6.926996225999964,0 -36.67097194400001,-6.925999720999927,0 -36.67327087000002,-6.925774265999958,0 -36.68721813600002,-6.92596268999994,0 -36.689261546,-6.926957524999979,0 -36.69109621699991,-6.928856619999976,0 -36.691956342,-6.929991163999945,0 -36.69467117499988,-6.93449026699994,0 -36.699702169,-6.948341010999972,0 -36.70927152000002,-6.974688589999964,0 -36.71243877399999,-6.980019178999952,0 -36.71399684199999,-6.981491921999985,0 -36.71587093099998,-6.982558469999962,0 -36.718553882,-6.982734811999924,0 -36.72436614700002,-6.98038277299998,0 -36.731072426,-6.976187265999945,0 -36.73737553500002,-6.972808633999932,0 -36.74411259899989,-6.967773675999984,0 -36.7545519339999,-6.956002504999955,0 -36.75676325800001,-6.952989971999957,0 -36.75734459499989,-6.951784937999951,0 -36.76497125700001,-6.940261418999969,0 -36.7665439159999,-6.935867629999954,0 -36.76649904800002,-6.934345433999967,0 -36.765268496,-6.931164439999979,0 -36.76210144499998,-6.926872791999923,0 -36.759998174,-6.914539874999937,0 -36.77479124400001,-6.914932860999958,0 -36.791652142,-6.932724483999941,0 -36.86657440100002,-7.011821053999936,0 -36.86657723699989,-7.012804531999954,0 -36.866690423,-7.061030823999948,0 
						</coordinates>
					</LinearRing>
				</outerBoundaryIs>
			</Polygon>
		</Placemark>
		<Placemark>
			<styleUrl>#falseColor</styleUrl>
			<Style id="inline">
				<IconStyle>
					<color>ffffffff</color>
					<colorMode>normal</colorMode>
				</IconStyle>
				<LineStyle>
					<color>ffffffff</color>
					<colorMode>normal</colorMode>
				</LineStyle>
				<PolyStyle>
					<color>ffffffff</color>
					<colorMode>normal</colorMode>
				</PolyStyle>
			</Style>
			<ExtendedData>
				<SchemaData schemaUrl="#S_SeridoUnificado_SSSSSSSDDDDDSSSSSSSSSSSS">
					<SimpleData name="Name"></SimpleData>
					<SimpleData name="descriptio"></SimpleData>
					<SimpleData name="timestamp"></SimpleData>
					<SimpleData name="begin"></SimpleData>
					<SimpleData name="end"></SimpleData>
					<SimpleData name="altitudeMo"></SimpleData>
					<SimpleData name="tessellate">-1</SimpleData>
					<SimpleData name="extrude">0</SimpleData>
					<SimpleData name="visibility">-1</SimpleData>
					<SimpleData name="drawOrder">0</SimpleData>
					<SimpleData name="icon"></SimpleData>
					<SimpleData name="Area_Km2">264.675</SimpleData>
					<SimpleData name="Pop_estim">10775</SimpleData>
					<SimpleData name="Dens_demog">37</SimpleData>
					<SimpleData name="Latitude">-6.90986</SimpleData>
					<SimpleData name="Longitude">-36.4497</SimpleData>
					<SimpleData name="Lat_GMS">-6?54&apos;36&quot;</SimpleData>
					<SimpleData name="Long_GMS">-36?26&apos;59&quot;</SimpleData>
					<SimpleData name="Nome">S?o Vicente do Serid?</SimpleData>
					<SimpleData name="Mesorreg">Borborema</SimpleData>
					<SimpleData name="Microrreg">Serid? Oriental Paraibano</SimpleData>
					<SimpleData name="Gant_lico">Seridoense</SimpleData>
					<SimpleData name="Geocod_Mun">2515401</SimpleData>
					<SimpleData name="CD_MUN"></SimpleData>
					<SimpleData name="NM_MUN"></SimpleData>
					<SimpleData name="SIGLA_UF"></SimpleData>
					<SimpleData name="layer">SeridoPB</SimpleData>
					<SimpleData name="path">C:\Users\damas\OneDrive\2025_1\MARIANNA 2025\SERIDO PB_RN\SeridoPB.shp</SimpleData>
				</SchemaData>
			</ExtendedData>
			<Polygon>
				<outerBoundaryIs>
					<LinearRing>
						<coordinates>
							-36.47204504699992,-6.950734077999934,0 -36.476708011,-6.994208431999935,0 -36.44511353799991,-6.990054926999958,0 -36.444283334,-6.989945753999958,0 -36.4257652119999,-6.98751059099993,0 -36.39400633100002,-6.983334246999961,0 -36.3753077609999,-6.971275451999935,0 -36.37513279099988,-6.971162906999955,0 -36.35153028799991,-6.95594352099993,0 -36.343227504,-6.952996547999922,0 -36.33454787700001,-6.947421451999967,0 -36.32747937700001,-6.942219427999925,0 -36.325988583,-6.939944833999954,0 -36.32610557299989,-6.938928523999957,0 -36.328334732,-6.938629351999963,0 -36.33011660099989,-6.935645075999965,0 -36.3302261339999,-6.935220627999959,0 -36.33120615999999,-6.931422954999967,0 -36.33136316899989,-6.930621266999941,0 -36.3314240519999,-6.930528313999964,0 -36.3314415149999,-6.930307692999975,0 -36.33160802999999,-6.929749691999969,0 -36.33175440699989,-6.929408158999928,0 -36.33203812999989,-6.929086773999935,0 -36.3327706819999,-6.927987943999945,0 -36.3328553069999,-6.927719042999958,0 -36.33305014199991,-6.927425518999932,0 -36.33360308599998,-6.926724040999945,0 -36.3338340949999,-6.926483924999962,0 -36.33415897099999,-6.926016579999943,0 -36.33443215200001,-6.925935711999946,0 -36.33453321100001,-6.92578142099995,0 -36.33472984600002,-6.925744265999974,0 -36.33481037000001,-6.925740719999959,0 -36.33489089299999,-6.925737172999966,0 -36.334977237,-6.925712716999961,0 -36.335109084,-6.925675515999961,0 -36.33522733699991,-6.925642393999958,0 -36.33536713199991,-6.925603237999955,0 -36.33547147199991,-6.925572112999938,0 -36.33555184799999,-6.925547698999937,0 -36.33562048100001,-6.925550197999943,0 -36.33571423699991,-6.925550950999925,0 -36.33578453199991,-6.925546064999941,0 -36.33587677899991,-6.925512623999972,0 -36.33600798099999,-6.925459005999932,0 -36.33612656499999,-6.925397584999926,0 -36.33621938399988,-6.925349508999945,0 -36.33634847699989,-6.925275977999936,0 -36.33652534200002,-6.925166053999934,0 -36.33660260399989,-6.925110374999983,0 -36.336938952,-6.92479515399998,0 -36.3370948789999,-6.924645336999955,0 -36.33725781300001,-6.924488786999971,0 -36.33741595600001,-6.924336840999949,0 -36.33748395000001,-6.924271510999979,0 -36.33760370999988,-6.924156443999951,0 -36.3380761879999,-6.923725000999985,0 -36.338270607,-6.923569970999948,0 -36.33842866000001,-6.923446918999958,0 -36.33864723300002,-6.923309419999953,0 -36.33883837199989,-6.923193376999963,0 -36.33904871899989,-6.923072609999963,0 -36.33917959799991,-6.923018029999984,0 -36.33931047700001,-6.922963448999944,0 -36.33946824599999,-6.922914640999982,0 -36.33962601400001,-6.922865833999941,0 -36.34010380500002,-6.922591502999984,0 -36.34078986599999,-6.922496931999953,0 -36.34172147399989,-6.922192264999985,0 -36.34232260900001,-6.921982337999961,0 -36.34281267599991,-6.921674812999976,0 -36.34312138300001,-6.921455016999976,0 -36.34346937399991,-6.921306492999976,0 -36.343712957,-6.921158702999939,0 -36.34388503100001,-6.921023339999969,0 -36.3442119929999,-6.920854094999975,0 -36.34447034300001,-6.920685332999941,0 -36.34490984199991,-6.920399030999933,0 -36.34526314600001,-6.920158052999959,0 -36.345535991,-6.919929564999958,0 -36.345722727,-6.919758325999958,0 -36.3458770679999,-6.919646936999935,0 -36.34608241599989,-6.919576924999937,0 -36.34657730999991,-6.919531704999933,0 -36.34738222999992,-6.919454490999959,0 -36.347692362,-6.919437400999923,0 -36.34784409899991,-6.919379690999965,0 -36.34798335599989,-6.919244558999935,0 -36.34815204400002,-6.919052577999938,0 -36.34823785899991,-6.918953595999941,0 -36.34827943199999,-6.918926472999935,0 -36.3483324119999,-6.918824740999971,0 -36.34839070699999,-6.918630556999972,0 -36.34850948199988,-6.918552209999964,0 -36.34873472200001,-6.918341943999953,0 -36.34889788499991,-6.918212605999942,0 -36.34906104800002,-6.918083267999973,0 -36.3492153879999,-6.917971878999928,0 -36.34936972799988,-6.917860489999946,0 -36.3495088999999,-6.917713433999948,0 -36.349710515,-6.917509928999957,0 -36.34986742900001,-6.91736807699993,0 -36.35003930999988,-6.917205884999939,0 -36.35015531100001,-6.917157369999922,0 -36.35027131300001,-6.917108854999984,0 -36.350437585,-6.916997380999934,0 -36.35060385599999,-6.916885907999923,0 -36.35086858999989,-6.916709750999937,0 -36.351147163,-6.916515399999983,0 -36.35146472600002,-6.91628361599993,0 -36.351684539,-6.916127742999942,0 -36.35186924199999,-6.916009011999971,0 -36.35207353100001,-6.91589475999995,0 -36.3522996729999,-6.915812674999932,0 -36.352570026,-6.91577834299995,0 -36.35274384699989,-6.915767808999938,0 -36.352905494,-6.915758011999966,0 -36.35307781800001,-6.915747567999981,0 -36.3532208349999,-6.915722709999963,0 -36.35336385099998,-6.915697852999925,0 -36.3535131699999,-6.915720648999972,0 -36.35362366699999,-6.915737756999929,0 -36.35380582100002,-6.915763302999944,0 -36.35398173399988,-6.915750137999974,0 -36.35434828599989,-6.915696873999943,0 -36.35452718200001,-6.915683687999952,0 -36.35467620599999,-6.915664749999964,0 -36.35478632499998,-6.915628199999957,0 -36.35513474699999,-6.915542270999941,0 -36.355301416,-6.915487434999941,0 -36.35583100100001,-6.915451469999942,0 -36.356079601,-6.915428284999963,0 -36.35623738399988,-6.915382454999928,0 -36.356361996,-6.915286179999955,0 -36.356486893,-6.915114796999944,0 -36.35666039400001,-6.91483035899995,0 -36.356839997,-6.914540509999929,0 -36.35689326999989,-6.914480510999961,0 -36.357157576,-6.914311703999942,0 -36.35724387200001,-6.914281283999964,0 -36.35739856599999,-6.914220569999936,0 -36.35750855799989,-6.914166132999988,0 -36.35761854899991,-6.91411169699996,0 -36.35777891399991,-6.914009207999934,0 -36.35793316299998,-6.913954751999944,0 -36.358088471,-6.913911626999953,0 -36.35830878999999,-6.913850449999927,0 -36.35865313999988,-6.91372959599994,0 -36.359466558,-6.913456357999954,0 -36.359903291,-6.913297532999943,0 -36.36022126500001,-6.913168678999972,0 -36.360412171,-6.913045604999981,0 -36.36071113700002,-6.912813201999937,0 -36.36103221799991,-6.912561267999935,0 -36.36116266700001,-6.912447064999978,0 -36.3615294859999,-6.911766889999975,0 -36.36192536499991,-6.911043541999957,0 -36.362139741,-6.910651832999982,0 -36.3623752469999,-6.910221515999988,0 -36.36255265900001,-6.909897349999945,0 -36.36276160700001,-6.909582170999946,0 -36.36285503599998,-6.909441241999956,0 -36.36293747799991,-6.909316883999958,0 -36.36309738200001,-6.909075683999966,0 -36.3632993699999,-6.908771002999976,0 -36.364081584,-6.907591104999932,0 -36.36446827299989,-6.907166452999949,0 -36.3646547509999,-6.906977896999935,0 -36.36488115299989,-6.906762674999934,0 -36.364996875,-6.906675404999927,0 -36.36502423400001,-6.906654772999959,0 -36.36599094199988,-6.905932051999972,0 -36.36673404099999,-6.905453399999937,0 -36.36725412399988,-6.905186009999975,0 -36.36783888199988,-6.904869647999938,0 -36.36801146799999,-6.90480880599994,0 -36.36858939000001,-6.904697400999956,0 -36.36895245900001,-6.904575589999988,0 -36.3695949479999,-6.904314673999982,0 -36.36978242699998,-6.904250744999949,0 -36.37008241099988,-6.904066776999976,0 -36.37051504600001,-6.903237958999964,0 -36.37094760600001,-6.90244776699995,0 -36.37129297000001,-6.90182123799997,0 -36.37161302899989,-6.901240614999951,0 -36.37175506200001,-6.901002325999959,0 -36.372081657,-6.900785377999973,0 -36.37248142600001,-6.900507241999943,0 -36.37292198699998,-6.90019491799996,0 -36.373264255,-6.899905643999946,0 -36.37354019799989,-6.899576311999955,0 -36.37380593500001,-6.899115703999934,0 -36.37394010399998,-6.898685480999969,0 -36.37409981999999,-6.898377142999957,0 -36.374268732,-6.897914040999988,0 -36.37448631500001,-6.89746832299994,0 -36.3748334049999,-6.89719757099994,0 -36.37526433099998,-6.896970941999934,0 -36.37549290999991,-6.896814308999984,0 -36.37557539400002,-6.896667652999959,0 -36.37569693399998,-6.896139144999955,0 -36.37586171499998,-6.89539867599996,0 -36.37590472099999,-6.895229445999966,0 -36.37618437500001,-6.894627279999943,0 -36.37637649300002,-6.894132731999951,0 -36.37644217299989,-6.893963659999931,0 -36.37684294199988,-6.892428560999974,0 -36.37688244200001,-6.892109307999938,0 -36.376921941,-6.891790055999943,0 -36.37693192899999,-6.891515727999947,0 -36.37695130399991,-6.89111110599992,0 -36.37691972300001,-6.89090410799998,0 -36.37685299899991,-6.890582553999933,0 -36.37680434,-6.890348055999935,0 -36.37679469499988,-6.890249749999954,0 -36.37678505,-6.890151442999974,0 -36.37683768499988,-6.890002017999961,0 -36.37694069100002,-6.889812587999935,0 -36.37701667999988,-6.889643572999939,0 -36.37708881200002,-6.889472754999934,0 -36.3771608499999,-6.889302164999949,0 -36.377240667,-6.889200243999928,0 -36.37742779300001,-6.888971180999941,0 -36.37756600499989,-6.888807424999921,0 -36.37774137100001,-6.888599647999976,0 -36.377860707,-6.888466674999965,0 -36.37801884299989,-6.888306384999971,0 -36.37815611100002,-6.888213520999962,0 -36.378428648,-6.888047114999942,0 -36.37856826699991,-6.887965638999956,0 -36.378785122,-6.887838899999961,0 -36.37890715999999,-6.887753500999969,0 -36.379174029,-6.887512889999925,0 -36.37944977500002,-6.887258400999931,0 -36.37968829199999,-6.887038271999923,0 -36.37991149300002,-6.886832277999925,0 -36.38025363100002,-6.886470605999937,0 -36.38044446499999,-6.886244415999947,0 -36.3805629359999,-6.886094720999951,0 -36.38074707899989,-6.885861838999967,0 -36.3808764469999,-6.885698229999939,0 -36.38105316600002,-6.885474736999972,0 -36.381131722,-6.885403982999954,0 -36.384382757,-6.883124962999936,0 -36.388060121,-6.881414383999989,0 -36.389708888,-6.879059115999957,0 -36.39622990299988,-6.87350571999996,0 -36.39691398600002,-6.872177755999935,0 -36.39967539399998,-6.869119796999936,0 -36.39989468699999,-6.86848679599996,0 -36.4001241559999,-6.867988567999923,0 -36.40025194,-6.867567408999948,0 -36.40017316800002,-6.866981901999964,0 -36.400033859,-6.866688682999945,0 -36.39986668699989,-6.866135439999931,0 -36.3999614169999,-6.865748169999963,0 -36.4001787409999,-6.865371963999971,0 -36.40024561000001,-6.865106406999921,0 -36.40038491999999,-6.864796589999966,0 -36.400614262,-6.864631151999967,0 -36.40076384199988,-6.864464642999959,0 -36.40085857299991,-6.864243344999974,0 -36.400908725,-6.863446670999965,0 -36.40083628400001,-6.862804904999962,0 -36.40046293300001,-6.862367838999949,0 -36.40062453299999,-6.862229526999957,0 -36.40078055999991,-6.862002695999934,0 -36.40088086299988,-6.861720538999969,0 -36.400886435,-6.861405186999936,0 -36.40102574499999,-6.861073237999968,0 -36.40128207499998,-6.860879600999974,0 -36.40154397799989,-6.860796612999942,0 -36.401761301,-6.860636170999957,0 -36.40188389400002,-6.860459130999976,0 -36.40202320399991,-6.860414870999931,0 -36.40226281700001,-6.860265493999982,0 -36.4023519749999,-6.860082920999964,0 -36.40242441699999,-6.859551800999943,0 -36.4025245519999,-6.859454018999946,0 -36.40268631899988,-6.859225382999973,0 -36.403009518,-6.859164524999935,0 -36.40313211099991,-6.859026211999941,0 -36.403143256,-6.858666598999942,0 -36.40329371000001,-6.858489557999983,0 -36.403544468,-6.858329114999937,0 -36.403544468,-6.858163138999933,0 -36.40421315599999,-6.857277933999972,0 -36.40436360999999,-6.856984709999951,0 -36.4044527689999,-6.856652756999944,0 -36.40480555599991,-6.855999999999931,0 -36.40521287300002,-6.855596369999947,0 -36.405634919,-6.855657991999971,0 -36.40609603999999,-6.85582282599996,0 -36.408702981,-6.855076833999927,0 -36.4097914079999,-6.855071709999942,0 -36.41064890500002,-6.854716619999978,0 -36.41246863,-6.85396307099996,0 -36.41400046799998,-6.853328736999973,0 -36.414764181,-6.851688677999965,0 -36.415907718,-6.849232952999955,0 -36.41742365700001,-6.848551170999939,0 -36.419137495,-6.849940600999953,0 -36.420266742,-6.84971728099992,0 -36.42134463699989,-6.847880804999928,0 -36.421321829,-6.846614437999965,0 -36.423893527,-6.843000885999979,0 -36.42478472999989,-6.842775251999975,0 -36.425999421,-6.843070085999949,0 -36.425206583,-6.847095073999984,0 -36.42579345499998,-6.848192716999957,0 -36.42692053799991,-6.848602091999956,0 -36.43075133499999,-6.847874007999966,0 -36.43335817600001,-6.848751756999949,0 -36.43602390399999,-6.844275844999974,0 -36.43721437100001,-6.843532397999972,0 -36.43887652800001,-6.84348491999998,0 -36.44228225599988,-6.84471295299995,0 -36.44790111999998,-6.848713963999959,0 -36.45101521899989,-6.848960969999953,0 -36.454584944,-6.847423755999962,0 -36.45597922699988,-6.847373821999946,0 -36.45834751500001,-6.848480994999928,0 -36.46072243700001,-6.848378794999965,0 -36.4633670769999,-6.84770148799992,0 -36.46473832800001,-6.846556081999953,0 -36.46556702399992,-6.846908347999943,0 -36.465739271,-6.84788795099996,0 -36.46671484,-6.848811693999952,0 -36.46772330799999,-6.84864538799996,0 -36.46843993100001,-6.847958751999963,0 -36.46833179499998,-6.846117572999962,0 -36.46898460099991,-6.845947501999938,0 -36.47373441400001,-6.847908091999948,0 -36.4751069339999,-6.84891745999993,0 -36.4761396489999,-6.848756298999945,0 -36.4767901619999,-6.84792550899993,0 -36.476204131,-6.845165726999943,0 -36.477497776,-6.84442131099996,0 -36.48015689100001,-6.846438760999938,0 -36.48166601299992,-6.845862668999933,0 -36.48236165,-6.84452927699994,0 -36.4822929969999,-6.841105178999962,0 -36.4827181919999,-6.839571254999943,0 -36.48777731900001,-6.837877664999943,0 -36.48924671000001,-6.836549479999981,0 -36.49075041,-6.837225242999978,0 -36.49134408,-6.839063606999966,0 -36.49383700600001,-6.839746979999974,0 -36.495549743,-6.841341514999952,0 -36.49721878700001,-6.843520877999937,0 -36.4976355919999,-6.845945543999957,0 -36.50047430800001,-6.846462010999963,0 -36.50317227900002,-6.849230745999932,0 -36.5046325279999,-6.849906828999957,0 -36.509681018,-6.847511330999973,0 -36.51063746499988,-6.845595233999968,0 -36.51184784500001,-6.844848573999959,0 -36.51257450799988,-6.845604636999947,0 -36.51282415799989,-6.847443350999985,0 -36.5146317529999,-6.847452585999969,0 -36.515671325,-6.846456945999924,0 -36.51786879699988,-6.845799056999966,0 -36.51830125200001,-6.845469001999955,0 -36.51857442400001,-6.842796504999975,0 -36.51952485200002,-6.841883341999959,0 -36.519189324,-6.840377171999938,0 -36.52716674099999,-6.837748913999981,0 -36.529945498,-6.841436510999919,0 -36.53149725299989,-6.841193704999973,0 -36.53262349999989,-6.839863597999971,0 -36.532459353,-6.838275929999962,0 -36.534660602,-6.837200186999944,0 -36.536116185,-6.838461605999957,0 -36.5371399049999,-6.84030401399996,0 -36.53713003499998,-6.842307779999945,0 -36.53837078499998,-6.843817819999966,0 -36.54035549599999,-6.843666138999927,0 -36.543667914,-6.842098692999972,0 -36.5443463839999,-6.842958675999964,0 -36.545146093,-6.84307119099998,0 -36.54710326000001,-6.840535436999964,0 -36.55020514599988,-6.843551178999967,0 -36.551464579,-6.843450838999958,0 -36.55435569600002,-6.842132889999963,0 -36.55754486599988,-6.842390382999946,0 -36.560156202,-6.840773421999931,0 -36.56627357799992,-6.844351438999974,0 -36.56979517600001,-6.848008297999966,0 -36.57159536500001,-6.85103371499997,0 -36.57407943099999,-6.857457749999982,0 -36.57396397100001,-6.859403726999962,0 -36.57263406499991,-6.861189861999946,0 -36.56679378500002,-6.86659190499995,0 -36.56636339300002,-6.868434290999971,0 -36.566995305,-6.870702056999958,0 -36.5692465669999,-6.872906808999966,0 -36.56793973800001,-6.874796559999929,0 -36.5580220859999,-6.889138219999953,0 -36.55601594099988,-6.89203879499996,0 -36.47531437899988,-6.948450083999944,0 -36.4748317959999,-6.948787322999969,0 -36.474803509,-6.948807090999926,0 -36.47344990399989,-6.949753018999956,0 -36.47204504699992,-6.950734077999934,0 
						</coordinates>
					</LinearRing>
				</outerBoundaryIs>
			</Polygon>
		</Placemark>
		<Placemark>
			<styleUrl>#falseColor</styleUrl>
			<Style id="inline">
				<IconStyle>
					<color>ffffffff</color>
					<colorMode>normal</colorMode>
				</IconStyle>
				<LineStyle>
					<color>ffffffff</color>
					<colorMode>normal</colorMode>
				</LineStyle>
				<PolyStyle>
					<color>ffffffff</color>
					<colorMode>normal</colorMode>
				</PolyStyle>
			</Style>
			<ExtendedData>
				<SchemaData schemaUrl="#S_SeridoUnificado_SSSSSSSDDDDDSSSSSSSSSSSS">
					<SimpleData name="Name"></SimpleData>
					<SimpleData name="descriptio"></SimpleData>
					<SimpleData name="timestamp"></SimpleData>
					<SimpleData name="begin"></SimpleData>
					<SimpleData name="end"></SimpleData>
					<SimpleData name="altitudeMo"></SimpleData>
					<SimpleData name="tessellate">-1</SimpleData>
					<SimpleData name="extrude">0</SimpleData>
					<SimpleData name="visibility">-1</SimpleData>
					<SimpleData name="drawOrder">0</SimpleData>
					<SimpleData name="icon"></SimpleData>
					<SimpleData name="Area_Km2">184.24</SimpleData>
					<SimpleData name="Pop_estim">3885</SimpleData>
					<SimpleData name="Dens_demog">19.04</SimpleData>
					<SimpleData name="Latitude">-7.09776</SimpleData>
					<SimpleData name="Longitude">-36.8393</SimpleData>
					<SimpleData name="Lat_GMS">-7?5&apos;52&quot;</SimpleData>
					<SimpleData name="Long_GMS">-36?50&apos;22&quot;</SimpleData>
					<SimpleData name="Nome">Salgadinho</SimpleData>
					<SimpleData name="Mesorreg">Borborema</SimpleData>
					<SimpleData name="Microrreg">Serid? Ocidental Paraibano</SimpleData>
					<SimpleData name="Gant_lico">Salgadinhense</SimpleData>
					<SimpleData name="Geocod_Mun">2513000</SimpleData>
					<SimpleData name="CD_MUN"></SimpleData>
					<SimpleData name="NM_MUN"></SimpleData>
					<SimpleData name="SIGLA_UF"></SimpleData>
					<SimpleData name="layer">SeridoPB</SimpleData>
					<SimpleData name="path">C:\Users\damas\OneDrive\2025_1\MARIANNA 2025\SERIDO PB_RN\SeridoPB.shp</SimpleData>
				</SchemaData>
			</ExtendedData>
			<Polygon>
				<outerBoundaryIs>
					<LinearRing>
						<coordinates>
							-36.92366762200001,-7.104042466999934,0 -36.92409833100001,-7.10553275399996,0 -36.92515417999991,-7.107162979999933,0 -36.92665086499988,-7.107919552999922,0 -36.92783881199989,-7.10786180799994,0 -36.93171235200001,-7.109192824999977,0 -36.93252129199991,-7.109883544999953,0 -36.9319564149999,-7.110755459999954,0 -36.9279498239999,-7.111613332999971,0 -36.92687942200001,-7.112795844999931,0 -36.92631142599999,-7.114106158999953,0 -36.92699246199991,-7.115610532999945,0 -36.92667598799988,-7.116547517999954,0 -36.924796968,-7.117101667999981,0 -36.9235892529999,-7.117987202999929,0 -36.92310278999999,-7.118344413999969,0 -36.9237366139999,-7.120920937999921,0 -36.92625442499999,-7.122171337999923,0 -36.926772591,-7.123051158999938,0 -36.931290131,-7.150072324999948,0 -36.93173880599989,-7.152767301999969,0 -36.9310259549999,-7.153450974999942,0 -36.928607239,-7.15399172499996,0 -36.92576995900001,-7.152946250999948,0 -36.92292536600002,-7.153347034999975,0 -36.91950740999992,-7.155259704999937,0 -36.9145385539999,-7.153927853999951,0 -36.911134465,-7.152259908999953,0 -36.90502652499998,-7.152025478999981,0 -36.89833436800001,-7.15495578299993,0 -36.89788702800001,-7.155412444999964,0 -36.89604983099999,-7.157287923999947,0 -36.89475777000002,-7.160173553999916,0 -36.880125559,-7.159349063999962,0 -36.87501984700001,-7.157053745999975,0 -36.86297654899991,-7.149422682999953,0 -36.86070621100001,-7.148928532999954,0 -36.85859769399999,-7.149174868999973,0 -36.85231571799988,-7.150335542999924,0 -36.85018283499988,-7.150602608999979,0 -36.846641662,-7.148382358999987,0 -36.84451815599991,-7.146542763999937,0 -36.83341855099999,-7.145225343999925,0 -36.83190357300001,-7.14544421599993,0 -36.82700798,-7.146832413999961,0 -36.81010906400002,-7.150444340999973,0 -36.778459706,-7.112529907999949,0 -36.77302642800001,-7.106022895999966,0 -36.753625191,-7.082787553999927,0 -36.75150134500001,-7.080243989999923,0 -36.7513168799999,-7.080022688999978,0 -36.75132928999988,-7.079911422999945,0 -36.75265341299999,-7.067999679999954,0 -36.752209605,-7.063920086999937,0 -36.750374254,-7.058659498999926,0 -36.75122218799989,-7.051387931999953,0 -36.75392643800001,-7.045760478999963,0 -36.75405554100001,-7.042940326999936,0 -36.75385646500001,-7.042682540999969,0 -36.75209008499998,-7.040395234999945,0 -36.748839126,-7.039024045999942,0 -36.74547594099991,-7.036413270999953,0 -36.74281862,-7.032960702999958,0 -36.74225847799988,-7.02844610799996,0 -36.742153688,-7.025293175999936,0 -36.74506372199989,-7.025720415999954,0 -36.76896786799989,-7.038017620999943,0 -36.77038244900001,-7.037949701999939,0 -36.772110448,-7.037523032999948,0 -36.77701139600001,-7.034107715999937,0 -36.78021793399989,-7.033811841999977,0 -36.78456453500002,-7.036003583999948,0 -36.787353647,-7.036468996999927,0 -36.79793491800002,-7.033986659999933,0 -36.80156798299998,-7.031516873999979,0 -36.80343316599991,-7.03062274499996,0 -36.80447896899989,-7.030797219999947,0 -36.81027744799999,-7.035166440999947,0 -36.81374579300002,-7.039242548999935,0 -36.81720371400002,-7.046195967999944,0 -36.82079705500001,-7.048694166999951,0 -36.82858529299989,-7.049915106999953,0 -36.83716871000001,-7.05519835299998,0 -36.84622022899998,-7.060034024999946,0 -36.85841441600002,-7.064545701999982,0 -36.86236983099999,-7.064451026999963,0 -36.86435850200002,-7.062430362999979,0 -36.866690423,-7.061030823999948,0 -36.87434641600001,-7.061852022999968,0 -36.8780730839999,-7.064973272999968,0 -36.88260325100001,-7.066347428999958,0 -36.88410754599991,-7.068216526999951,0 -36.88817317499999,-7.06958826399994,0 -36.89072490800002,-7.071065339999971,0 -36.892924636,-7.073274413999977,0 -36.896875286,-7.074645659999925,0 -36.89838203999989,-7.07578101499996,0 -36.89989835400002,-7.075110783999941,0 -36.90756899199992,-7.076555725999971,0 -36.91337882900001,-7.078273195999949,0 -36.91662573899998,-7.080625062999959,0 -36.917805001,-7.080650946999983,0 -36.92000782400001,-7.082349946999951,0 -36.92184753699999,-7.085480064999965,0 -36.92277607900002,-7.087675951999919,0 -36.92284212199999,-7.088657615999987,0 -36.922273977,-7.089499082999966,0 -36.92185146799988,-7.090775540999966,0 -36.922571271,-7.092670300999943,0 -36.922807925,-7.093833911999978,0 -36.92245520699999,-7.095203826999976,0 -36.92254241800001,-7.097798250999972,0 -36.92323001700001,-7.099943245999951,0 -36.92366762200001,-7.104042466999934,0 
						</coordinates>
					</LinearRing>
				</outerBoundaryIs>
			</Polygon>
		</Placemark>
		<Placemark>
			<styleUrl>#falseColor</styleUrl>
			<Style id="inline">
				<IconStyle>
					<color>ffffffff</color>
					<colorMode>normal</colorMode>
				</IconStyle>
				<LineStyle>
					<color>ffffffff</color>
					<colorMode>normal</colorMode>
				</LineStyle>
				<PolyStyle>
					<color>ffffffff</color>
					<colorMode>normal</colorMode>
				</PolyStyle>
			</Style>
			<ExtendedData>
				<SchemaData schemaUrl="#S_SeridoUnificado_SSSSSSSDDDDDSSSSSSSSSSSS">
					<SimpleData name="Name"></SimpleData>
					<SimpleData name="descriptio"></SimpleData>
					<SimpleData name="timestamp"></SimpleData>
					<SimpleData name="begin"></SimpleData>
					<SimpleData name="end"></SimpleData>
					<SimpleData name="altitudeMo"></SimpleData>
					<SimpleData name="tessellate">-1</SimpleData>
					<SimpleData name="extrude">0</SimpleData>
					<SimpleData name="visibility">-1</SimpleData>
					<SimpleData name="drawOrder">0</SimpleData>
					<SimpleData name="icon"></SimpleData>
					<SimpleData name="Area_Km2">50.582</SimpleData>
					<SimpleData name="Pop_estim">4892</SimpleData>
					<SimpleData name="Dens_demog">83.43</SimpleData>
					<SimpleData name="Latitude">-6.62139</SimpleData>
					<SimpleData name="Longitude">-36.2627</SimpleData>
					<SimpleData name="Lat_GMS">-6?37&apos;17&quot;</SimpleData>
					<SimpleData name="Long_GMS">-36?15&apos;46&quot;</SimpleData>
					<SimpleData name="Nome">Bara?na</SimpleData>
					<SimpleData name="Mesorreg">Borborema</SimpleData>
					<SimpleData name="Microrreg">Serid? Oriental Paraibano</SimpleData>
					<SimpleData name="Gant_lico">Baraunense</SimpleData>
					<SimpleData name="Geocod_Mun">2501534</SimpleData>
					<SimpleData name="CD_MUN"></SimpleData>
					<SimpleData name="NM_MUN"></SimpleData>
					<SimpleData name="SIGLA_UF"></SimpleData>
					<SimpleData name="layer">SeridoPB</SimpleData>
					<SimpleData name="path">C:\Users\damas\OneDrive\2025_1\MARIANNA 2025\SERIDO PB_RN\SeridoPB.shp</SimpleData>
				</SchemaData>
			</ExtendedData>
			<Polygon>
				<outerBoundaryIs>
					<LinearRing>
						<coordinates>
							-36.27290260500002,-6.636824561999967,0 -36.27411573599989,-6.642618241999962,0 -36.27426574099999,-6.643334634999965,0 -36.275396653,-6.648728647999964,0 -36.276737875,-6.65078193099993,0 -36.277458327,-6.657236552999954,0 -36.27549217899999,-6.661333476999967,0 -36.27509657099989,-6.667368920999941,0 -36.27326479999991,-6.670543491999976,0 -36.272628035,-6.672534210999961,0 -36.27297432699989,-6.676706921999928,0 -36.27315138400002,-6.678840400999954,0 -36.2716275769999,-6.686601642999957,0 -36.26981677799989,-6.691705478999948,0 -36.2661507179999,-6.69298801699995,0 -36.26565562199988,-6.694058413999926,0 -36.26643132000001,-6.696242764999965,0 -36.26603701999989,-6.699246231999951,0 -36.25102276000001,-6.684566786999937,0 -36.243241665,-6.642793128999925,0 -36.24312274399989,-6.642154690999977,0 -36.2430676509999,-6.641858308999935,0 -36.23914629899999,-6.620830878999926,0 -36.23780780800002,-6.611288241999953,0 -36.2362970729999,-6.605528449999944,0 -36.23433705100002,-6.595422635999957,0 -36.234242104,-6.594933284999975,0 -36.23422370500001,-6.594838459999943,0 -36.24344751599988,-6.589370966999979,0 -36.24426183199989,-6.588588949999982,0 -36.24682197899989,-6.586130347999934,0 -36.24874986000001,-6.582461408999962,0 -36.25033169900001,-6.580702267999934,0 -36.25234790900002,-6.579311045999932,0 -36.255317104,-6.577764659999961,0 -36.27011402700001,-6.572598847999918,0 -36.272092604,-6.571063997999942,0 -36.27661921499998,-6.567552550999951,0 -36.27851187800002,-6.564705626999967,0 -36.28310247499999,-6.561784717999957,0 -36.29116949199992,-6.558231076999952,0 -36.2935874459999,-6.555908575999974,0 -36.29927241799991,-6.545922299999964,0 -36.30112590999989,-6.543440601999984,0 -36.30038592099989,-6.552597577999961,0 -36.30034628600001,-6.559702287999918,0 -36.2990249609999,-6.566342203999966,0 -36.297951417,-6.568295637999944,0 -36.29709066399991,-6.569861872999978,0 -36.29545100499999,-6.571478893999938,0 -36.29278258999989,-6.574111534999938,0 -36.279109353,-6.596308541999976,0 -36.27531121999991,-6.604237635999937,0 -36.27286533499989,-6.605545161999949,0 -36.2720911179999,-6.60804788799993,0 -36.27154334900002,-6.611921281999972,0 -36.27169649500002,-6.620153651999948,0 -36.27230542699991,-6.623128410999916,0 -36.2728697749999,-6.636071602999958,0 -36.27290260500002,-6.636824561999967,0 
						</coordinates>
					</LinearRing>
				</outerBoundaryIs>
			</Polygon>
		</Placemark>
		<Placemark>
			<styleUrl>#falseColor</styleUrl>
			<Style id="inline">
				<IconStyle>
					<color>ffffffff</color>
					<colorMode>normal</colorMode>
				</IconStyle>
				<LineStyle>
					<color>ffffffff</color>
					<colorMode>normal</colorMode>
				</LineStyle>
				<PolyStyle>
					<color>ffffffff</color>
					<colorMode>normal</colorMode>
				</PolyStyle>
			</Style>
			<ExtendedData>
				<SchemaData schemaUrl="#S_SeridoUnificado_SSSSSSSDDDDDSSSSSSSSSSSS">
					<SimpleData name="Name"></SimpleData>
					<SimpleData name="descriptio"></SimpleData>
					<SimpleData name="timestamp"></SimpleData>
					<SimpleData name="begin"></SimpleData>
					<SimpleData name="end"></SimpleData>
					<SimpleData name="altitudeMo"></SimpleData>
					<SimpleData name="tessellate">-1</SimpleData>
					<SimpleData name="extrude">0</SimpleData>
					<SimpleData name="visibility">-1</SimpleData>
					<SimpleData name="drawOrder">0</SimpleData>
					<SimpleData name="icon"></SimpleData>
					<SimpleData name="Area_Km2">455.717</SimpleData>
					<SimpleData name="Pop_estim">15382</SimpleData>
					<SimpleData name="Dens_demog">32.3</SimpleData>
					<SimpleData name="Latitude">-6.91802</SimpleData>
					<SimpleData name="Longitude">-36.9065</SimpleData>
					<SimpleData name="Lat_GMS">-6?55&apos;5&quot;</SimpleData>
					<SimpleData name="Long_GMS">-36?54&apos;23&quot;</SimpleData>
					<SimpleData name="Nome">Santa Luzia</SimpleData>
					<SimpleData name="Mesorreg">Borborema</SimpleData>
					<SimpleData name="Microrreg">Serid? Ocidental Paraibano</SimpleData>
					<SimpleData name="Gant_lico">Santa-luziense</SimpleData>
					<SimpleData name="Geocod_Mun">2513406</SimpleData>
					<SimpleData name="CD_MUN"></SimpleData>
					<SimpleData name="NM_MUN"></SimpleData>
					<SimpleData name="SIGLA_UF"></SimpleData>
					<SimpleData name="layer">SeridoPB</SimpleData>
					<SimpleData name="path">C:\Users\damas\OneDrive\2025_1\MARIANNA 2025\SERIDO PB_RN\SeridoPB.shp</SimpleData>
				</SchemaData>
			</ExtendedData>
			<Polygon>
				<outerBoundaryIs>
					<LinearRing>
						<coordinates>
							-36.98846847399988,-6.936171089999963,0 -36.98616852099999,-6.935167125999948,0 -36.98080318500001,-6.933780502999987,0 -36.97517861599992,-6.933014322999962,0 -36.96891093499989,-6.933111917999943,0 -36.96327927300001,-6.93420297099993,0 -36.962508452,-6.93506667099995,0 -36.96288312999999,-6.937054117999944,0 -36.96479025999999,-6.939667249999948,0 -36.96796007800001,-6.946131819999957,0 -36.97112140000001,-6.954702703999942,0 -36.97152757700002,-6.959791182999941,0 -36.971337692,-6.963882188999944,0 -36.97030629099989,-6.965613210999944,0 -36.96736241199988,-6.966221516999955,0 -36.96365727599991,-6.965212902999955,0 -36.95293102900001,-6.961073761999947,0 -36.94872171399991,-6.958574329999978,0 -36.94462747899998,-6.958680852999979,0 -36.9427056339999,-6.959541874999957,0 -36.94116178699988,-6.961268776999936,0 -36.94136224300001,-6.964570951999978,0 -36.943169858,-6.970333870999985,0 -36.94337240499991,-6.98261459399993,0 -36.94259037800001,-6.985711174999947,0 -36.93844687599989,-6.988779539999948,0 -36.93476247699991,-6.991506607999947,0 -36.93373354799999,-6.992989334999946,0 -36.93346745899998,-6.994971749999943,0 -36.93371213199998,-6.997704257999933,0 -36.93598315299992,-7.004779176999922,0 -36.93610327799998,-7.006989115999939,0 -36.935581369,-7.009220922999928,0 -36.936212516,-7.011084632999935,0 -36.94157382299988,-7.014906259999972,0 -36.946543483,-7.018449167999967,0 -36.94895845900001,-7.022180587999973,0 -36.95291516,-7.024430740999941,0 -36.95470259999999,-7.02617890899996,0 -36.96005437100001,-7.029797054999967,0 -36.961962048,-7.032782116999949,0 -36.962719083,-7.035391643999955,0 -36.96232194000002,-7.038491423999977,0 -36.959416092,-7.048068005999941,0 -36.95325617000001,-7.048673598999928,0 -36.9485384229999,-7.048164568999937,0 -36.94383297400001,-7.044970760999949,0 -36.9415545599999,-7.044961323999928,0 -36.93902858599989,-7.045681672999937,0 -36.93755242799988,-7.047217022999974,0 -36.93445614800001,-7.049323159999976,0 -36.92958803100002,-7.057869962999968,0 -36.91662573899998,-7.080625062999959,0 -36.91337882900001,-7.078273195999949,0 -36.90756899199992,-7.076555725999971,0 -36.89989835400002,-7.075110783999941,0 -36.89838203999989,-7.07578101499996,0 -36.896875286,-7.074645659999925,0 -36.892924636,-7.073274413999977,0 -36.89072490800002,-7.071065339999971,0 -36.88817317499999,-7.06958826399994,0 -36.88410754599991,-7.068216526999951,0 -36.88260325100001,-7.066347428999958,0 -36.8780730839999,-7.064973272999968,0 -36.87434641600001,-7.061852022999968,0 -36.866690423,-7.061030823999948,0 -36.86657723699989,-7.012804531999954,0 -36.86657440100002,-7.011821053999936,0 -36.791652142,-6.932724483999941,0 -36.77479124400001,-6.914932860999958,0 -36.77574260899998,-6.908846657999961,0 -36.78315206900002,-6.905096723999982,0 -36.78490944699998,-6.90271524899992,0 -36.784528263,-6.896340199999944,0 -36.785970225,-6.895351597999941,0 -36.79023955600001,-6.895001819999957,0 -36.79192835299989,-6.894582021999955,0 -36.7958669929999,-6.886435580999937,0 -36.79864522499999,-6.885153343999939,0 -36.80168302399989,-6.884585865999949,0 -36.80470341299999,-6.884682928999945,0 -36.80645810899989,-6.882996368999947,0 -36.81149660099991,-6.881529278999943,0 -36.81365082100002,-6.881935980999961,0 -36.81498932499989,-6.881046570999951,0 -36.81655041300002,-6.876174386999942,0 -36.81737559999991,-6.875380751999964,0 -36.8187118879999,-6.875087990999922,0 -36.82413832099999,-6.878400486999958,0 -36.82863200599999,-6.883798077999934,0 -36.830476647,-6.884203650999958,0 -36.83510514999989,-6.882730748999952,0 -36.83572486199989,-6.88183815499996,0 -36.83470476199988,-6.880338292999961,0 -36.83461197499999,-6.878049098999961,0 -36.83514387100002,-6.874167545999963,0 -36.83617460999989,-6.873077667999954,0 -36.83638742499988,-6.871483282999968,0 -36.83577710299988,-6.870187235999927,0 -36.83619312499999,-6.869194063999946,0 -36.83763071600001,-6.869000812999964,0 -36.84008130500001,-6.871899319999959,0 -36.84274199999989,-6.873104601999964,0 -36.84480454399989,-6.872120215999931,0 -36.8654072159999,-6.856478045999957,0 -36.86571801100002,-6.855781714999976,0 -36.86031297499989,-6.847493222999955,0 -36.85962872999988,-6.839923206999967,0 -36.860459552,-6.837833346999953,0 -36.8641718019999,-6.834066516999934,0 -36.86810711099999,-6.831076455999958,0 -36.86867646199988,-6.830757089999972,0 -36.87230592799988,-6.828724213999977,0 -36.876314995,-6.827547160999929,0 -36.87950688500001,-6.82557026799997,0 -36.88382555800001,-6.823797075999957,0 -36.88547410000001,-6.822408742999935,0 -36.88743865999989,-6.819531295999983,0 -36.88991082999998,-6.817550470999938,0 -36.89196651299989,-6.81656228899993,0 -36.89422750599991,-6.816173712999953,0 -36.89607945499989,-6.815186365999974,0 -36.89690687500002,-6.814094065999945,0 -36.89773617500001,-6.81220551599994,0 -36.89764965699991,-6.808422095999949,0 -36.89961314399988,-6.805042572999982,0 -36.89962314600001,-6.803451160999943,0 -36.896782526,-6.795671892999968,0 -36.89658352000001,-6.794076039999942,0 -36.89700166200001,-6.792186521999957,0 -36.89813751899991,-6.790796952999932,0 -36.90009245100001,-6.789808498999941,0 -36.90147214800002,-6.779161676999934,0 -36.90159487900002,-6.77458118999994,0 -36.90222537499989,-6.771296758999947,0 -36.9047212799999,-6.763838781999938,0 -36.91021616500002,-6.756929774999946,0 -36.919866606,-6.761642854999941,0 -36.93152205199991,-6.768574915999981,0 -36.937314751,-6.772609787999954,0 -36.9571354679999,-6.790478196999976,0 -36.95909771299989,-6.783303382999975,0 -36.96239421000002,-6.787538480999949,0 -36.965819063,-6.789648204999928,0 -36.96632953099989,-6.79074972399996,0 -36.96431708800001,-6.797975782999965,0 -36.96281166099991,-6.800249679999979,0 -36.96397290699999,-6.803572150999962,0 -36.96395677000001,-6.80740878199992,0 -36.96244885800001,-6.809996294999962,0 -36.96073535099998,-6.810816442999956,0 -36.9595548149999,-6.812264769999947,0 -36.958906256,-6.813920010999932,0 -36.95532373200002,-6.818016434999943,0 -37.01046365799991,-6.869502889999978,0 -37.00997170999989,-6.871469820999954,0 -37.01072571200001,-6.874421509999933,0 -37.0105860539999,-6.877275200999977,0 -37.01211115300001,-6.880009536999978,0 -37.02025741900002,-6.888600553999931,0 -37.02765921199989,-6.89210401199994,0 -37.03189721999999,-6.897941544999986,0 -37.03502455099991,-6.904535678999943,0 -37.02153865799989,-6.913702353999945,0 -36.98846847399988,-6.936171089999963,0 
						</coordinates>
					</LinearRing>
				</outerBoundaryIs>
			</Polygon>
		</Placemark>
		<Placemark>
			<styleUrl>#falseColor</styleUrl>
			<Style id="inline">
				<IconStyle>
					<color>ffffffff</color>
					<colorMode>normal</colorMode>
				</IconStyle>
				<LineStyle>
					<color>ffffffff</color>
					<colorMode>normal</colorMode>
				</LineStyle>
				<PolyStyle>
					<color>ffffffff</color>
					<colorMode>normal</colorMode>
				</PolyStyle>
			</Style>
			<ExtendedData>
				<SchemaData schemaUrl="#S_SeridoUnificado_SSSSSSSDDDDDSSSSSSSSSSSS">
					<SimpleData name="Name"></SimpleData>
					<SimpleData name="descriptio"></SimpleData>
					<SimpleData name="timestamp"></SimpleData>
					<SimpleData name="begin"></SimpleData>
					<SimpleData name="end"></SimpleData>
					<SimpleData name="altitudeMo"></SimpleData>
					<SimpleData name="tessellate">-1</SimpleData>
					<SimpleData name="extrude">0</SimpleData>
					<SimpleData name="visibility">-1</SimpleData>
					<SimpleData name="drawOrder">0</SimpleData>
					<SimpleData name="icon"></SimpleData>
					<SimpleData name="Area_Km2">163.227</SimpleData>
					<SimpleData name="Pop_estim">7797</SimpleData>
					<SimpleData name="Dens_demog">50.13</SimpleData>
					<SimpleData name="Latitude">-6.8603</SimpleData>
					<SimpleData name="Longitude">-36.3267</SimpleData>
					<SimpleData name="Lat_GMS">-6?51&apos;37&quot;</SimpleData>
					<SimpleData name="Long_GMS">-36?19&apos;36&quot;</SimpleData>
					<SimpleData name="Nome">Cubati</SimpleData>
					<SimpleData name="Mesorreg">Borborema</SimpleData>
					<SimpleData name="Microrreg">Serid? Oriental Paraibano</SimpleData>
					<SimpleData name="Gant_lico">Cubatiense</SimpleData>
					<SimpleData name="Geocod_Mun">2505006</SimpleData>
					<SimpleData name="CD_MUN"></SimpleData>
					<SimpleData name="NM_MUN"></SimpleData>
					<SimpleData name="SIGLA_UF"></SimpleData>
					<SimpleData name="layer">SeridoPB</SimpleData>
					<SimpleData name="path">C:\Users\damas\OneDrive\2025_1\MARIANNA 2025\SERIDO PB_RN\SeridoPB.shp</SimpleData>
				</SchemaData>
			</ExtendedData>
			<Polygon>
				<outerBoundaryIs>
					<LinearRing>
						<coordinates>
							-36.39364842799989,-6.847130736999938,0 -36.39388620299999,-6.847947932999947,0 -36.3946543989999,-6.848901327999954,0 -36.39508422400002,-6.849373484999952,0 -36.395797549,-6.849464283999971,0 -36.39663890700001,-6.849473363999943,0 -36.397361378,-6.849718521999923,0 -36.3982210259999,-6.850190676999941,0 -36.39953793500001,-6.850753631999957,0 -36.40034271199988,-6.850789950999965,0 -36.40109261800001,-6.850517553999969,0 -36.40151329799988,-6.850099877999982,0 -36.4020071379999,-6.849355324999968,0 -36.40253755999998,-6.848574449999947,0 -36.40265644700001,-6.848084132999926,0 -36.40298755299988,-6.847237237999937,0 -36.40334923699989,-6.846629522999934,0 -36.4034886599999,-6.846395257999975,0 -36.40390019400002,-6.846231818999962,0 -36.40431172800001,-6.846068378999968,0 -36.405025053,-6.845832298999939,0 -36.4055737649999,-6.846331697999972,0 -36.40612247699988,-6.846831097999946,0 -36.40606963599998,-6.847287536999942,0 -36.40598888099999,-6.847985096999945,0 -36.40585726599988,-6.848837767999951,0 -36.4056357929999,-6.849571576999955,0 -36.40528111899991,-6.850354115999955,0 -36.40478727800001,-6.851470942999976,0 -36.40454950299988,-6.851915857999917,0 -36.40476898799988,-6.852660407999971,0 -36.4051713769999,-6.853495754999923,0 -36.4050799249999,-6.853886187999933,0 -36.404887876,-6.854594414999959,0 -36.4043497559999,-6.855563876999957,0 -36.40480555599991,-6.855999999999931,0 -36.4044527689999,-6.856652756999944,0 -36.40436360999999,-6.856984709999951,0 -36.40421315599999,-6.857277933999972,0 -36.403544468,-6.858163138999933,0 -36.403544468,-6.858329114999937,0 -36.40329371000001,-6.858489557999983,0 -36.403143256,-6.858666598999942,0 -36.40313211099991,-6.859026211999941,0 -36.403009518,-6.859164524999935,0 -36.40268631899988,-6.859225382999973,0 -36.4025245519999,-6.859454018999946,0 -36.40242441699999,-6.859551800999943,0 -36.4023519749999,-6.860082920999964,0 -36.40226281700001,-6.860265493999982,0 -36.40202320399991,-6.860414870999931,0 -36.40188389400002,-6.860459130999976,0 -36.401761301,-6.860636170999957,0 -36.40154397799989,-6.860796612999942,0 -36.40128207499998,-6.860879600999974,0 -36.40102574499999,-6.861073237999968,0 -36.400886435,-6.861405186999936,0 -36.40088086299988,-6.861720538999969,0 -36.40078055999991,-6.862002695999934,0 -36.40062453299999,-6.862229526999957,0 -36.40046293300001,-6.862367838999949,0 -36.40083628400001,-6.862804904999962,0 -36.400908725,-6.863446670999965,0 -36.40085857299991,-6.864243344999974,0 -36.40076384199988,-6.864464642999959,0 -36.400614262,-6.864631151999967,0 -36.40038491999999,-6.864796589999966,0 -36.40024561000001,-6.865106406999921,0 -36.4001787409999,-6.865371963999971,0 -36.3999614169999,-6.865748169999963,0 -36.39986668699989,-6.866135439999931,0 -36.400033859,-6.866688682999945,0 -36.40017316800002,-6.866981901999964,0 -36.40025194,-6.867567408999948,0 -36.4001241559999,-6.867988567999923,0 -36.39989468699999,-6.86848679599996,0 -36.39967539399998,-6.869119796999936,0 -36.39691398600002,-6.872177755999935,0 -36.39622990299988,-6.87350571999996,0 -36.389708888,-6.879059115999957,0 -36.388060121,-6.881414383999989,0 -36.384382757,-6.883124962999936,0 -36.381131722,-6.885403982999954,0 -36.38105316600002,-6.885474736999972,0 -36.3808764469999,-6.885698229999939,0 -36.38074707899989,-6.885861838999967,0 -36.3805629359999,-6.886094720999951,0 -36.38044446499999,-6.886244415999947,0 -36.38025363100002,-6.886470605999937,0 -36.37991149300002,-6.886832277999925,0 -36.37968829199999,-6.887038271999923,0 -36.37944977500002,-6.887258400999931,0 -36.379174029,-6.887512889999925,0 -36.37890715999999,-6.887753500999969,0 -36.378785122,-6.887838899999961,0 -36.37856826699991,-6.887965638999956,0 -36.378428648,-6.888047114999942,0 -36.37815611100002,-6.888213520999962,0 -36.37801884299989,-6.888306384999971,0 -36.377860707,-6.888466674999965,0 -36.37774137100001,-6.888599647999976,0 -36.37756600499989,-6.888807424999921,0 -36.37742779300001,-6.888971180999941,0 -36.377240667,-6.889200243999928,0 -36.3771608499999,-6.889302164999949,0 -36.37708881200002,-6.889472754999934,0 -36.37701667999988,-6.889643572999939,0 -36.37694069100002,-6.889812587999935,0 -36.37683768499988,-6.890002017999961,0 -36.37678505,-6.890151442999974,0 -36.37679469499988,-6.890249749999954,0 -36.37680434,-6.890348055999935,0 -36.37685299899991,-6.890582553999933,0 -36.37691972300001,-6.89090410799998,0 -36.37695130399991,-6.89111110599992,0 -36.37693192899999,-6.891515727999947,0 -36.376921941,-6.891790055999943,0 -36.37688244200001,-6.892109307999938,0 -36.37684294199988,-6.892428560999974,0 -36.37644217299989,-6.893963659999931,0 -36.37637649300002,-6.894132731999951,0 -36.37618437500001,-6.894627279999943,0 -36.37590472099999,-6.895229445999966,0 -36.37586171499998,-6.89539867599996,0 -36.37569693399998,-6.896139144999955,0 -36.37557539400002,-6.896667652999959,0 -36.37549290999991,-6.896814308999984,0 -36.37526433099998,-6.896970941999934,0 -36.3748334049999,-6.89719757099994,0 -36.37448631500001,-6.89746832299994,0 -36.374268732,-6.897914040999988,0 -36.37409981999999,-6.898377142999957,0 -36.37394010399998,-6.898685480999969,0 -36.37380593500001,-6.899115703999934,0 -36.37354019799989,-6.899576311999955,0 -36.373264255,-6.899905643999946,0 -36.37292198699998,-6.90019491799996,0 -36.37248142600001,-6.900507241999943,0 -36.372081657,-6.900785377999973,0 -36.37175506200001,-6.901002325999959,0 -36.37161302899989,-6.901240614999951,0 -36.37129297000001,-6.90182123799997,0 -36.37094760600001,-6.90244776699995,0 -36.37051504600001,-6.903237958999964,0 -36.37008241099988,-6.904066776999976,0 -36.36978242699998,-6.904250744999949,0 -36.3695949479999,-6.904314673999982,0 -36.36895245900001,-6.904575589999988,0 -36.36858939000001,-6.904697400999956,0 -36.36801146799999,-6.90480880599994,0 -36.36783888199988,-6.904869647999938,0 -36.36725412399988,-6.905186009999975,0 -36.36673404099999,-6.905453399999937,0 -36.36599094199988,-6.905932051999972,0 -36.36502423400001,-6.906654772999959,0 -36.364996875,-6.906675404999927,0 -36.36488115299989,-6.906762674999934,0 -36.3646547509999,-6.906977896999935,0 -36.36446827299989,-6.907166452999949,0 -36.364081584,-6.907591104999932,0 -36.3632993699999,-6.908771002999976,0 -36.36309738200001,-6.909075683999966,0 -36.36293747799991,-6.909316883999958,0 -36.36285503599998,-6.909441241999956,0 -36.36276160700001,-6.909582170999946,0 -36.36255265900001,-6.909897349999945,0 -36.3623752469999,-6.910221515999988,0 -36.362139741,-6.910651832999982,0 -36.36192536499991,-6.911043541999957,0 -36.3615294859999,-6.911766889999975,0 -36.36116266700001,-6.912447064999978,0 -36.36103221799991,-6.912561267999935,0 -36.36071113700002,-6.912813201999937,0 -36.360412171,-6.913045604999981,0 -36.36022126500001,-6.913168678999972,0 -36.359903291,-6.913297532999943,0 -36.359466558,-6.913456357999954,0 -36.35865313999988,-6.91372959599994,0 -36.35830878999999,-6.913850449999927,0 -36.358088471,-6.913911626999953,0 -36.35793316299998,-6.913954751999944,0 -36.35777891399991,-6.914009207999934,0 -36.35761854899991,-6.91411169699996,0 -36.35750855799989,-6.914166132999988,0 -36.35739856599999,-6.914220569999936,0 -36.35724387200001,-6.914281283999964,0 -36.357157576,-6.914311703999942,0 -36.35689326999989,-6.914480510999961,0 -36.356839997,-6.914540509999929,0 -36.35666039400001,-6.91483035899995,0 -36.356486893,-6.915114796999944,0 -36.356361996,-6.915286179999955,0 -36.35623738399988,-6.915382454999928,0 -36.356079601,-6.915428284999963,0 -36.35583100100001,-6.915451469999942,0 -36.355301416,-6.915487434999941,0 -36.35513474699999,-6.915542270999941,0 -36.35478632499998,-6.915628199999957,0 -36.35467620599999,-6.915664749999964,0 -36.35452718200001,-6.915683687999952,0 -36.35434828599989,-6.915696873999943,0 -36.35398173399988,-6.915750137999974,0 -36.35380582100002,-6.915763302999944,0 -36.35362366699999,-6.915737756999929,0 -36.3535131699999,-6.915720648999972,0 -36.35336385099998,-6.915697852999925,0 -36.3532208349999,-6.915722709999963,0 -36.35307781800001,-6.915747567999981,0 -36.352905494,-6.915758011999966,0 -36.35274384699989,-6.915767808999938,0 -36.352570026,-6.91577834299995,0 -36.3522996729999,-6.915812674999932,0 -36.35207353100001,-6.91589475999995,0 -36.35186924199999,-6.916009011999971,0 -36.351684539,-6.916127742999942,0 -36.35146472600002,-6.91628361599993,0 -36.351147163,-6.916515399999983,0 -36.35086858999989,-6.916709750999937,0 -36.35060385599999,-6.916885907999923,0 -36.350437585,-6.916997380999934,0 -36.35027131300001,-6.917108854999984,0 -36.35015531100001,-6.917157369999922,0 -36.35003930999988,-6.917205884999939,0 -36.34986742900001,-6.91736807699993,0 -36.349710515,-6.917509928999957,0 -36.3495088999999,-6.917713433999948,0 -36.34936972799988,-6.917860489999946,0 -36.3492153879999,-6.917971878999928,0 -36.34906104800002,-6.918083267999973,0 -36.34889788499991,-6.918212605999942,0 -36.34873472200001,-6.918341943999953,0 -36.34850948199988,-6.918552209999964,0 -36.34839070699999,-6.918630556999972,0 -36.3483324119999,-6.918824740999971,0 -36.34827943199999,-6.918926472999935,0 -36.34823785899991,-6.918953595999941,0 -36.34815204400002,-6.919052577999938,0 -36.34798335599989,-6.919244558999935,0 -36.34784409899991,-6.919379690999965,0 -36.347692362,-6.919437400999923,0 -36.34738222999992,-6.919454490999959,0 -36.34657730999991,-6.919531704999933,0 -36.34608241599989,-6.919576924999937,0 -36.3458770679999,-6.919646936999935,0 -36.345722727,-6.919758325999958,0 -36.345535991,-6.919929564999958,0 -36.34526314600001,-6.920158052999959,0 -36.34490984199991,-6.920399030999933,0 -36.34447034300001,-6.920685332999941,0 -36.3442119929999,-6.920854094999975,0 -36.34388503100001,-6.921023339999969,0 -36.343712957,-6.921158702999939,0 -36.34346937399991,-6.921306492999976,0 -36.34312138300001,-6.921455016999976,0 -36.34281267599991,-6.921674812999976,0 -36.34232260900001,-6.921982337999961,0 -36.34172147399989,-6.922192264999985,0 -36.34078986599999,-6.922496931999953,0 -36.34010380500002,-6.922591502999984,0 -36.33962601400001,-6.922865833999941,0 -36.33946824599999,-6.922914640999982,0 -36.33931047700001,-6.922963448999944,0 -36.33917959799991,-6.923018029999984,0 -36.33904871899989,-6.923072609999963,0 -36.33883837199989,-6.923193376999963,0 -36.33864723300002,-6.923309419999953,0 -36.33842866000001,-6.923446918999958,0 -36.338270607,-6.923569970999948,0 -36.3380761879999,-6.923725000999985,0 -36.33760370999988,-6.924156443999951,0 -36.33748395000001,-6.924271510999979,0 -36.33741595600001,-6.924336840999949,0 -36.33725781300001,-6.924488786999971,0 -36.3370948789999,-6.924645336999955,0 -36.336938952,-6.92479515399998,0 -36.33660260399989,-6.925110374999983,0 -36.33652534200002,-6.925166053999934,0 -36.33634847699989,-6.925275977999936,0 -36.33621938399988,-6.925349508999945,0 -36.33612656499999,-6.925397584999926,0 -36.33600798099999,-6.925459005999932,0 -36.33587677899991,-6.925512623999972,0 -36.33578453199991,-6.925546064999941,0 -36.33571423699991,-6.925550950999925,0 -36.33562048100001,-6.925550197999943,0 -36.33555184799999,-6.925547698999937,0 -36.33547147199991,-6.925572112999938,0 -36.33536713199991,-6.925603237999955,0 -36.33522733699991,-6.925642393999958,0 -36.335109084,-6.925675515999961,0 -36.334977237,-6.925712716999961,0 -36.33489089299999,-6.925737172999966,0 -36.33481037000001,-6.925740719999959,0 -36.33472984600002,-6.925744265999974,0 -36.33453321100001,-6.92578142099995,0 -36.33443215200001,-6.925935711999946,0 -36.33415897099999,-6.926016579999943,0 -36.3338340949999,-6.926483924999962,0 -36.33360308599998,-6.926724040999945,0 -36.33305014199991,-6.927425518999932,0 -36.3328553069999,-6.927719042999958,0 -36.3327706819999,-6.927987943999945,0 -36.33203812999989,-6.929086773999935,0 -36.33175440699989,-6.929408158999928,0 -36.33160802999999,-6.929749691999969,0 -36.3314415149999,-6.930307692999975,0 -36.3314240519999,-6.930528313999964,0 -36.33136316899989,-6.930621266999941,0 -36.33120615999999,-6.931422954999967,0 -36.3302261339999,-6.935220627999959,0 -36.33011660099989,-6.935645075999965,0 -36.328334732,-6.938629351999963,0 -36.32610557299989,-6.938928523999957,0 -36.32427141400001,-6.93891684299995,0 -36.320405131,-6.939543096999947,0 -36.3158745539999,-6.940276980999958,0 -36.31168035199989,-6.940200228999962,0 -36.30921100399999,-6.939352838999973,0 -36.30235524499989,-6.93493310899993,0 -36.29914700500001,-6.93173456999995,0 -36.29681626799991,-6.925569448999958,0 -36.2957947959999,-6.91591576699995,0 -36.29199294499988,-6.906123854999975,0 -36.29162033499989,-6.905734834999981,0 -36.29091941199991,-6.905001277999938,0 -36.28930653399991,-6.903313304999923,0 -36.273854527,-6.871270334999955,0 -36.26158147099989,-6.845819584999965,0 -36.2614378769999,-6.845525165999966,0 -36.25987338300001,-6.821283037999939,0 -36.25912575599988,-6.809582531999981,0 -36.2595809749999,-6.809543344999955,0 -36.26009635100002,-6.809322626999979,0 -36.26069249499988,-6.809728526999949,0 -36.26076914200001,-6.809897651999954,0 -36.26084578899999,-6.810066776999979,0 -36.26111831099998,-6.810337376999946,0 -36.2613738009999,-6.810498045999971,0 -36.26162929099999,-6.810658714999935,0 -36.26198697699991,-6.811081525999947,0 -36.26213175499998,-6.811335212999953,0 -36.262276533,-6.811588899999941,0 -36.262685317,-6.811698830999944,0 -36.26309410100001,-6.811808761999947,0 -36.26321332999999,-6.811766480999946,0 -36.263605081,-6.811817217999927,0 -36.26399479399999,-6.811981555999975,0 -36.26432905699989,-6.81218497999992,0 -36.264754786,-6.812341502999962,0 -36.265367962,-6.812476801999945,0 -36.26582572500001,-6.812468219999975,0 -36.26650063499989,-6.812349958999961,0 -36.26701407699989,-6.812101267999928,0 -36.26748853000002,-6.811834129999967,0 -36.26777808500001,-6.811656549999943,0 -36.26773550299999,-6.811411318999935,0 -36.267692922,-6.811166088999929,0 -36.26753962800001,-6.810929313999963,0 -36.26740336599988,-6.81084475199998,0 -36.26728413699991,-6.810557239999973,0 -36.26711381099989,-6.810430395999949,0 -36.266943484,-6.810303551999946,0 -36.26675612500001,-6.809914564999935,0 -36.26673909199999,-6.809711614999969,0 -36.26672205900001,-6.809508664999944,0 -36.26691793500001,-6.809483295999943,0 -36.26726439800002,-6.809494297999954,0 -36.26758848599999,-6.809572573999956,0 -36.26774402000001,-6.809610139999966,0 -36.26793137899989,-6.809694701999948,0 -36.26811873799988,-6.809779264999971,0 -36.26820390200001,-6.809931476999955,0 -36.26831461399998,-6.810032951999978,0 -36.26842532599989,-6.810134426999981,0 -36.26898740399999,-6.810438851999949,0 -36.269396188,-6.810396570999949,0 -36.269629649,-6.810372423999988,0 -36.26997529900002,-6.810244358999964,0 -36.2701456259999,-6.810134426999981,0 -36.27062254099999,-6.81011751499994,0 -36.27109945500001,-6.81010060199998,0 -36.27126978199991,-6.81011751499994,0 -36.271397527,-6.810235901999924,0 -36.27152527199998,-6.810354289999967,0 -36.27205328500001,-6.810151339999941,0 -36.27255501400001,-6.809896452999955,0 -36.27278569000001,-6.809779264999971,0 -36.273347768,-6.809779264999971,0 -36.27352661099999,-6.809779264999971,0 -36.27370545400002,-6.809779264999971,0 -36.27416533600002,-6.809525576999924,0 -36.27419088499992,-6.809297257999958,0 -36.27424198299999,-6.808933638999967,0 -36.27421643400001,-6.80867149399996,0 -36.274225814,-6.808501782999947,0 -36.27418236799999,-6.808274048999969,0 -36.27434417899999,-6.807665196999952,0 -36.274488956,-6.807326944999943,0 -36.2746592829999,-6.807073255999976,0 -36.2750510349999,-6.807022517999934,0 -36.27534058999998,-6.807005605999954,0 -36.2756386619999,-6.807259294999941,0 -36.276098544,-6.807310031999982,0 -36.27624332100001,-6.807293119999942,0 -36.2771801179999,-6.807817409999936,0 -36.27753780399998,-6.808206398999967,0 -36.27742709200001,-6.80865458199998,0 -36.27735044499999,-6.808849075999945,0 -36.27748670599991,-6.808984375999949,0 -36.2776229679999,-6.808950550999948,0 -36.277759229,-6.808916725999947,0 -36.27804878399999,-6.808781425999944,0 -36.27855976399999,-6.808696862999961,0 -36.27888338500001,-6.80866303799996,0 -36.27909629300002,-6.808468543999934,0 -36.27939436499999,-6.808206398999967,0 -36.27973501899991,-6.808071098999964,0 -36.2798542469999,-6.808155660999946,0 -36.27997347600001,-6.808240223999968,0 -36.2800841879999,-6.808333242999931,0 -36.2802459989999,-6.808536193999936,0 -36.2803907759999,-6.808722231999981,0 -36.280484456,-6.808798337999984,0 -36.2804503909999,-6.809119676999953,0 -36.28075697899991,-6.809153501999954,0 -36.28085065799999,-6.80902665799993,0 -36.28104653399999,-6.808722231999981,0 -36.28114872999999,-6.808544649999937,0 -36.28133608900001,-6.808544649999937,0 -36.281421253,-6.808553106999957,0 -36.28157454699991,-6.808536193999936,0 -36.28174487300002,-6.808409349999973,0 -36.28196629799991,-6.808392436999952,0 -36.282111076,-6.808519280999976,0 -36.28225585400001,-6.808646125999919,0 -36.282443213,-6.808815250999944,0 -36.2825368929999,-6.808916725999947,0 -36.28263057200002,-6.80901820099995,0 -36.28293716000002,-6.809052026999951,0 -36.2830904539999,-6.808916725999947,0 -36.283345944,-6.808849075999945,0 -36.28361846699988,-6.808882900999946,0 -36.28386544099991,-6.808815250999944,0 -36.2841124139999,-6.808747600999943,0 -36.28435087199989,-6.808730687999962,0 -36.28457229599999,-6.808730687999962,0 -36.28500662999989,-6.80866303799996,0 -36.28541541399988,-6.808519280999976,0 -36.285611289,-6.808443174999974,0 -36.28594342600002,-6.80865458199998,0 -36.28619040000002,-6.808705318999961,0 -36.28687170699991,-6.808443174999974,0 -36.28719532799991,-6.808206398999967,0 -36.28722939299999,-6.808020360999942,0 -36.28746784999998,-6.807834322999957,0 -36.2877744379999,-6.807699021999953,0 -36.28808102599991,-6.807276206999981,0 -36.28838761399989,-6.806802653999968,0 -36.28838761399989,-6.806481313999939,0 -36.28847277799999,-6.806193799999951,0 -36.28872826799989,-6.805973934999945,0 -36.288983758,-6.80578789599998,0 -36.28900078999991,-6.805601856999934,0 -36.2890178229999,-6.805415817999969,0 -36.2894095739999,-6.805263603999945,0 -36.2895713849999,-6.805128302999941,0 -36.2898524239999,-6.804899980999954,0 -36.28997165300001,-6.804806961999931,0 -36.290414502,-6.804654747999967,0 -36.29075515499989,-6.804468707999942,0 -36.29089141700001,-6.804282667999937,0 -36.29104471099998,-6.804198104999955,0 -36.29130020100002,-6.80403743399995,0 -36.29153865800001,-6.803995151999969,0 -36.29167491899989,-6.80402897799997,0 -36.2919815069999,-6.803944413999947,0 -36.29220293200001,-6.803749917999942,0 -36.29242435700001,-6.803555421999937,0 -36.29273094500002,-6.80332709999993,0 -36.29302050000001,-6.803174884999985,0 -36.29330153900001,-6.803115689999963,0 -36.293667742,-6.803014213999981,0 -36.2938891659999,-6.802861998999957,0 -36.29414465600001,-6.802743609999933,0 -36.29470673500001,-6.802887367999977,0 -36.29494519199989,-6.80298038799998,0 -36.29535397599988,-6.80298038799998,0 -36.29564353099988,-6.803064951999942,0 -36.295813858,-6.803132602999944,0 -36.29589902099999,-6.803149515999964,0 -36.29615451099988,-6.803064951999942,0 -36.29641000100001,-6.80298038799998,0 -36.29676768699989,-6.802760522999954,0 -36.29681878499999,-6.802633676999969,0 -36.296903949,-6.802405354999963,0 -36.29693801400001,-6.80230387799998,0 -36.29717647199991,-6.802151662999956,0 -36.297448994,-6.802185488999957,0 -36.2978748109999,-6.802084011999973,0 -36.29795145799989,-6.801931796999949,0 -36.2980706869999,-6.801720386999923,0 -36.29828359499991,-6.801525889999938,0 -36.298394307,-6.801415956999954,0 -36.29894786900002,-6.801136894999966,0 -36.299373686,-6.800883202999959,0 -36.2994673659999,-6.800747900999975,0 -36.29956104499999,-6.800460381999926,0 -36.29960362700002,-6.800139037999937,0 -36.29972285600001,-6.799995278999972,0 -36.29994428000001,-6.799834606999989,0 -36.30008905799999,-6.799750042999966,0 -36.30037861299999,-6.799750042999966,0 -36.30058300499999,-6.799665477999943,0 -36.300659652,-6.799580913999941,0 -36.300823592,-6.799449838999967,0 -36.30105566200002,-6.799382187999985,0 -36.30118553599991,-6.799549201999975,0 -36.30138354100001,-6.79987266099994,0 -36.301662451,-6.799917056999956,0 -36.301949877,-6.799809237999968,0 -36.30212446199992,-6.799771183999956,0 -36.30217555999999,-6.799648565999982,0 -36.30230969199992,-6.799492121999949,0 -36.302379952,-6.799432925999946,0 -36.3025140839999,-6.799403328999976,0 -36.30282280099991,-6.79921305899996,0 -36.30288880300001,-6.799143292999923,0 -36.302954804,-6.799073527999946,0 -36.303018677,-6.79905027299998,0 -36.30308254999989,-6.799027016999954,0 -36.303193262,-6.799005875999963,0 -36.30327416699998,-6.79902913099995,0 -36.3033550719999,-6.799052386999955,0 -36.30349985000001,-6.798900170999951,0 -36.3035594639999,-6.798731041999925,0 -36.303793663,-6.798303990999964,0 -36.30376385599991,-6.79820674199993,0 -36.30369146699999,-6.798185599999959,0 -36.30360630400001,-6.798181371999929,0 -36.30355520599989,-6.798117948999957,0 -36.30355520599989,-6.798024927999955,0 -36.30360630400001,-6.79788116799995,0 -36.30366876900002,-6.797762763999966,0 -36.303725533,-6.797699353999976,0 -36.30377663099989,-6.797610560999942,0 -36.303963929,-6.797529361999979,0 -36.30410292100001,-6.797473130999943,0 -36.30438980699989,-6.797276529999983,0 -36.3044366469999,-6.797077802999986,0 -36.30445273899988,-6.79684802599996,0 -36.30447922799991,-6.796667663999925,0 -36.30452606800001,-6.79649853399996,0 -36.30458568300001,-6.796375914999945,0 -36.30472194399991,-6.796198328999941,0 -36.30479968700001,-6.796065076999986,0 -36.30482173600001,-6.79602128899996,0 -36.304842617,-6.795976421999965,0 -36.3048676879999,-6.795911694999965,0 -36.30487949600001,-6.795881209999941,0 -36.30493910999999,-6.79584738399996,0 -36.30502001600001,-6.79586429699998,0 -36.3051136949999,-6.795906579999942,0 -36.30521589099991,-6.79585584099994,0 -36.30539047600001,-6.795733220999987,0 -36.30547138099998,-6.795640199999983,0 -36.305509705,-6.795623286999963,0 -36.30569177300001,-6.795629103999945,0 -36.30580351799989,-6.795614829999983,0 -36.30595681200001,-6.795462612999918,0 -36.306016427,-6.795420330999937,0 -36.30611436499998,-6.795403417999976,0 -36.30626168200001,-6.795405317999954,0 -36.30638262899998,-6.795420330999937,0 -36.30649759999989,-6.795475297999928,0 -36.306591279,-6.795475297999928,0 -36.30668921699999,-6.795251199999932,0 -36.30649759999989,-6.795094754999978,0 -36.30645927599989,-6.795048243999926,0 -36.306429469,-6.794955222999923,0 -36.30641243600001,-6.794739580999927,0 -36.30659851299998,-6.794676973999962,0 -36.30674883099991,-6.794629646999963,0 -36.306876577,-6.794553537999941,0 -36.3069915469999,-6.794418233999977,0 -36.307004322,-6.794299841999933,0 -36.3069489649999,-6.794147624999929,0 -36.30692767499988,-6.794063058999946,0 -36.306978773,-6.794003863999924,0 -36.30714058300001,-6.793910841999942,0 -36.307349233,-6.793729025999946,0 -36.30750678499991,-6.793783993999957,0 -36.30768562799988,-6.793923526999953,0 -36.30784743899988,-6.794206819999951,0 -36.30810718699999,-6.794367493999975,0 -36.30833712799989,-6.794261787999963,0 -36.308729276,-6.794286115999957,0 -36.30892475499999,-6.794206819999951,0 -36.309043984,-6.793940439999973,0 -36.30909508199989,-6.793809362999978,0 -36.3092236329999,-6.793793105999953,0 -36.30932772700002,-6.793803277999935,0 -36.30949960800001,-6.793965808999934,0 -36.3097338069999,-6.793965808999934,0 -36.30993994799999,-6.793863461999939,0 -36.3102447869999,-6.793610634999943,0 -36.310474728,-6.79351338499993,0 -36.3105513749999,-6.793538753999931,0 -36.31101551500002,-6.793479557999948,0 -36.311173067,-6.793492242999939,0 -36.31144124799991,-6.793391372999967,0 -36.31158185099999,-6.793175122999959,0 -36.3116584979999,-6.793094785999926,0 -36.311769139,-6.793079631999952,0 -36.311926763,-6.793099013999957,0 -36.31202044299991,-6.793048274999935,0 -36.31206728199991,-6.792989078999934,0 -36.312199286,-6.792942567999942,0 -36.31247964199999,-6.792902221999961,0 -36.3128422689999,-6.792912969999971,0 -36.313001802,-6.792963278999937,0 -36.31321698799999,-6.793018676999965,0 -36.31334743400001,-6.79308286599996,0 -36.31346821900001,-6.793132839999938,0 -36.313625772,-6.793137067999968,0 -36.31383923300002,-6.793106813999943,0 -36.31399348699989,-6.79309385899995,0 -36.31414545699992,-6.79306451999998,0 -36.31433688600001,-6.793005991999954,0 -36.3144865749999,-6.792887976999962,0 -36.31463921499988,-6.792748066999936,0 -36.31459663399988,-6.792519739999929,0 -36.31459663399988,-6.792086340999961,0 -36.31460089199991,-6.791974291999963,0 -36.314686055,-6.791716365999944,0 -36.31485638200002,-6.791399244999985,0 -36.31488716000001,-6.791249828999972,0 -36.31497986900001,-6.791065209999944,0 -36.31518426100001,-6.790967958999952,0 -36.31530561900001,-6.790923561999936,0 -36.315588787,-6.790858022999949,0 -36.31584460900002,-6.790731515999933,0 -36.31594281700001,-6.790700719999963,0 -36.31625731899991,-6.790536672999958,0 -36.31641931000001,-6.790321645999933,0 -36.31650003399989,-6.790185723999977,0 -36.31662902999989,-6.789955286999936,0 -36.3168704949999,-6.789538793999947,0 -36.31701101499991,-6.789492282999956,0 -36.3171515339999,-6.789445770999984,0 -36.31737295900001,-6.789386574999982,0 -36.317636965,-6.789488053999946,0 -36.317875423,-6.789272410999949,0 -36.31808833100001,-6.789103277999963,0 -36.31824162499998,-6.78899757099993,0 -36.31836937000001,-6.788879177999947,0 -36.318428984,-6.78864662099995,0 -36.31842046799989,-6.788464802999954,0 -36.31842046799989,-6.788397149999971,0 -36.31854395499992,-6.78832949699995,0 -36.31871854,-6.788240702999937,0 -36.3189569969999,-6.788219560999947,0 -36.31910177500001,-6.788270300999947,0 -36.3195233329999,-6.788388693999932,0 -36.31976604900002,-6.788430976999953,0 -36.32000024799989,-6.788485944999925,0 -36.32023444699998,-6.788540912999956,0 -36.3203877409999,-6.788680446999931,0 -36.32066877999989,-6.788921460999968,0 -36.32079652499991,-6.789022940999931,0 -36.32076246,-6.789242812999938,0 -36.32072839499989,-6.789462684999926,0 -36.3206517479999,-6.789758665999955,0 -36.32057935899999,-6.789872829999988,0 -36.32050696999989,-6.789986993999941,0 -36.3204899369999,-6.79028297499997,0 -36.32043032299998,-6.790562042999959,0 -36.320353676,-6.790841109999968,0 -36.32040477399989,-6.791187829999958,0 -36.32048567899989,-6.791327363999933,0 -36.32056658399988,-6.791466896999967,0 -36.32069007099989,-6.791534549999929,0 -36.32081355799988,-6.791602202999972,0 -36.32094273799989,-6.791608953999971,0 -36.321121794,-6.791618311999965,0 -36.32129898900001,-6.791627571999932,0 -36.32180996900001,-6.791805159999957,0 -36.32226767399991,-6.79219743099998,0 -36.32250830800002,-6.792430945999977,0 -36.32271874100002,-6.792635152999926,0 -36.3228830269999,-6.792794577999928,0 -36.32296684599991,-6.793030398999975,0 -36.32305335399999,-6.793217405999941,0 -36.323359942,-6.793420362999947,0 -36.32412641199988,-6.793454188999927,0 -36.32455222899988,-6.793048274999935,0 -36.32502914299992,-6.793014447999955,0 -36.32531869900001,-6.793132839999938,0 -36.32550605800001,-6.793437275999967,0 -36.325727483,-6.793589492999952,0 -36.32583039799991,-6.793618690999949,0 -36.32620439800002,-6.793724797999976,0 -36.326902737,-6.793792449999958,0 -36.327549978,-6.794029232999945,0 -36.32806095899999,-6.794722667999967,0 -36.32795876300001,-6.795044015999956,0 -36.32829941599991,-6.795585232999932,0 -36.32855490599999,-6.796244838999932,0 -36.32903182099989,-6.796752228999927,0 -36.329491703,-6.797022835999935,0 -36.32983235599988,-6.797107400999957,0 -36.33001971499991,-6.797039748999955,0 -36.330292238,-6.796566185999941,0 -36.330292238,-6.796041883999986,0 -36.33022410800001,-6.795348449999945,0 -36.33042849999998,-6.794925624999952,0 -36.33076915299988,-6.79484105999995,0 -36.33163315299999,-6.794507419999942,0 -36.33225099500001,-6.79419836399995,0 -36.33337515099998,-6.794079971999967,0 -36.33398832699989,-6.794367493999975,0 -36.33482292799991,-6.794249102999972,0 -36.3355553329999,-6.794096884999927,0 -36.33637290099989,-6.794553537999941,0 -36.33654322799998,-6.794976363999973,0 -36.33676465199989,-6.795382275999946,0 -36.33683278300001,-6.795703623999936,0 -36.33725859999998,-6.796109534999967,0 -36.337854743,-6.796329403999954,0 -36.3384849519999,-6.796430881999978,0 -36.33911516099991,-6.796363229999935,0 -36.33942174899988,-6.79617718699995,0 -36.3399156959999,-6.796041883999986,0 -36.34165302799988,-6.795923492999982,0 -36.34224917200001,-6.796447794999958,0 -36.34265795599998,-6.797851569999979,0 -36.34266647199998,-6.798164458999969,0 -36.3426920209999,-6.799813465999938,0 -36.343339263,-6.800287025999971,0 -36.34380426000002,-6.800445743999934,0 -36.344361223,-6.800709846999943,0 -36.344531549,-6.801470922999946,0 -36.34413979800002,-6.802553340999957,0 -36.34424199400001,-6.803432803999963,0 -36.34431012499991,-6.803787970999973,0 -36.34490626799991,-6.803889447999955,0 -36.34550241199999,-6.80372032099995,0 -36.34577493399998,-6.80368649499997,0 -36.3459878429999,-6.80369495099995,0 -36.346200751,-6.80370340799993,0 -36.34655843699989,-6.803821796999953,0 -36.34734194,-6.804363003999989,0 -36.34746596199989,-6.804650350999964,0 -36.34764852800001,-6.805022597999928,0 -36.34790401800001,-6.805293200999936,0 -36.34795259299989,-6.805637723999944,0 -36.34802324700002,-6.80613883399996,0 -36.34801020200002,-6.806462661999935,0 -36.3480147299999,-6.806629299999933,0 -36.34802324700002,-6.806899901999941,0 -36.34809137699988,-6.80722124099997,0 -36.3484831289999,-6.807458017999977,0 -36.34894301100002,-6.807525667999919,0 -36.34957321900001,-6.807322716999973,0 -36.35032265699991,-6.80725506599993,0 -36.35108912699999,-6.807069027999946,0 -36.35161713999999,-6.807035202999945,0 -36.35179056399988,-6.807171528999953,0 -36.35216218499989,-6.807314260999933,0 -36.35269019799989,-6.807830093999947,0 -36.35280090999998,-6.808142976999935,0 -36.35280090999998,-6.808244451999938,0 -36.35293717199988,-6.808548877999947,0 -36.35302233499991,-6.809047797999941,0 -36.35285200800001,-6.809445242999972,0 -36.35264761600001,-6.809707386999939,0 -36.35188966199998,-6.81043462399998,0 -36.351760917,-6.811287173999975,0 -36.3518278139999,-6.811214103999925,0 -36.35175000000002,-6.811527777999979,0 -36.35191680100001,-6.811821884999974,0 -36.35203638699989,-6.811944118999975,0 -36.35215597199991,-6.812066352999977,0 -36.35244438399999,-6.812429561999974,0 -36.35282424400001,-6.812562272999962,0 -36.352964933,-6.812785784999951,0 -36.35276093399989,-6.813183916999939,0 -36.35282424400001,-6.813379490999973,0 -36.35297900199999,-6.813533155999957,0 -36.353126726,-6.813550617999963,0 -36.35327444899999,-6.81356807999993,0 -36.35344327600001,-6.813421399999983,0 -36.3537879629999,-6.813288688999934,0 -36.35417485799999,-6.813218840999971,0 -36.35454064899988,-6.813086130999981,0 -36.35477924100002,-6.81305146099993,0 -36.35491045200001,-6.813057552999955,0 -36.35500962200002,-6.81307379499998,0 -36.35524555099991,-6.813112435999919,0 -36.35543585300001,-6.81314360499994,0 -36.35551140199991,-6.813155977999945,0 -36.35566673700001,-6.813235074999975,0 -36.35583022500001,-6.813318322999969,0 -36.35593914799989,-6.813373785999941,0 -36.356060089,-6.81343536899994,0 -36.3562640879999,-6.813501723999935,0 -36.35646808699989,-6.81356807999993,0 -36.35665098300001,-6.813603002999962,0 -36.356942655,-6.813666038999941,0 -36.35725524200001,-6.81374682299997,0 -36.35751973600001,-6.813812545999953,0 -36.3576920799999,-6.813854454999964,0 -36.35783276899999,-6.813945256999943,0 -36.35802973400002,-6.81399764199994,0 -36.3581444759999,-6.81382627199997,0 -36.35808952699989,-6.81406225099993,0 -36.35819680200002,-6.814189722999966,0 -36.35824428399999,-6.814252585999951,0 -36.35828121500001,-6.814287509999923,0 -36.3583181459999,-6.814322432999975,0 -36.35838849000001,-6.814409742999946,0 -36.35847466199991,-6.81443069699998,0 -36.35863117899991,-6.814463874999948,0 -36.35870152300001,-6.81447609799994,0 -36.35882814299998,-6.814479589999969,0 -36.358930143,-6.814505782999958,0 -36.3590321419999,-6.814531975999946,0 -36.35915172800001,-6.814483082999978,0 -36.359280106,-6.814456889999969,0 -36.35940848500001,-6.81443069699998,0 -36.35947179499991,-6.814401011999962,0 -36.359535105,-6.814371326999944,0 -36.35965644899989,-6.814336402999972,0 -36.35977779300001,-6.814301478999941,0 -36.35988330999991,-6.814304971999949,0 -36.35995365400002,-6.814367833999935,0 -36.36007499899988,-6.814380057999927,0 -36.36019634299999,-6.814392280999919,0 -36.360300101,-6.814350372999969,0 -36.36040385899999,-6.814308463999959,0 -36.3604988239999,-6.81425607799998,0 -36.3605937889999,-6.814203692999962,0 -36.36072744300001,-6.814140829999937,0 -36.360786526,-6.814113040999937,0 -36.36095606299988,-6.814027327999959,0 -36.36105102799998,-6.813976687999965,0 -36.36116885500002,-6.813967956999923,0 -36.36128668200002,-6.813959225999959,0 -36.36143440500001,-6.814077966999951,0 -36.36147309500002,-6.814160037999947,0 -36.36155223200001,-6.814292747999957,0 -36.36166654199999,-6.81443069699998,0 -36.361752714,-6.814491813999942,0 -36.3619444019999,-6.814593092999928,0 -36.36207454000002,-6.814650716999959,0 -36.362194125,-6.814706594999967,0 -36.36228557300002,-6.814821842999949,0 -36.36239109000001,-6.81494756799998,0 -36.362429779,-6.815020907999953,0 -36.3625317789999,-6.815052339999957,0 -36.362633778,-6.815083770999939,0 -36.36269181200001,-6.81512218699992,0 -36.3627498459999,-6.815160602999981,0 -36.36292218999989,-6.81521298899998,0 -36.36311563699999,-6.815226957999916,0 -36.36328446399989,-6.815219972999957,0 -36.36344273899991,-6.815143140999956,0 -36.36353418700001,-6.815041862999969,0 -36.363632669,-6.81494756799998,0 -36.36369949600002,-6.814814857999972,0 -36.363752255,-6.814751995999925,0 -36.3638331509999,-6.814668178999965,0 -36.36391052999989,-6.814640239999951,0 -36.363994943,-6.814640239999951,0 -36.36407935599991,-6.814640239999951,0 -36.3642130109999,-6.814694370999974,0 -36.36434666500001,-6.814748502999977,0 -36.36446625100001,-6.814821842999949,0 -36.364515492,-6.814975506999934,0 -36.36460342299988,-6.815171079999969,0 -36.364696629,-6.815300297999949,0 -36.36474762899999,-6.815359667999925,0 -36.36484786999988,-6.815553494999955,0 -36.36496569699988,-6.815698427999957,0 -36.36503076499999,-6.815789228999956,0 -36.365102868,-6.815921938999965,0 -36.36514683299998,-6.816005755999985,0 -36.36525762600002,-6.816187358999963,0 -36.36525410900001,-6.816344514999977,0 -36.36522597099999,-6.816498178999941,0 -36.36526466,-6.81652437199995,0 -36.36534907399991,-6.81661168099992,0 -36.36539479800002,-6.816672796999961,0 -36.365539004,-6.816777567999956,0 -36.36563748599999,-6.816913769999935,0 -36.3657394849999,-6.817049971999953,0 -36.36577946799999,-6.817294974999921,0 -36.36583093299999,-6.817524931999963,0 -36.36600679399989,-6.817657640999933,0 -36.366351482,-6.817783365999963,0 -36.36632334399999,-6.817985921999936,0 -36.36623893099988,-6.818153554999977,0 -36.36616778999998,-6.818466381999942,0 -36.36614396600001,-6.81861454499995,0 -36.366214311,-6.818757730999947,0 -36.36633389600002,-6.818963778999949,0 -36.36638665399991,-6.819054579999948,0 -36.36632334399999,-6.819326982999945,0 -36.36611582800001,-6.819421275999953,0 -36.36595436599998,-6.819474731999939,0 -36.36561552800001,-6.819466675999932,0 -36.36534203899999,-6.819484137999958,0 -36.3651837639999,-6.819501599999964,0 -36.36495760299992,-6.819647193999961,0 -36.36476104900002,-6.819773728999959,0 -36.36454363000001,-6.819913695999949,0 -36.364452182,-6.82020705199994,0 -36.36445569899999,-6.820500406999932,0 -36.36445921599989,-6.820793762999924,0 -36.36457176799998,-6.821108072999951,0 -36.36481797300002,-6.821317611999982,0 -36.36490993099989,-6.821492988999984,0 -36.36497273099999,-6.821586520999969,0 -36.365078248,-6.821743675999922,0 -36.36518024700001,-6.821806537999969,0 -36.36528224700002,-6.821869399999974,0 -36.365401832,-6.821904322999965,0 -36.36557851799989,-6.821947344999948,0 -36.36571838200001,-6.82196718499995,0 -36.36591534699988,-6.821995122999964,0 -36.3660841729999,-6.82196718499995,0 -36.36646755100001,-6.82192876899995,0 -36.36668210100002,-6.821918291999962,0 -36.366899829,-6.821918291999962,0 -36.3671956159999,-6.821918291999962,0 -36.36732927000001,-6.821900829999956,0 -36.36746292499999,-6.82188336899997,0 -36.36771616499991,-6.82188336899997,0 -36.36788147399989,-6.821862414999935,0 -36.36809975900002,-6.82184146099996,0 -36.36832112699989,-6.82184146099996,0 -36.3685954699999,-6.82184146099996,0 -36.36867160100002,-6.82184146099996,0 -36.368895488,-6.82184146099996,0 -36.36928654,-6.821906468999943,0 -36.36981946399991,-6.822023061999978,0 -36.37020635799998,-6.822169738999944,0 -36.37052290799988,-6.822553893999954,0 -36.37086759599998,-6.823587618999973,0 -36.37117711100001,-6.823716833999973,0 -36.37158510899999,-6.82364349599994,0 -36.37178910800001,-6.823416494999943,0 -36.37209510700001,-6.823056786999937,0 -36.3724011049999,-6.822819309999952,0 -36.37265434499989,-6.822836771999958,0 -36.373079929,-6.822962494999949,0 -36.373519582,-6.823399033999977,0 -36.37387833799989,-6.823751756999965,0 -36.37437075,-6.823797156999944,0 -36.375046056,-6.823807633999932,0 -36.37566508700002,-6.824055587999965,0 -36.37609418900001,-6.824153371999961,0 -36.37654439300002,-6.82407654199994,0 -36.37705087299999,-6.824272110999974,0 -36.37762417999989,-6.824666740999932,0 -36.37769804199998,-6.825368692999978,0 -36.37815528100001,-6.825857613999964,0 -36.37821859099989,-6.826283672999985,0 -36.378440176,-6.826954192999947,0 -36.37909086199988,-6.827540895999951,0 -36.37968175599999,-6.827911076999944,0 -36.380328924,-6.82805775299993,0 -36.38055402700002,-6.82809616799995,0 -36.38131022999988,-6.828225381999971,0 -36.382291535,-6.828302211999933,0 -36.38313566799999,-6.82848381099995,0 -36.38352256299989,-6.828840021999946,0 -36.38357883799989,-6.829573398999975,0 -36.38338187400001,-6.829873732999944,0 -36.38275580800002,-6.829943578999968,0 -36.38229505200001,-6.829716580999952,0 -36.3818307779999,-6.829608320999967,0 -36.38141222900001,-6.829706104999964,0 -36.38120119599989,-6.829873732999944,0 -36.38117657499999,-6.830327726999938,0 -36.38180615800002,-6.83113443899992,0 -36.38252015399999,-6.831790981999966,0 -36.38269601499999,-6.83224497399994,0 -36.3828683589999,-6.832814209999976,0 -36.38325877099991,-6.833034220999934,0 -36.38373359600001,-6.833205340999944,0 -36.384419454,-6.833718698999974,0 -36.3845109019999,-6.834046968999936,0 -36.38438076499988,-6.834343808999956,0 -36.38417324900001,-6.834776844999975,0 -36.383881319,-6.835412429999965,0 -36.38352607999999,-6.835876895999946,0 -36.3831427019999,-6.836320406999952,0 -36.382685464,-6.83679534799996,0 -36.38261863599998,-6.837224889999969,0 -36.38276284200001,-6.837954761999987,0 -36.38315677100002,-6.838164293999958,0 -36.38386725000002,-6.838401763999961,0 -36.38491538299999,-6.838618279999931,0 -36.3858017229999,-6.838709076999969,0 -36.38670916599989,-6.838904639999943,0 -36.38795282300001,-6.838984275999957,0 -36.3890516879999,-6.838962219999932,0 -36.3898897619999,-6.838747401999963,0 -36.39049196499999,-6.839034797999942,0 -36.39072660499988,-6.839364299999946,0 -36.39105561600002,-6.840087833999979,0 -36.39191619000002,-6.840779431999968,0 -36.39289947799988,-6.841523780999985,0 -36.39320899299999,-6.842047606999921,0 -36.39373668699989,-6.843185950999944,0 -36.39401172100001,-6.844286960999975,0 -36.39417084000002,-6.84503865999994,0 -36.39388599599992,-6.845790980999937,0 -36.393634189,-6.845903782999918,0 -36.39364842799989,-6.847130736999938,0 
						</coordinates>
					</LinearRing>
				</outerBoundaryIs>
			</Polygon>
		</Placemark>
		<Placemark>
			<styleUrl>#falseColor</styleUrl>
			<Style id="inline">
				<IconStyle>
					<color>ffffffff</color>
					<colorMode>normal</colorMode>
				</IconStyle>
				<LineStyle>
					<color>ffffffff</color>
					<colorMode>normal</colorMode>
				</LineStyle>
				<PolyStyle>
					<color>ffffffff</color>
					<colorMode>normal</colorMode>
				</PolyStyle>
			</Style>
			<ExtendedData>
				<SchemaData schemaUrl="#S_SeridoUnificado_SSSSSSSDDDDDSSSSSSSSSSSS">
					<SimpleData name="Name"></SimpleData>
					<SimpleData name="descriptio"></SimpleData>
					<SimpleData name="timestamp"></SimpleData>
					<SimpleData name="begin"></SimpleData>
					<SimpleData name="end"></SimpleData>
					<SimpleData name="altitudeMo"></SimpleData>
					<SimpleData name="tessellate">-1</SimpleData>
					<SimpleData name="extrude">0</SimpleData>
					<SimpleData name="visibility">-1</SimpleData>
					<SimpleData name="drawOrder">0</SimpleData>
					<SimpleData name="icon"></SimpleData>
					<SimpleData name="Area_Km2">206.917</SimpleData>
					<SimpleData name="Pop_estim">4141</SimpleData>
					<SimpleData name="Dens_demog">19.38</SimpleData>
					<SimpleData name="Latitude">-6.81742</SimpleData>
					<SimpleData name="Longitude">-36.8213</SimpleData>
					<SimpleData name="Lat_GMS">-6?49&apos;3&quot;</SimpleData>
					<SimpleData name="Long_GMS">-36?49&apos;17&quot;</SimpleData>
					<SimpleData name="Nome">S?o Jos? do Sabugi</SimpleData>
					<SimpleData name="Mesorreg">Borborema</SimpleData>
					<SimpleData name="Microrreg">Serid? Ocidental Paraibano</SimpleData>
					<SimpleData name="Gant_lico">Sabugiense</SimpleData>
					<SimpleData name="Geocod_Mun">2514701</SimpleData>
					<SimpleData name="CD_MUN"></SimpleData>
					<SimpleData name="NM_MUN"></SimpleData>
					<SimpleData name="SIGLA_UF"></SimpleData>
					<SimpleData name="layer">SeridoPB</SimpleData>
					<SimpleData name="path">C:\Users\damas\OneDrive\2025_1\MARIANNA 2025\SERIDO PB_RN\SeridoPB.shp</SimpleData>
				</SchemaData>
			</ExtendedData>
			<Polygon>
				<outerBoundaryIs>
					<LinearRing>
						<coordinates>
							-36.90342843499999,-6.753614784999964,0 -36.91021616500002,-6.756929774999946,0 -36.9047212799999,-6.763838781999938,0 -36.90222537499989,-6.771296758999947,0 -36.90159487900002,-6.77458118999994,0 -36.90147214800002,-6.779161676999934,0 -36.90009245100001,-6.789808498999941,0 -36.89813751899991,-6.790796952999932,0 -36.89700166200001,-6.792186521999957,0 -36.89658352000001,-6.794076039999942,0 -36.896782526,-6.795671892999968,0 -36.89962314600001,-6.803451160999943,0 -36.89961314399988,-6.805042572999982,0 -36.89764965699991,-6.808422095999949,0 -36.89773617500001,-6.81220551599994,0 -36.89690687500002,-6.814094065999945,0 -36.89607945499989,-6.815186365999974,0 -36.89422750599991,-6.816173712999953,0 -36.89196651299989,-6.81656228899993,0 -36.88991082999998,-6.817550470999938,0 -36.88743865999989,-6.819531295999983,0 -36.88547410000001,-6.822408742999935,0 -36.88382555800001,-6.823797075999957,0 -36.87950688500001,-6.82557026799997,0 -36.876314995,-6.827547160999929,0 -36.87230592799988,-6.828724213999977,0 -36.86867646199988,-6.830757089999972,0 -36.86810711099999,-6.831076455999958,0 -36.8641718019999,-6.834066516999934,0 -36.860459552,-6.837833346999953,0 -36.85962872999988,-6.839923206999967,0 -36.86031297499989,-6.847493222999955,0 -36.86571801100002,-6.855781714999976,0 -36.8654072159999,-6.856478045999957,0 -36.84480454399989,-6.872120215999931,0 -36.84274199999989,-6.873104601999964,0 -36.84008130500001,-6.871899319999959,0 -36.83763071600001,-6.869000812999964,0 -36.83619312499999,-6.869194063999946,0 -36.83577710299988,-6.870187235999927,0 -36.83638742499988,-6.871483282999968,0 -36.83617460999989,-6.873077667999954,0 -36.83514387100002,-6.874167545999963,0 -36.83461197499999,-6.878049098999961,0 -36.83470476199988,-6.880338292999961,0 -36.83572486199989,-6.88183815499996,0 -36.83510514999989,-6.882730748999952,0 -36.830476647,-6.884203650999958,0 -36.82863200599999,-6.883798077999934,0 -36.82413832099999,-6.878400486999958,0 -36.8187118879999,-6.875087990999922,0 -36.81737559999991,-6.875380751999964,0 -36.81655041300002,-6.876174386999942,0 -36.81498932499989,-6.881046570999951,0 -36.81365082100002,-6.881935980999961,0 -36.81149660099991,-6.881529278999943,0 -36.80645810899989,-6.882996368999947,0 -36.80470341299999,-6.884682928999945,0 -36.80168302399989,-6.884585865999949,0 -36.79864522499999,-6.885153343999939,0 -36.7958669929999,-6.886435580999937,0 -36.79192835299989,-6.894582021999955,0 -36.79023955600001,-6.895001819999957,0 -36.785970225,-6.895351597999941,0 -36.784528263,-6.896340199999944,0 -36.78490944699998,-6.90271524899992,0 -36.78315206900002,-6.905096723999982,0 -36.77574260899998,-6.908846657999961,0 -36.77479124400001,-6.914932860999958,0 -36.759998174,-6.914539874999937,0 -36.75740803899998,-6.899364051999958,0 -36.75606447500001,-6.896324990999965,0 -36.75518708300002,-6.895038224999952,0 -36.75165143200002,-6.891587502999929,0 -36.75022003299989,-6.88949541299997,0 -36.7449889229999,-6.879513974999942,0 -36.74283265500001,-6.874098996999967,0 -36.73959802199992,-6.863367987999929,0 -36.73019801099999,-6.836396082999958,0 -36.73051763599988,-6.835439971999966,0 -36.73122690499999,-6.834889862999953,0 -36.7339798629999,-6.834792554999975,0 -36.75126458700001,-6.837118842999928,0 -36.76074247100001,-6.837967251999942,0 -36.76946508099999,-6.838748052999957,0 -36.77272871,-6.787065160999934,0 -36.78912648999988,-6.772462351999926,0 -36.83082812600001,-6.735325556999956,0 -36.83502962400002,-6.731070934999925,0 -36.87433364599999,-6.743183359999934,0 -36.90342843499999,-6.753614784999964,0 
						</coordinates>
					</LinearRing>
				</outerBoundaryIs>
			</Polygon>
		</Placemark>
		<Placemark>
			<styleUrl>#falseColor</styleUrl>
			<Style id="inline">
				<IconStyle>
					<color>ffffffff</color>
					<colorMode>normal</colorMode>
				</IconStyle>
				<LineStyle>
					<color>ffffffff</color>
					<colorMode>normal</colorMode>
				</LineStyle>
				<PolyStyle>
					<color>ffffffff</color>
					<colorMode>normal</colorMode>
				</PolyStyle>
			</Style>
			<ExtendedData>
				<SchemaData schemaUrl="#S_SeridoUnificado_SSSSSSSDDDDDSSSSSSSSSSSS">
					<SimpleData name="Name"></SimpleData>
					<SimpleData name="descriptio"></SimpleData>
					<SimpleData name="timestamp"></SimpleData>
					<SimpleData name="begin"></SimpleData>
					<SimpleData name="end"></SimpleData>
					<SimpleData name="altitudeMo"></SimpleData>
					<SimpleData name="tessellate">-1</SimpleData>
					<SimpleData name="extrude">0</SimpleData>
					<SimpleData name="visibility">-1</SimpleData>
					<SimpleData name="drawOrder">0</SimpleData>
					<SimpleData name="icon"></SimpleData>
					<SimpleData name="Area_Km2">1228.58</SimpleData>
					<SimpleData name="Pop_estim">0</SimpleData>
					<SimpleData name="Dens_demog">0</SimpleData>
					<SimpleData name="Latitude">0</SimpleData>
					<SimpleData name="Longitude">0</SimpleData>
					<SimpleData name="Lat_GMS"></SimpleData>
					<SimpleData name="Long_GMS"></SimpleData>
					<SimpleData name="Nome"></SimpleData>
					<SimpleData name="Mesorreg"></SimpleData>
					<SimpleData name="Microrreg"></SimpleData>
					<SimpleData name="Gant_lico"></SimpleData>
					<SimpleData name="Geocod_Mun"></SimpleData>
					<SimpleData name="CD_MUN">2402006</SimpleData>
					<SimpleData name="NM_MUN">Caicó</SimpleData>
					<SimpleData name="SIGLA_UF">RN</SimpleData>
					<SimpleData name="layer">seridounificadomunicipios</SimpleData>
					<SimpleData name="path">C:/Users/damas/OneDrive/2025_1/MARIANNA 2025/SERIDO PB_RN/seridounificadomunicipios.shp</SimpleData>
				</SchemaData>
			</ExtendedData>
			<Polygon>
				<outerBoundaryIs>
					<LinearRing>
						<coordinates>
							-36.97105571800001,-6.191304970999985,0 -36.97366557300001,-6.192512695000012,0 -36.977222949,-6.197198022000007,0 -36.979992528,-6.201783852000005,0 -36.981645824,-6.203405160999999,0 -36.98466379399999,-6.205203705000011,0 -36.98753361799999,-6.209407183999986,0 -36.990823576,-6.21301527399998,0 -37.003119497,-6.221691682000003,0 -37.01663167,-6.222816361999994,0 -37.033357631,-6.226494050000011,0 -37.04512743000002,-6.224038406999988,0 -37.045715619,-6.223915688000005,0 -37.04790159300001,-6.234732532999992,0 -37.048669733,-6.236356645999999,0 -37.05081453100001,-6.239966145000009,0 -37.08088545699999,-6.290572773999989,0 -37.08135634699999,-6.292317308999989,0 -37.08094431699999,-6.294019692999997,0 -37.07544789299999,-6.306053485000014,0 -37.075371275,-6.307454946000004,0 -37.08161725700001,-6.354228573999987,0 -37.081850427,-6.359879271000002,0 -37.08099302900002,-6.365254678000021,0 -37.075734241,-6.382839031,0 -37.075309164,-6.384260406999999,0 -37.07284978900001,-6.392481226999998,0 -37.073289434,-6.403639328999981,0 -37.075159216,-6.402401187000015,0 -37.07616937200001,-6.402349853000004,0 -37.07928419199998,-6.404804278999987,0 -37.08037725799999,-6.405028721000012,0 -37.08140180000001,-6.404686478999992,0 -37.081335021,-6.403400979000004,0 -37.085834883,-6.405257497999997,0 -37.08708657599999,-6.40611218300001,0 -37.088654016,-6.408378225999993,0 -37.09017499800001,-6.409346376000002,0 -37.09169573700002,-6.409894802999996,0 -37.09342145799999,-6.40922521400001,0 -37.09475995299999,-6.409813844000012,0 -37.09651917700001,-6.412025333999997,0 -37.099792431,-6.412982125000006,0 -37.100180645,-6.416070485000002,0 -37.10195596400001,-6.417620005000013,0 -37.14080287699999,-6.427970554000007,0 -37.13967896399998,-6.440678999000009,0 -37.14037535200001,-6.448480885999997,0 -37.14763766399999,-6.447226011999985,0 -37.15280428000001,-6.447034895999999,0 -37.156934778,-6.444885965999994,0 -37.16249268400001,-6.444570876999983,0 -37.16550105799998,-6.443182613999985,0 -37.167382278,-6.442865613999995,0 -37.177111023,-6.437441236000021,0 -37.18000752299999,-6.436842124999991,0 -37.18331682900001,-6.436793053999987,0 -37.186606595,-6.437775794000005,0 -37.18846885200001,-6.439006731000014,0 -37.19072614200002,-6.440939050999983,0 -37.19347410000001,-6.444888537000006,0 -37.19532655300001,-6.446756098000012,0 -37.194999477,-6.452938136999986,0 -37.1955743,-6.455031730999989,0 -37.199539436,-6.463462461999989,0 -37.205812659,-6.469529569000006,0 -37.206190851,-6.469895334999993,0 -37.20529572,-6.470443980999985,0 -37.20501133199999,-6.472584237000012,0 -37.20359259299999,-6.475071157999985,0 -37.202753379,-6.478761690999986,0 -37.20482217000001,-6.487049613000019,0 -37.20525608499999,-6.491411429000006,0 -37.20506732699999,-6.49617775999999,0 -37.20581177100001,-6.499731255999983,0 -37.202412369,-6.506642618999989,0 -37.20223368199999,-6.508562323999993,0 -37.19988393700001,-6.511036638000003,0 -37.19925726899998,-6.513171957000001,0 -37.19963675399998,-6.514745022000001,0 -37.205099051,-6.520633178999979,0 -37.210014191,-6.52442938100001,0 -37.21145312699999,-6.526525800999988,0 -37.213446758,-6.527429478999998,0 -37.21364470599999,-6.529704949000001,0 -37.21316065100001,-6.530393210999994,0 -37.21143692899999,-6.531248350000006,0 -37.21122749900001,-6.531842124000013,0 -37.21209677900001,-6.540335566000007,0 -37.21326260899999,-6.542899764999978,0 -37.21450839799999,-6.548481116000011,0 -37.21663647700001,-6.550316088999999,0 -37.21670321799999,-6.551006362000019,0 -37.21521577800001,-6.553036068999991,0 -37.21691487199998,-6.559397463999996,0 -37.22089726299999,-6.562239720999994,0 -37.222096563,-6.564483273999995,0 -37.22533166700001,-6.564908263999987,0 -37.22962741700002,-6.567373701000001,0 -37.230466215,-6.568342229000002,0 -37.230815211,-6.569452105000007,0 -37.23088293399999,-6.56966603,0 -37.23064250300002,-6.569922123000007,0 -37.21836270500001,-6.619728385999992,0 -37.180397873,-6.613910298999997,0 -37.179575271,-6.613783844000006,0 -37.178055362,-6.614584809000011,0 -37.17493740899999,-6.613933597000006,0 -37.174072089,-6.615216464999996,0 -37.17219646500001,-6.615838391999995,0 -37.17195667100001,-6.617164094999993,0 -37.172579944,-6.617947808999989,0 -37.17171763300001,-6.618727538999996,0 -37.16750359700001,-6.618163846999998,0 -37.16539236400002,-6.619366259000006,0 -37.163207465,-6.619125239000008,0 -37.16132821299998,-6.620680421999987,0 -37.159134359,-6.623445968999992,0 -37.15593072600002,-6.623979421999985,0 -37.15042274799998,-6.626137306000013,0 -37.14975264599999,-6.626799955000005,0 -37.14892494800001,-6.628891439999993,0 -37.14625878699999,-6.630096309000004,0 -37.143553,-6.634684732000016,0 -37.14212262800002,-6.635221910000018,0 -37.141402271,-6.636724299000005,0 -37.13607042600001,-6.643555888000005,0 -37.13477626600002,-6.64985809899999,0 -37.13322309200002,-6.650849120000013,0 -37.131724286,-6.652585286999999,0 -37.129901902,-6.652248108000018,0 -37.126464226,-6.655056228000009,0 -37.12369741899999,-6.655637906999996,0 -37.12291127700001,-6.658129352999984,0 -37.120814798,-6.660002772999995,0 -37.119598384,-6.660163286999987,0 -37.11639001099999,-6.659379011000004,0 -37.11513819900001,-6.658539151999998,0 -37.11222789999999,-6.654888524999983,0 -37.11068177600001,-6.655341811999998,0 -37.10946594000001,-6.656824164000006,0 -37.108116037,-6.659930086999997,0 -37.10902510599998,-6.662357210000018,0 -37.10797250299998,-6.664444190999994,0 -37.10826245100001,-6.665512718999995,0 -37.109384191,-6.666704820000009,0 -37.108036175,-6.669751769999996,0 -37.10890785000002,-6.671260068000013,0 -37.10894626000001,-6.672224077999999,0 -37.108484799,-6.672889782999984,0 -37.10702200399999,-6.673029947000011,0 -37.10563966500001,-6.674070432000009,0 -37.105297407,-6.676076585999993,0 -37.10570324599999,-6.678526250000001,0 -37.10477754300002,-6.681113401000013,0 -37.10360067400001,-6.682227360000017,0 -37.10288152600001,-6.684729330999996,0 -37.10000704600001,-6.683048415000005,0 -37.10005479,-6.683669242999994,0 -37.096642651,-6.685909028999983,0 -37.09133553499999,-6.686790582000022,0 -37.087722133,-6.689932416999986,0 -37.08301316,-6.690914982999989,0 -37.08499102799998,-6.697083013999983,0 -37.08448228500001,-6.699486702999984,0 -37.08308221499998,-6.699079704000022,0 -37.08157935399999,-6.699274642000004,0 -37.077970813,-6.700712997000009,0 -37.07396714699999,-6.701298767999995,0 -37.069548295,-6.704707318000005,0 -37.066274803,-6.706136551999995,0 -37.06506938799998,-6.707433842999999,0 -37.06504946300001,-6.712092466999984,0 -37.06083989999999,-6.713678689999993,0 -37.06003434999999,-6.714977870000014,0 -37.061723569,-6.717990836000007,0 -37.05971077300001,-6.720735402999996,0 -37.054295287,-6.723318436000008,0 -37.05259483899999,-6.723213442999993,0 -37.05069124799999,-6.723856089000009,0 -37.04737942100002,-6.726147131000002,0 -37.04397947799998,-6.725732455000005,0 -37.04317441199999,-6.726430590999994,0 -37.042367049,-6.728029534999997,0 -37.04218481200001,-6.729635371999992,0 -37.04047280999998,-6.73203226900001,0 -37.03676733500001,-6.732720599000008,0 -37.03526061400002,-6.734165846000004,0 -37.020848175,-6.722958991000003,0 -37.012185376,-6.716223055999984,0 -37.00998549100001,-6.714512490999997,0 -37.00385527399999,-6.709745814999986,0 -37.003591179,-6.709612318000011,0 -36.99078795200001,-6.672950851999982,0 -36.97982176900002,-6.641564853000014,0 -36.97996926699999,-6.637051441999995,0 -36.980620092,-6.617136396999999,0 -36.93700485099998,-6.577779359999997,0 -36.936899597,-6.577684926999998,0 -36.93759533299999,-6.575263871999999,0 -36.93839694400001,-6.574258812000013,0 -36.943504547,-6.571104756000016,0 -36.94746675199999,-6.570760027999992,0 -36.94952406100001,-6.571458944000006,0 -36.95137442099999,-6.570319011999992,0 -36.940287517,-6.561265189999997,0 -36.95094390599998,-6.540490647000007,0 -36.950987602,-6.53855990700001,0 -36.95135625199999,-6.522270792000004,0 -36.95137098099999,-6.521639490000009,0 -36.96271811100002,-6.509968630999985,0 -36.96089107400001,-6.505501691000013,0 -36.95772748100001,-6.491671652999996,0 -36.93648811200001,-6.475434538999996,0 -36.90483794400001,-6.447924110000011,0 -36.87412648200002,-6.418671260999984,0 -36.874009142,-6.418112216999992,0 -36.86081580600001,-6.38878299199998,0 -36.87332888899999,-6.379695381999985,0 -36.88631872799999,-6.342868978000018,0 -36.90280528200001,-6.341745702999983,0 -36.90504556299998,-6.340269951000002,0 -36.90567168900001,-6.338712879000006,0 -36.90536886000001,-6.336068609000003,0 -36.90269156599999,-6.332109651999995,0 -36.901610103,-6.32938457,0 -36.90114511199999,-6.325997975999988,0 -36.902127915,-6.318489725999996,0 -36.902953784,-6.316769096999996,0 -36.905621621,-6.314860336000018,0 -36.90691562399999,-6.315261455000014,0 -36.90855653299999,-6.314735170999994,0 -36.912197384,-6.307731160999996,0 -36.91714250699999,-6.305160634,0 -36.917254246,-6.302005109000001,0 -36.918178318,-6.299965902000002,0 -36.92254118599999,-6.29631194000001,0 -36.923707884,-6.294395486999996,0 -36.92589041400001,-6.286841497000015,0 -36.92645539400002,-6.285607118000001,0 -36.929715405,-6.280610661000001,0 -36.93002916099999,-6.279073786999978,0 -36.92928957499998,-6.275377668999996,0 -36.92563842999999,-6.271656580000005,0 -36.923406885,-6.270173749999996,0 -36.91991792199999,-6.268898647000009,0 -36.91784973400001,-6.267505872999999,0 -36.91463196500001,-6.260561652000012,0 -36.91355012799999,-6.255792130999984,0 -36.91341666599998,-6.254781205999993,0 -36.91334106599998,-6.250280460999981,0 -36.9128291,-6.248203350000003,0 -36.91099528099999,-6.244555944999995,0 -36.909566666,-6.243205001000007,0 -36.898250685,-6.240769502000012,0 -36.89532276500001,-6.239400601999998,0 -36.89442089599999,-6.238927264000003,0 -36.901153679,-6.238931277000015,0 -36.92302454700002,-6.238945371999982,0 -36.92405430200001,-6.238946153000007,0 -36.92306315299999,-6.233037414000004,0 -36.92286058299998,-6.22559531999999,0 -36.923199963,-6.223165066000009,0 -36.92382156100001,-6.220892571000012,0 -36.92693051099999,-6.215752815999986,0 -36.93191872700001,-6.211896158999989,0 -36.938199996,-6.206553283999985,0 -36.94127619299999,-6.203285283000013,0 -36.950230951,-6.195595225000005,0 -36.95215773699999,-6.194080882999988,0 -36.957317117,-6.190763827000014,0 -36.95908758499999,-6.191190043999988,0 -36.96809993700001,-6.190718403999993,0 -36.97105571800001,-6.191304970999985,0 
						</coordinates>
					</LinearRing>
				</outerBoundaryIs>
			</Polygon>
		</Placemark>
		<Placemark>
			<styleUrl>#falseColor</styleUrl>
			<Style id="inline">
				<IconStyle>
					<color>ffffffff</color>
					<colorMode>normal</colorMode>
				</IconStyle>
				<LineStyle>
					<color>ffffffff</color>
					<colorMode>normal</colorMode>
				</LineStyle>
				<PolyStyle>
					<color>ffffffff</color>
					<colorMode>normal</colorMode>
				</PolyStyle>
			</Style>
			<ExtendedData>
				<SchemaData schemaUrl="#S_SeridoUnificado_SSSSSSSDDDDDSSSSSSSSSSSS">
					<SimpleData name="Name"></SimpleData>
					<SimpleData name="descriptio"></SimpleData>
					<SimpleData name="timestamp"></SimpleData>
					<SimpleData name="begin"></SimpleData>
					<SimpleData name="end"></SimpleData>
					<SimpleData name="altitudeMo"></SimpleData>
					<SimpleData name="tessellate">-1</SimpleData>
					<SimpleData name="extrude">0</SimpleData>
					<SimpleData name="visibility">-1</SimpleData>
					<SimpleData name="drawOrder">0</SimpleData>
					<SimpleData name="icon"></SimpleData>
					<SimpleData name="Area_Km2">295.83</SimpleData>
					<SimpleData name="Pop_estim">0</SimpleData>
					<SimpleData name="Dens_demog">0</SimpleData>
					<SimpleData name="Latitude">0</SimpleData>
					<SimpleData name="Longitude">0</SimpleData>
					<SimpleData name="Lat_GMS"></SimpleData>
					<SimpleData name="Long_GMS"></SimpleData>
					<SimpleData name="Nome"></SimpleData>
					<SimpleData name="Mesorreg"></SimpleData>
					<SimpleData name="Microrreg"></SimpleData>
					<SimpleData name="Gant_lico"></SimpleData>
					<SimpleData name="Geocod_Mun"></SimpleData>
					<SimpleData name="CD_MUN">2403004</SimpleData>
					<SimpleData name="NM_MUN">Cruzeta</SimpleData>
					<SimpleData name="SIGLA_UF">RN</SimpleData>
					<SimpleData name="layer">seridounificadomunicipios</SimpleData>
					<SimpleData name="path">C:/Users/damas/OneDrive/2025_1/MARIANNA 2025/SERIDO PB_RN/seridounificadomunicipios.shp</SimpleData>
				</SchemaData>
			</ExtendedData>
			<Polygon>
				<outerBoundaryIs>
					<LinearRing>
						<coordinates>
							-36.889968472,-6.242597936000019,0 -36.89044716000002,-6.241692814000008,0 -36.891378253,-6.24093950799999,0 -36.892457839,-6.240856143000006,0 -36.89314953000001,-6.240557123000006,0 -36.893369509,-6.239953210000017,0 -36.89466368000001,-6.239914628000003,0 -36.89532276500001,-6.239400601999998,0 -36.898250685,-6.240769502000012,0 -36.909566666,-6.243205001000007,0 -36.91099528099999,-6.244555944999995,0 -36.9128291,-6.248203350000003,0 -36.91334106599998,-6.250280460999981,0 -36.91341666599998,-6.254781205999993,0 -36.91355012799999,-6.255792130999984,0 -36.91463196500001,-6.260561652000012,0 -36.91784973400001,-6.267505872999999,0 -36.91991792199999,-6.268898647000009,0 -36.923406885,-6.270173749999996,0 -36.92563842999999,-6.271656580000005,0 -36.92928957499998,-6.275377668999996,0 -36.93002916099999,-6.279073786999978,0 -36.929715405,-6.280610661000001,0 -36.92645539400002,-6.285607118000001,0 -36.92589041400001,-6.286841497000015,0 -36.923707884,-6.294395486999996,0 -36.92254118599999,-6.29631194000001,0 -36.918178318,-6.299965902000002,0 -36.917254246,-6.302005109000001,0 -36.91714250699999,-6.305160634,0 -36.912197384,-6.307731160999996,0 -36.90855653299999,-6.314735170999994,0 -36.90691562399999,-6.315261455000014,0 -36.905621621,-6.314860336000018,0 -36.902953784,-6.316769096999996,0 -36.902127915,-6.318489725999996,0 -36.90114511199999,-6.325997975999988,0 -36.901610103,-6.32938457,0 -36.90269156599999,-6.332109651999995,0 -36.90536886000001,-6.336068609000003,0 -36.90567168900001,-6.338712879000006,0 -36.90504556299998,-6.340269951000002,0 -36.90280528200001,-6.341745702999983,0 -36.88631872799999,-6.342868978000018,0 -36.87332888899999,-6.379695381999985,0 -36.86081580600001,-6.38878299199998,0 -36.874009142,-6.418112216999992,0 -36.87412648200002,-6.418671260999984,0 -36.84947773,-6.429090449000001,0 -36.847122845,-6.430085874000008,0 -36.84712859300001,-6.430286144999993,0 -36.84715834100002,-6.431336901000002,0 -36.84561473600002,-6.434155190000014,0 -36.84593289899998,-6.435287104000005,0 -36.84786521699999,-6.435617729999983,0 -36.848012332,-6.438767549999989,0 -36.84893248500001,-6.440747781999985,0 -36.84956239499999,-6.443979860000022,0 -36.848031484,-6.443811059000004,0 -36.84634387400001,-6.442916556999993,0 -36.84562932,-6.440249147999994,0 -36.843665392,-6.437536382999999,0 -36.84277821599999,-6.43745414899999,0 -36.84171832699999,-6.438417001000001,0 -36.83954767500001,-6.438648590999998,0 -36.838596218,-6.43864656200001,0 -36.834676506,-6.437459437999989,0 -36.83281981100001,-6.437531346000023,0 -36.830880162,-6.438249288999993,0 -36.82821365899999,-6.439609837999996,0 -36.82571732899998,-6.43895438000002,0 -36.82366502199999,-6.437935615999999,0 -36.82258795199999,-6.436414762000002,0 -36.82185721,-6.436516817999993,0 -36.82072427,-6.437237282999993,0 -36.820236139,-6.438770080999998,0 -36.81909751,-6.440620544000009,0 -36.81739570900002,-6.443034818999987,0 -36.81492442300001,-6.445727350000006,0 -36.81558080799999,-6.446805089000009,0 -36.81543883000001,-6.447899516000016,0 -36.81555734099999,-6.448394384999993,0 -36.81385173099999,-6.45088809999999,0 -36.81347417399999,-6.451915154999996,0 -36.81333725900001,-6.453097202000018,0 -36.813016138,-6.45359259700002,0 -36.81225346799999,-6.454404552999994,0 -36.81141865800002,-6.454428686999993,0 -36.80928352399999,-6.453816729000019,0 -36.80758553800001,-6.455098136999988,0 -36.80692345099998,-6.459131394999988,0 -36.80538576599999,-6.460093171000009,0 -36.80457118199998,-6.460835836999987,0 -36.803120802,-6.463577425000009,0 -36.80154472999999,-6.464211420999987,0 -36.79790731399999,-6.465023744000014,0 -36.797420432,-6.465264308999994,0 -36.79568884899999,-6.465298305000009,0 -36.79293960300001,-6.466658016000002,0 -36.78970929299998,-6.467934547000008,0 -36.78801463100001,-6.467765331000015,0 -36.785187181,-6.466722059000006,0 -36.78298549499998,-6.465606425000003,0 -36.78137336800001,-6.465275366000009,0 -36.779034026,-6.465669738000006,0 -36.77733865300001,-6.466143843999985,0 -36.77349908200001,-6.466473954,0 -36.77294812299998,-6.466761740999991,0 -36.774315626,-6.472962434000009,0 -36.76122859899999,-6.478546354999994,0 -36.75350705400002,-6.448253563999993,0 -36.746723801,-6.414888079000011,0 -36.74659286799999,-6.414244464999996,0 -36.74225835199999,-6.392937640000012,0 -36.741753004,-6.377623430999995,0 -36.75243004899999,-6.353894921999999,0 -36.75199674300001,-6.353055176000002,0 -36.74858526399998,-6.350323175999995,0 -36.748394727,-6.348838432999989,0 -36.74886464999999,-6.347845704000004,0 -36.749014969,-6.346626350999993,0 -36.748797045,-6.345992614999996,0 -36.74830986500002,-6.345457651999997,0 -36.74811912799998,-6.343951266999999,0 -36.74860083800001,-6.342983145999992,0 -36.74842865199999,-6.34156825499999,0 -36.74756963300002,-6.340932291999987,0 -36.74470164900001,-6.339597787000002,0 -36.74349722199999,-6.339145623,0 -36.74162171500002,-6.338722302000006,0 -36.739656293,-6.337439085999987,0 -36.739151214,-6.336423134,0 -36.753586017,-6.321144143,0 -36.75415361200002,-6.320543148000013,0 -36.77287355499999,-6.298387415999994,0 -36.79750682700001,-6.301535065999979,0 -36.814383251,-6.303691541999989,0 -36.81503722899998,-6.304058575999982,0 -36.816216851,-6.303670583000014,0 -36.81543592100001,-6.302620596999988,0 -36.81583700900001,-6.300657890000004,0 -36.81662704000001,-6.298957711999997,0 -36.81683556100001,-6.296405228999995,0 -36.81892689200001,-6.296676370000007,0 -36.81906354899998,-6.295497694999986,0 -36.81985283899999,-6.294191484000002,0 -36.821423713,-6.293542937000018,0 -36.82203370999999,-6.292938603000016,0 -36.82240981300001,-6.292565926999996,0 -36.82206685,-6.292120313999996,0 -36.82206075599999,-6.292112395,0 -36.82205948699999,-6.292110745000004,0 -36.82178056699999,-6.291748070999992,0 -36.82173853899999,-6.291693423000007,0 -36.82150037700001,-6.291383747000003,0 -36.82124266799999,-6.290073997000007,0 -36.82216402699999,-6.288898345999996,0 -36.823995043,-6.289299771999996,0 -36.82536796599999,-6.289236444000013,0 -36.82629122,-6.287148004999996,0 -36.827872423,-6.284666256999991,0 -36.82996592899999,-6.284149200999996,0 -36.831226029,-6.285873302000002,0 -36.83269174899999,-6.286355009000011,0 -36.83450643200002,-6.285713987999991,0 -36.83537753799999,-6.283989275000012,0 -36.83572342200001,-6.278990703999998,0 -36.83672250699998,-6.277222335000006,0 -36.83789039900001,-6.276883101000015,0 -36.838436661,-6.275564722000004,0 -36.836806696,-6.272229379999996,0 -36.83681253500001,-6.271062943000008,0 -36.83768105600002,-6.269812688999998,0 -36.83982481899999,-6.26841703700001,0 -36.84094933299999,-6.267833786000012,0 -36.84354439,-6.266487810999997,0 -36.844899108,-6.267984453999988,0 -36.84585009800001,-6.267640941000003,0 -36.846501113,-6.266780479000012,0 -36.84737355300002,-6.264578376999983,0 -36.848626339,-6.264670424999985,0 -36.849334256,-6.265343919999995,0 -36.84907138400001,-6.266466000999991,0 -36.848724482,-6.266941043000007,0 -36.85031569000001,-6.268718822000019,0 -36.85026888900001,-6.269411136999987,0 -36.85087020899999,-6.269759107000001,0 -36.85171610599999,-6.269394968000008,0 -36.85232229100001,-6.268792055000003,0 -36.85267177599999,-6.267971490999996,0 -36.85320086999999,-6.265251003000001,0 -36.85411099,-6.264347498000005,0 -36.85555880199999,-6.263855776000007,0 -36.85642175800001,-6.264032619999991,0 -36.85728245300002,-6.264814849000004,0 -36.858492326,-6.264515756999998,0 -36.860049121,-6.263874973999997,0 -36.86096034900002,-6.262883971000015,0 -36.86190115099998,-6.260446476999995,0 -36.862184958,-6.258994946999998,0 -36.862511252,-6.258243759999996,0 -36.86333211900001,-6.258031202999994,0 -36.86415038900001,-6.258812094999997,0 -36.86535723,-6.259249124000005,0 -36.866439456,-6.258388142999991,0 -36.867477294,-6.258176292000009,0 -36.868494347,-6.257640686999997,0 -36.869231542,-6.256606921000014,0 -36.86885220999999,-6.254356763999986,0 -36.868985853,-6.253363916000012,0 -36.869896117,-6.252371914999988,0 -36.87177851199999,-6.251320142999994,0 -36.873287454,-6.251888688999994,0 -36.87457927399999,-6.252757983000016,0 -36.87535630199999,-6.252719855,0 -36.87531948300001,-6.251551873000003,0 -36.87594599799998,-6.251013550000007,0 -36.87663719099998,-6.250973602999998,0 -36.878150364,-6.250417008999989,0 -36.87905493299998,-6.250809043999991,0 -36.880091792,-6.250814520000006,0 -36.88073944999999,-6.250427567000003,0 -36.881044325,-6.249692946000012,0 -36.881717995,-6.248852870999988,0 -36.88340626900001,-6.24795344599999,0 -36.884025544,-6.247738846999999,0 -36.88478817000001,-6.247698503000018,0 -36.88630436099999,-6.24653726400002,0 -36.88809699399999,-6.246004016000004,0 -36.88853177100001,-6.245358301000015,0 -36.888364548,-6.244275415999985,0 -36.88927208000001,-6.243848861000004,0 -36.889834945,-6.244023184999998,0 -36.890007358,-6.243273999000001,0 -36.889968472,-6.242597936000019,0 
						</coordinates>
					</LinearRing>
				</outerBoundaryIs>
			</Polygon>
		</Placemark>
		<Placemark>
			<styleUrl>#falseColor</styleUrl>
			<Style id="inline">
				<IconStyle>
					<color>ffffffff</color>
					<colorMode>normal</colorMode>
				</IconStyle>
				<LineStyle>
					<color>ffffffff</color>
					<colorMode>normal</colorMode>
				</LineStyle>
				<PolyStyle>
					<color>ffffffff</color>
					<colorMode>normal</colorMode>
				</PolyStyle>
			</Style>
			<ExtendedData>
				<SchemaData schemaUrl="#S_SeridoUnificado_SSSSSSSDDDDDSSSSSSSSSSSS">
					<SimpleData name="Name"></SimpleData>
					<SimpleData name="descriptio"></SimpleData>
					<SimpleData name="timestamp"></SimpleData>
					<SimpleData name="begin"></SimpleData>
					<SimpleData name="end"></SimpleData>
					<SimpleData name="altitudeMo"></SimpleData>
					<SimpleData name="tessellate">-1</SimpleData>
					<SimpleData name="extrude">0</SimpleData>
					<SimpleData name="visibility">-1</SimpleData>
					<SimpleData name="drawOrder">0</SimpleData>
					<SimpleData name="icon"></SimpleData>
					<SimpleData name="Area_Km2">127.348</SimpleData>
					<SimpleData name="Pop_estim">0</SimpleData>
					<SimpleData name="Dens_demog">0</SimpleData>
					<SimpleData name="Latitude">0</SimpleData>
					<SimpleData name="Longitude">0</SimpleData>
					<SimpleData name="Lat_GMS"></SimpleData>
					<SimpleData name="Long_GMS"></SimpleData>
					<SimpleData name="Nome"></SimpleData>
					<SimpleData name="Mesorreg"></SimpleData>
					<SimpleData name="Microrreg"></SimpleData>
					<SimpleData name="Gant_lico"></SimpleData>
					<SimpleData name="Geocod_Mun"></SimpleData>
					<SimpleData name="CD_MUN">2404804</SimpleData>
					<SimpleData name="NM_MUN">Ipueira</SimpleData>
					<SimpleData name="SIGLA_UF">RN</SimpleData>
					<SimpleData name="layer">seridounificadomunicipios</SimpleData>
					<SimpleData name="path">C:/Users/damas/OneDrive/2025_1/MARIANNA 2025/SERIDO PB_RN/seridounificadomunicipios.shp</SimpleData>
				</SchemaData>
			</ExtendedData>
			<Polygon>
				<outerBoundaryIs>
					<LinearRing>
						<coordinates>
							-37.09158770900001,-6.726795960000009,0 -37.09393981599998,-6.723644102000015,0 -37.09557625499999,-6.724505748000005,0 -37.105735567,-6.725466605999991,0 -37.11201260199999,-6.727436862,0 -37.11509891200001,-6.72901269999999,0 -37.11879768599999,-6.729730170000002,0 -37.12118363799999,-6.730920292000011,0 -37.12526626100001,-6.731253199000018,0 -37.12862090300001,-6.730881922999994,0 -37.15087049300001,-6.736751798999999,0 -37.15769554600001,-6.739633125000011,0 -37.174809424,-6.751768915000014,0 -37.185128916,-6.75585538300002,0 -37.20432708100001,-6.761732415000017,0 -37.20433182,-6.761733865999977,0 -37.23878284400001,-6.742146862000005,0 -37.258741209,-6.739124680000009,0 -37.263920789,-6.732170005999995,0 -37.26438455100001,-6.734546671999999,0 -37.26421749400001,-6.738001918000016,0 -37.26494772000002,-6.738981605000001,0 -37.265271854,-6.740492184999987,0 -37.267976021,-6.743960328000012,0 -37.26728885699998,-6.747607708999999,0 -37.26802324599999,-6.749993778,0 -37.266987887,-6.75261843000002,0 -37.268001591,-6.755486796000019,0 -37.268282693,-6.758033705999999,0 -37.26929215600001,-6.760481448999989,0 -37.26936295299998,-6.761985479999993,0 -37.27165478000001,-6.764822317000001,0 -37.27394928500001,-6.766790374000009,0 -37.27231050399998,-6.769438522999993,0 -37.271032301,-6.770465749000014,0 -37.265072621,-6.77328527800001,0 -37.257897369,-6.779467764,0 -37.25732676900001,-6.780395857999992,0 -37.25706857699999,-6.782951347000004,0 -37.257491157,-6.783948768999997,0 -37.26059234000002,-6.787359406,0 -37.25723007400001,-6.79282226199998,0 -37.25541702200001,-6.798469141999979,0 -37.25524071300001,-6.799404186000007,0 -37.25639715299999,-6.804116692000013,0 -37.255143909,-6.811061488000007,0 -37.25204008399998,-6.81308284799999,0 -37.23589107200002,-6.823597680999987,0 -37.234599266,-6.824636018999987,0 -37.22323783799999,-6.825389575000007,0 -37.21699188600002,-6.824626550000003,0 -37.21389632099999,-6.824819112000009,0 -37.196956284,-6.825872744000017,0 -37.192657333,-6.826140129000018,0 -37.19067187499999,-6.825365685000008,0 -37.18289643700001,-6.818312544000003,0 -37.18080938100001,-6.817166015999982,0 -37.172810405,-6.815260593000001,0 -37.17007930500001,-6.810618586999992,0 -37.16633212900002,-6.807073279000018,0 -37.15370773800002,-6.79978921399999,0 -37.152227238,-6.798363856,0 -37.14941521299999,-6.791707048999993,0 -37.143692075,-6.783253088000009,0 -37.14244767899999,-6.782412652999996,0 -37.13807095199999,-6.781358570000011,0 -37.13700373,-6.780524926,0 -37.13498641399999,-6.77730356899999,0 -37.13308347800001,-6.771488878999996,0 -37.13019003599999,-6.766895699000011,0 -37.12893576100002,-6.765976988999995,0 -37.12765736799999,-6.765556264999977,0 -37.12508820400001,-6.76648050399999,0 -37.12006022,-6.767291652999998,0 -37.09913778099999,-6.760573147000002,0 -37.07541709200002,-6.75413402500002,0 -37.07550898400001,-6.750323911999998,0 -37.07693711000002,-6.748225052000018,0 -37.076165107,-6.746248118000016,0 -37.076464194,-6.745729925999986,0 -37.07847033499998,-6.745513919999999,0 -37.08283444000001,-6.741107687000014,0 -37.083806841,-6.739550315999994,0 -37.08403710999999,-6.73799170399999,0 -37.083114115,-6.736387866000002,0 -37.08311786499999,-6.735571908999995,0 -37.08714651499999,-6.731425669,0 -37.08748678000001,-6.729978213000001,0 -37.09158770900001,-6.726795960000009,0 
						</coordinates>
					</LinearRing>
				</outerBoundaryIs>
			</Polygon>
		</Placemark>
		<Placemark>
			<styleUrl>#falseColor</styleUrl>
			<Style id="inline">
				<IconStyle>
					<color>ffffffff</color>
					<colorMode>normal</colorMode>
				</IconStyle>
				<LineStyle>
					<color>ffffffff</color>
					<colorMode>normal</colorMode>
				</LineStyle>
				<PolyStyle>
					<color>ffffffff</color>
					<colorMode>normal</colorMode>
				</PolyStyle>
			</Style>
			<ExtendedData>
				<SchemaData schemaUrl="#S_SeridoUnificado_SSSSSSSDDDDDSSSSSSSSSSSS">
					<SimpleData name="Name"></SimpleData>
					<SimpleData name="descriptio"></SimpleData>
					<SimpleData name="timestamp"></SimpleData>
					<SimpleData name="begin"></SimpleData>
					<SimpleData name="end"></SimpleData>
					<SimpleData name="altitudeMo"></SimpleData>
					<SimpleData name="tessellate">-1</SimpleData>
					<SimpleData name="extrude">0</SimpleData>
					<SimpleData name="visibility">-1</SimpleData>
					<SimpleData name="drawOrder">0</SimpleData>
					<SimpleData name="icon"></SimpleData>
					<SimpleData name="Area_Km2">330.53</SimpleData>
					<SimpleData name="Pop_estim">0</SimpleData>
					<SimpleData name="Dens_demog">0</SimpleData>
					<SimpleData name="Latitude">0</SimpleData>
					<SimpleData name="Longitude">0</SimpleData>
					<SimpleData name="Lat_GMS"></SimpleData>
					<SimpleData name="Long_GMS"></SimpleData>
					<SimpleData name="Nome"></SimpleData>
					<SimpleData name="Mesorreg"></SimpleData>
					<SimpleData name="Microrreg"></SimpleData>
					<SimpleData name="Gant_lico"></SimpleData>
					<SimpleData name="Geocod_Mun"></SimpleData>
					<SimpleData name="CD_MUN">2405603</SimpleData>
					<SimpleData name="NM_MUN">Jardim de Piranhas</SimpleData>
					<SimpleData name="SIGLA_UF">RN</SimpleData>
					<SimpleData name="layer">seridounificadomunicipios</SimpleData>
					<SimpleData name="path">C:/Users/damas/OneDrive/2025_1/MARIANNA 2025/SERIDO PB_RN/seridounificadomunicipios.shp</SimpleData>
				</SchemaData>
			</ExtendedData>
			<Polygon>
				<outerBoundaryIs>
					<LinearRing>
						<coordinates>
							-37.14341165199999,-6.15084785499999,0 -37.145620742,-6.150600701999984,0 -37.15154865700001,-6.152361246999989,0 -37.15533161600001,-6.152082732999986,0 -37.15692296999998,-6.152488229999983,0 -37.161339059,-6.157527950000006,0 -37.16241950099999,-6.15986368399998,0 -37.163453441,-6.166168316000005,0 -37.16568349900001,-6.170374489000004,0 -37.17422102299999,-6.180103616999979,0 -37.18090742699999,-6.180922428000002,0 -37.18850743799998,-6.18066626500001,0 -37.19294394100001,-6.183079772000005,0 -37.19352379899999,-6.184253086000022,0 -37.19352091100001,-6.195852464000007,0 -37.19423849899999,-6.198247099000018,0 -37.19776863900001,-6.202464619999997,0 -37.199675391,-6.204084602000002,0 -37.20158132300001,-6.205703988999998,0 -37.212679925,-6.208930433000008,0 -37.23360322200001,-6.213143765000019,0 -37.23414527900001,-6.213252919999999,0 -37.234271501,-6.213278336999983,0 -37.240731025,-6.21888401000001,0 -37.245068141,-6.220566262999991,0 -37.251527379,-6.226458279000009,0 -37.25945199400002,-6.23778637600001,0 -37.264824108,-6.243575736000007,0 -37.27055247800001,-6.251714375999999,0 -37.27301277999999,-6.263152327999997,0 -37.27349767199999,-6.269824153999988,0 -37.27286394200001,-6.27489600300001,0 -37.27313861,-6.279972248999997,0 -37.27472652300001,-6.281426124000006,0 -37.27866655399998,-6.282455687000001,0 -37.286849211,-6.282265623000002,0 -37.30100995699998,-6.279628363999981,0 -37.30420028700001,-6.278262479999997,0 -37.30645810300001,-6.278065101999992,0 -37.30977593699998,-6.277775079000016,0 -37.315094528,-6.278152177000003,0 -37.31697556500001,-6.278665461000006,0 -37.318325397,-6.279528039000013,0 -37.318523648,-6.279654736000005,0 -37.31993891600001,-6.280559172999998,0 -37.32145016800001,-6.282812181000001,0 -37.32819231200001,-6.303204027,0 -37.33042440700002,-6.306327607000012,0 -37.33395796600001,-6.308340023999994,0 -37.33480210300002,-6.308820832000008,0 -37.34304047300001,-6.312095970999991,0 -37.351105644,-6.314369164000007,0 -37.35497369000002,-6.317349728999996,0 -37.36335326599998,-6.322165603999983,0 -37.36652788999998,-6.325582712000002,0 -37.366811869,-6.327396692999992,0 -37.37059650899999,-6.332555474000012,0 -37.37196172200002,-6.336546719000014,0 -37.37732883500001,-6.344392612000005,0 -37.37811805,-6.347006426000005,0 -37.377846783,-6.350438598999992,0 -37.377812296,-6.350876929000009,0 -37.37631694800002,-6.355771886000023,0 -37.377540958,-6.369332094999997,0 -37.38196079400001,-6.373008078999993,0 -37.38200122800001,-6.373041707999998,0 -37.38244585000001,-6.373411501,0 -37.382448662,-6.373414845999996,0 -37.38854890100001,-6.379733938999999,0 -37.38821399799999,-6.387222481999999,0 -37.38845184499999,-6.389513830999998,0 -37.38883100999998,-6.390979342999992,0 -37.39360245400001,-6.397004535000017,0 -37.39612393499998,-6.401144108000021,0 -37.397161218,-6.405063149000004,0 -37.39548117999998,-6.409900018000007,0 -37.39766988,-6.416285800999992,0 -37.397595013,-6.417192398000005,0 -37.39751998399999,-6.418098751999997,0 -37.39577409,-6.420122333000002,0 -37.38906431499998,-6.423726791999995,0 -37.386595062,-6.426037704000014,0 -37.38557162600001,-6.428574562000002,0 -37.385154428,-6.431615364000001,0 -37.38435343299999,-6.432769697000007,0 -37.38278616400001,-6.433604841000003,0 -37.38167954099998,-6.435135186000005,0 -37.38151519199999,-6.435880220999999,0 -37.38149427,-6.43597527299999,0 -37.38131261699999,-6.436798866999989,0 -37.381246586,-6.437096488000014,0 -37.380541504,-6.437307158999999,0 -37.31847915500001,-6.454669149000005,0 -37.288811407,-6.428728728000008,0 -37.260899316,-6.404323390999986,0 -37.219532069,-6.368087102999985,0 -37.219379164,-6.361589393000012,0 -37.21865858699999,-6.330968399999993,0 -37.218385213,-6.319421107000021,0 -37.21732087999998,-6.274832046999994,0 -37.21661983300001,-6.245462458,0 -37.22141967199999,-6.234107873999985,0 -37.21991093100002,-6.230644831000003,0 -37.21628515500002,-6.227254356999989,0 -37.20864469700002,-6.225709365999994,0 -37.207079398,-6.22483474800001,0 -37.204586871,-6.222791735999995,0 -37.199700009,-6.21878619599999,0 -37.19304729899999,-6.212271684000006,0 -37.192318067,-6.211790517000003,0 -37.187970583,-6.209516909999993,0 -37.18309443499999,-6.209703205999999,0 -37.18128637900001,-6.209536192999989,0 -37.179158691,-6.20872007299999,0 -37.17509339899999,-6.206443895000007,0 -37.17437007000002,-6.202956202000003,0 -37.17385944400001,-6.202231038999995,0 -37.17215037299999,-6.201829392000016,0 -37.16883273600001,-6.201049114000003,0 -37.16481665200001,-6.201560029999991,0 -37.163002954,-6.201345160999998,0 -37.15893957399999,-6.19842995299998,0 -37.157853087,-6.196458159999983,0 -37.15518960099998,-6.193860674999994,0 -37.154423122,-6.192886656999999,0 -37.15423842799999,-6.192340639000005,0 -37.154681605,-6.190559454000011,0 -37.15422723299999,-6.189217623999999,0 -37.15066321000001,-6.18498646300001,0 -37.14844197799999,-6.184212863999992,0 -37.14469851600001,-6.183630641,0 -37.140719625,-6.180951805000015,0 -37.13917143899999,-6.179053818000009,0 -37.13319600700001,-6.175447972999981,0 -37.13316291899999,-6.174576180999991,0 -37.13668257800001,-6.171617107,0 -37.13722882100001,-6.170748147000005,0 -37.137015146,-6.169841369000018,0 -37.13530529299999,-6.16729763500002,0 -37.129680211,-6.161309917999997,0 -37.12819242399998,-6.158078361000003,0 -37.12667574099999,-6.156877154999996,0 -37.13026718500001,-6.156012030999998,0 -37.13296337599999,-6.154182170000013,0 -37.140386084,-6.15235655500002,0 -37.14341165199999,-6.15084785499999,0 
						</coordinates>
					</LinearRing>
				</outerBoundaryIs>
			</Polygon>
		</Placemark>
		<Placemark>
			<styleUrl>#falseColor</styleUrl>
			<Style id="inline">
				<IconStyle>
					<color>ffffffff</color>
					<colorMode>normal</colorMode>
				</IconStyle>
				<LineStyle>
					<color>ffffffff</color>
					<colorMode>normal</colorMode>
				</LineStyle>
				<PolyStyle>
					<color>ffffffff</color>
					<colorMode>normal</colorMode>
				</PolyStyle>
			</Style>
			<ExtendedData>
				<SchemaData schemaUrl="#S_SeridoUnificado_SSSSSSSDDDDDSSSSSSSSSSSS">
					<SimpleData name="Name"></SimpleData>
					<SimpleData name="descriptio"></SimpleData>
					<SimpleData name="timestamp"></SimpleData>
					<SimpleData name="begin"></SimpleData>
					<SimpleData name="end"></SimpleData>
					<SimpleData name="altitudeMo"></SimpleData>
					<SimpleData name="tessellate">-1</SimpleData>
					<SimpleData name="extrude">0</SimpleData>
					<SimpleData name="visibility">-1</SimpleData>
					<SimpleData name="drawOrder">0</SimpleData>
					<SimpleData name="icon"></SimpleData>
					<SimpleData name="Area_Km2">367.645</SimpleData>
					<SimpleData name="Pop_estim">0</SimpleData>
					<SimpleData name="Dens_demog">0</SimpleData>
					<SimpleData name="Latitude">0</SimpleData>
					<SimpleData name="Longitude">0</SimpleData>
					<SimpleData name="Lat_GMS"></SimpleData>
					<SimpleData name="Long_GMS"></SimpleData>
					<SimpleData name="Nome"></SimpleData>
					<SimpleData name="Mesorreg"></SimpleData>
					<SimpleData name="Microrreg"></SimpleData>
					<SimpleData name="Gant_lico"></SimpleData>
					<SimpleData name="Geocod_Mun"></SimpleData>
					<SimpleData name="CD_MUN">2405702</SimpleData>
					<SimpleData name="NM_MUN">Jardim do Seridó</SimpleData>
					<SimpleData name="SIGLA_UF">RN</SimpleData>
					<SimpleData name="layer">seridounificadomunicipios</SimpleData>
					<SimpleData name="path">C:/Users/damas/OneDrive/2025_1/MARIANNA 2025/SERIDO PB_RN/seridounificadomunicipios.shp</SimpleData>
				</SchemaData>
			</ExtendedData>
			<Polygon>
				<outerBoundaryIs>
					<LinearRing>
						<coordinates>
							-36.75776565799998,-6.512833228000012,0 -36.75809363100002,-6.512947843000003,0 -36.75889630399998,-6.514664151000005,0 -36.76111075599999,-6.515670757999999,0 -36.761001935,-6.515832573999997,0 -36.763607818,-6.515844154000017,0 -36.76476718800001,-6.51513482300002,0 -36.76748307899998,-6.514744749999998,0 -36.76952920199999,-6.515110321000011,0 -36.771035155,-6.516276491000017,0 -36.77382370099999,-6.520072709999988,0 -36.77656989400001,-6.522757557999991,0 -36.78032730699999,-6.526193379,0 -36.781313072,-6.526562461000003,0 -36.78309831000001,-6.525858832999997,0 -36.78533048399999,-6.524176571999996,0 -36.78644690499999,-6.523068293000003,0 -36.78814291700002,-6.521916588999995,0 -36.79108348200001,-6.520951856000008,0 -36.792146618,-6.521668091000016,0 -36.79272221299999,-6.523051651999985,0 -36.79298142300001,-6.524299318,0 -36.79413082999999,-6.525906878999996,0 -36.79528357200002,-6.526981991000023,0 -36.79697337699999,-6.527345508000004,0 -36.798171438,-6.527929370999992,0 -36.80001424099998,-6.527903863,0 -36.80244195300001,-6.528482016999995,0 -36.80457244400001,-6.529383012000003,0 -36.80568156600001,-6.530412583999999,0 -36.80700799900001,-6.532285851000017,0 -36.80842677800001,-6.533719616000022,0 -36.810023218,-6.534706268000003,0 -36.812113106,-6.535115819999997,0 -36.81585076300002,-6.535129751999991,0 -36.818341079,-6.535497823000009,0 -36.82140891,-6.536448591000019,0 -36.823366378,-6.536456270999995,0 -36.82549955100001,-6.536998879000007,0 -36.82656348899999,-6.537538591999999,0 -36.83035823200002,-6.537782123999984,0 -36.83175013900001,-6.537870910999997,0 -36.83345854100001,-6.538324288999999,0 -36.83514874500001,-6.538420220000003,0 -36.836082484,-6.538649074999993,0 -36.83884506199998,-6.537680002999988,0 -36.844724525,-6.53636829800001,0 -36.84913235900002,-6.53589802999999,0 -36.85154095199999,-6.535372873000003,0 -36.85541093699999,-6.534812205000016,0 -36.85701494299999,-6.534373362999977,0 -36.857107593,-6.533304842999996,0 -36.85897810099999,-6.533134544999994,0 -36.86049393699999,-6.532784619999998,0 -36.86178560600001,-6.532300039000011,0 -36.86366008300001,-6.53106086400002,0 -36.865174561,-6.530800950999998,0 -36.86642123499999,-6.530360782999988,0 -36.868835654,-6.529925722000003,0 -36.872787211,-6.529720018999989,0 -36.878620612,-6.528631237000011,0 -36.88075947400001,-6.527926337999981,0 -36.88450944499999,-6.525360914000007,0 -36.88665353,-6.523677114999997,0 -36.89593003800001,-6.518282015000008,0 -36.89744457800001,-6.518199489999994,0 -36.89801373,-6.517962375,0 -36.899137363,-6.517493728000012,0 -36.90230031499999,-6.517017605000007,0 -36.905324777,-6.517295957999996,0 -36.90754401300001,-6.518640773999995,0 -36.91175863399999,-6.521731310999992,0 -36.91611027100001,-6.523798736000009,0 -36.91807292699999,-6.524252361000011,0 -36.92122596700001,-6.524398883000004,0 -36.922919775,-6.523871548999997,0 -36.924612851,-6.522897916000014,0 -36.925509909,-6.521298806999997,0 -36.92662974899999,-6.519744167000003,0 -36.929753798,-6.517085492999987,0 -36.93426028100001,-6.514654331999992,0 -36.936219198,-6.514305274000007,0 -36.93764557700001,-6.513687655000004,0 -36.93924897400001,-6.513338328999998,0 -36.94284756600001,-6.514822288,0 -36.94435305699999,-6.516612028000002,0 -36.94887476600002,-6.520815942999993,0 -36.95051581600001,-6.522115307999989,0 -36.95135625199999,-6.522270792000004,0 -36.950987602,-6.53855990700001,0 -36.95094390599998,-6.540490647000007,0 -36.940287517,-6.561265189999997,0 -36.95137442099999,-6.570319011999992,0 -36.94952406100001,-6.571458944000006,0 -36.94746675199999,-6.570760027999992,0 -36.943504547,-6.571104756000016,0 -36.93839694400001,-6.574258812000013,0 -36.93759533299999,-6.575263871999999,0 -36.936899597,-6.577684926999998,0 -36.93653944599998,-6.578098650999998,0 -36.93097486199999,-6.577592634999996,0 -36.92939678300002,-6.579991667999991,0 -36.92694130399999,-6.584646176999995,0 -36.926230567,-6.587128100999995,0 -36.925388443,-6.58768717099999,0 -36.92182722399999,-6.587533253999984,0 -36.91951993200001,-6.589180306000011,0 -36.91873943000002,-6.590506494000008,0 -36.91866194299998,-6.591909445999981,0 -36.91949638099998,-6.594162031999991,0 -36.91927457599999,-6.596269936999979,0 -36.91747692500002,-6.599034928999998,0 -36.918452259,-6.600446441000001,0 -36.91829959199998,-6.600798435000009,0 -36.91641319999999,-6.600999918000012,0 -36.91447229999999,-6.603206422999985,0 -36.91039627000001,-6.604944122999998,0 -36.90999400800002,-6.607647332999981,0 -36.90662064599999,-6.608830051000019,0 -36.90521770200002,-6.608331609999984,0 -36.904516595,-6.608839691000017,0 -36.90256117999999,-6.613905644999991,0 -36.89855806700001,-6.614241714,0 -36.895330142,-6.613664934999999,0 -36.89308061599998,-6.614076901999992,0 -36.89305998000001,-6.614225245999997,0 -36.89257228100001,-6.617800466000007,0 -36.89325669700001,-6.621874393999995,0 -36.89242292099998,-6.623214026999986,0 -36.89233938999998,-6.62334823699998,0 -36.89108109200001,-6.624180069000001,0 -36.885605112,-6.622619218000012,0 -36.883205755,-6.622585095999987,0 -36.873641074,-6.628047852000019,0 -36.87053939200002,-6.630562518000009,0 -36.868484196,-6.635122429,0 -36.86944826600001,-6.639484202000004,0 -36.86873246100001,-6.64271180000001,0 -36.86990119399999,-6.648689174999996,0 -36.869466289,-6.651216555,0 -36.868456914,-6.653282174999986,0 -36.866574442,-6.655570895000007,0 -36.86641739099999,-6.655762334999999,0 -36.86351377099999,-6.653119026000017,0 -36.85810351800001,-6.648777871,0 -36.85242572199999,-6.649246115999993,0 -36.84459305299998,-6.653799722999983,0 -36.843594395,-6.658269139999979,0 -36.83789818399998,-6.660284206,0 -36.83606687399999,-6.66154075299999,0 -36.83317469600002,-6.664548013999991,0 -36.83048536199998,-6.669315917000005,0 -36.828441734,-6.67106414400001,0 -36.82675365799999,-6.671477323000003,0 -36.824072309,-6.674275626999981,0 -36.823448449,-6.675999214999986,0 -36.82132244900001,-6.676862822999999,0 -36.81865556399998,-6.676710579999991,0 -36.81668819600001,-6.679581014000002,0 -36.81645393799999,-6.681113130999991,0 -36.81609442500002,-6.682126592000013,0 -36.81406773999998,-6.682315240000014,0 -36.81339522400001,-6.681488164000006,0 -36.79406361100001,-6.674258513000004,0 -36.792169554,-6.674081779999989,0 -36.78795113300001,-6.672206243000003,0 -36.78617774800001,-6.670460929999999,0 -36.78622314699999,-6.668015196999997,0 -36.76481288799999,-6.669199587999993,0 -36.763606062,-6.667303650999996,0 -36.76242941300001,-6.666354278999982,0 -36.753951761,-6.662410926999986,0 -36.75229403399999,-6.660068859999988,0 -36.74958049299999,-6.659329680999999,0 -36.74910876399999,-6.659060232999988,0 -36.74897481900002,-6.657777814000014,0 -36.749459147,-6.657244201999988,0 -36.74901283000001,-6.656293347000011,0 -36.747200319,-6.654228459000004,0 -36.744805659,-6.652372734999998,0 -36.74442708399999,-6.652079577000003,0 -36.722267815,-6.646712986000014,0 -36.69777123400002,-6.619649581999987,0 -36.694592943,-6.618614078,0 -36.690686699,-6.617341401999994,0 -36.66909619699999,-6.610305643000007,0 -36.679747983,-6.579349156000007,0 -36.67897618899999,-6.551338826999988,0 -36.69506180799998,-6.557892962999993,0 -36.70351580300002,-6.538199340000013,0 -36.70478987300002,-6.539341423999985,0 -36.70582667700001,-6.537399375999991,0 -36.70756084699999,-6.537045248999986,0 -36.70775485399999,-6.53647167400001,0 -36.70871798199999,-6.535587528000018,0 -36.71045240099999,-6.536504105999996,0 -36.711835778,-6.536884584000003,0 -36.712408364,-6.536886962000019,0 -36.71843389800001,-6.532965401000008,0 -36.72220409400001,-6.529345223000014,0 -36.724174791,-6.528107064000006,0 -36.72702796999999,-6.528060438000005,0 -36.72881127099998,-6.526081965999994,0 -36.72983389300001,-6.526200339999997,0 -36.730972898,-6.525610056999998,0 -36.73233424299999,-6.525307543999988,0 -36.73393027599999,-6.525507038999987,0 -36.73522721500001,-6.525081201000004,0 -36.736736219,-6.525029372999994,0 -36.73788352,-6.523126006000021,0 -36.74064786100001,-6.521672088000008,0 -36.74131458,-6.520081040999999,0 -36.74137210699998,-6.519347040999999,0 -36.74236530799999,-6.518143267999998,0 -36.74286923700001,-6.516729542000013,0 -36.74426491700001,-6.516632364000006,0 -36.74464800800001,-6.516825842000006,0 -36.74505970500002,-6.517748361999997,0 -36.74584316900002,-6.518389557999993,0 -36.74742343299999,-6.518214441999993,0 -36.74815859800001,-6.517247188999997,0 -36.74915732499999,-6.513417632000005,0 -36.75039369300001,-6.513039883999985,0 -36.75109262300001,-6.515621129000008,0 -36.75168111400001,-6.515967643000002,0 -36.75368746800002,-6.513272234000005,0 -36.75776565799998,-6.512833228000012,0 
						</coordinates>
					</LinearRing>
				</outerBoundaryIs>
			</Polygon>
		</Placemark>
		<Placemark>
			<styleUrl>#falseColor</styleUrl>
			<Style id="inline">
				<IconStyle>
					<color>ffffffff</color>
					<colorMode>normal</colorMode>
				</IconStyle>
				<LineStyle>
					<color>ffffffff</color>
					<colorMode>normal</colorMode>
				</LineStyle>
				<PolyStyle>
					<color>ffffffff</color>
					<colorMode>normal</colorMode>
				</PolyStyle>
			</Style>
			<ExtendedData>
				<SchemaData schemaUrl="#S_SeridoUnificado_SSSSSSSDDDDDSSSSSSSSSSSS">
					<SimpleData name="Name"></SimpleData>
					<SimpleData name="descriptio"></SimpleData>
					<SimpleData name="timestamp"></SimpleData>
					<SimpleData name="begin"></SimpleData>
					<SimpleData name="end"></SimpleData>
					<SimpleData name="altitudeMo"></SimpleData>
					<SimpleData name="tessellate">-1</SimpleData>
					<SimpleData name="extrude">0</SimpleData>
					<SimpleData name="visibility">-1</SimpleData>
					<SimpleData name="drawOrder">0</SimpleData>
					<SimpleData name="icon"></SimpleData>
					<SimpleData name="Area_Km2">253.21</SimpleData>
					<SimpleData name="Pop_estim">0</SimpleData>
					<SimpleData name="Dens_demog">0</SimpleData>
					<SimpleData name="Latitude">0</SimpleData>
					<SimpleData name="Longitude">0</SimpleData>
					<SimpleData name="Lat_GMS"></SimpleData>
					<SimpleData name="Long_GMS"></SimpleData>
					<SimpleData name="Nome"></SimpleData>
					<SimpleData name="Mesorreg"></SimpleData>
					<SimpleData name="Microrreg"></SimpleData>
					<SimpleData name="Gant_lico"></SimpleData>
					<SimpleData name="Geocod_Mun"></SimpleData>
					<SimpleData name="CD_MUN">2408508</SimpleData>
					<SimpleData name="NM_MUN">Ouro Branco</SimpleData>
					<SimpleData name="SIGLA_UF">RN</SimpleData>
					<SimpleData name="layer">seridounificadomunicipios</SimpleData>
					<SimpleData name="path">C:/Users/damas/OneDrive/2025_1/MARIANNA 2025/SERIDO PB_RN/seridounificadomunicipios.shp</SimpleData>
				</SchemaData>
			</ExtendedData>
			<Polygon>
				<outerBoundaryIs>
					<LinearRing>
						<coordinates>
							-36.93653944599998,-6.578098650999998,0 -36.936899597,-6.577684926999998,0 -36.93700485099998,-6.577779359999997,0 -36.980620092,-6.617136396999999,0 -36.97996926699999,-6.637051441999995,0 -36.97982176900002,-6.641564853000014,0 -36.99078795200001,-6.672950851999982,0 -37.003591179,-6.709612318000011,0 -36.99983354,-6.707712875999984,0 -36.99353367299999,-6.707537442999998,0 -36.98994110100001,-6.709150058000013,0 -36.98879655600001,-6.710813637999989,0 -36.986162789,-6.711982987999998,0 -36.983394508,-6.716558772000023,0 -36.98022024199999,-6.718970341999997,0 -36.97762176200001,-6.721855205999983,0 -36.973720382,-6.733913965999987,0 -36.97179795700001,-6.74064535100001,0 -36.97177997699998,-6.744872916,0 -36.97333234999999,-6.758199483999987,0 -36.97283578799999,-6.76321482700001,0 -36.97188683600002,-6.765482550999993,0 -36.97070821299999,-6.768299124000004,0 -36.96923139300001,-6.770496257,0 -36.96368789000001,-6.773087994999994,0 -36.95814438600001,-6.775679733000006,0 -36.95427705700001,-6.775617310999998,0 -36.952662815,-6.775153096999977,0 -36.95533891199999,-6.779370398999978,0 -36.95909771300001,-6.783303382999994,0 -36.95713546799998,-6.790478196999996,0 -36.937314751,-6.772609788000015,0 -36.93152205199998,-6.768574916,0 -36.919866606,-6.761642855000001,0 -36.91021616500002,-6.756929775000007,0 -36.90342843499999,-6.753614785000003,0 -36.88081782399998,-6.745508148000001,0 -36.87433364599999,-6.743183359999994,0 -36.83502962400002,-6.731070934999986,0 -36.83842350700002,-6.725893316000004,0 -36.83892211800001,-6.720659931999986,0 -36.84126840699999,-6.717816029000012,0 -36.84041484400001,-6.71556208000001,0 -36.84133362099999,-6.713099031000014,0 -36.840665919,-6.707470480999993,0 -36.83989129,-6.706690062999989,0 -36.83829376900001,-6.706292676000003,0 -36.841338277,-6.70249837099999,0 -36.84100075300001,-6.70015954799998,0 -36.841354045,-6.698691865000006,0 -36.844264235,-6.695908112999993,0 -36.84496228599999,-6.694616504999999,0 -36.84917726099999,-6.691785253999994,0 -36.84948563000001,-6.690582802000002,0 -36.85076398999999,-6.689611102999999,0 -36.84264582000001,-6.674623805000013,0 -36.81693249400002,-6.681873106000003,0 -36.81668819600001,-6.679581014000002,0 -36.81865556399998,-6.676710579999991,0 -36.82132244900001,-6.676862822999999,0 -36.823448449,-6.675999214999986,0 -36.824072309,-6.674275626999981,0 -36.82675365799999,-6.671477323000003,0 -36.828441734,-6.67106414400001,0 -36.83048536199998,-6.669315917000005,0 -36.83317469600002,-6.664548013999991,0 -36.83606687399999,-6.66154075299999,0 -36.83789818399998,-6.660284206,0 -36.843594395,-6.658269139999979,0 -36.84459305299998,-6.653799722999983,0 -36.85242572199999,-6.649246115999993,0 -36.85810351800001,-6.648777871,0 -36.86351377099999,-6.653119026000017,0 -36.86641739099999,-6.655762334999999,0 -36.866574442,-6.655570895000007,0 -36.868456914,-6.653282174999986,0 -36.869466289,-6.651216555,0 -36.86990119399999,-6.648689174999996,0 -36.86873246100001,-6.64271180000001,0 -36.86944826600001,-6.639484202000004,0 -36.868484196,-6.635122429,0 -36.87053939200002,-6.630562518000009,0 -36.873641074,-6.628047852000019,0 -36.883205755,-6.622585095999987,0 -36.885605112,-6.622619218000012,0 -36.89108109200001,-6.624180069000001,0 -36.89233938999998,-6.62334823699998,0 -36.89242292099998,-6.623214026999986,0 -36.89325669700001,-6.621874393999995,0 -36.89257228100001,-6.617800466000007,0 -36.89305998000001,-6.614225245999997,0 -36.89308061599998,-6.614076901999992,0 -36.895330142,-6.613664934999999,0 -36.89855806700001,-6.614241714,0 -36.90256117999999,-6.613905644999991,0 -36.904516595,-6.608839691000017,0 -36.90521770200002,-6.608331609999984,0 -36.90662064599999,-6.608830051000019,0 -36.90999400800002,-6.607647332999981,0 -36.91039627000001,-6.604944122999998,0 -36.91447229999999,-6.603206422999985,0 -36.91641319999999,-6.600999918000012,0 -36.91829959199998,-6.600798435000009,0 -36.918452259,-6.600446441000001,0 -36.91747692500002,-6.599034928999998,0 -36.91927457599999,-6.596269936999979,0 -36.91949638099998,-6.594162031999991,0 -36.91866194299998,-6.591909445999981,0 -36.91873943000002,-6.590506494000008,0 -36.91951993200001,-6.589180306000011,0 -36.92182722399999,-6.587533253999984,0 -36.925388443,-6.58768717099999,0 -36.926230567,-6.587128100999995,0 -36.92694130399999,-6.584646176999995,0 -36.92939678300002,-6.579991667999991,0 -36.93097486199999,-6.577592634999996,0 -36.93653944599998,-6.578098650999998,0 
						</coordinates>
					</LinearRing>
				</outerBoundaryIs>
			</Polygon>
		</Placemark>
		<Placemark>
			<styleUrl>#falseColor</styleUrl>
			<Style id="inline">
				<IconStyle>
					<color>ffffffff</color>
					<colorMode>normal</colorMode>
				</IconStyle>
				<LineStyle>
					<color>ffffffff</color>
					<colorMode>normal</colorMode>
				</LineStyle>
				<PolyStyle>
					<color>ffffffff</color>
					<colorMode>normal</colorMode>
				</PolyStyle>
			</Style>
			<ExtendedData>
				<SchemaData schemaUrl="#S_SeridoUnificado_SSSSSSSDDDDDSSSSSSSSSSSS">
					<SimpleData name="Name"></SimpleData>
					<SimpleData name="descriptio"></SimpleData>
					<SimpleData name="timestamp"></SimpleData>
					<SimpleData name="begin"></SimpleData>
					<SimpleData name="end"></SimpleData>
					<SimpleData name="altitudeMo"></SimpleData>
					<SimpleData name="tessellate">-1</SimpleData>
					<SimpleData name="extrude">0</SimpleData>
					<SimpleData name="visibility">-1</SimpleData>
					<SimpleData name="drawOrder">0</SimpleData>
					<SimpleData name="icon"></SimpleData>
					<SimpleData name="Area_Km2">404.427</SimpleData>
					<SimpleData name="Pop_estim">0</SimpleData>
					<SimpleData name="Dens_demog">0</SimpleData>
					<SimpleData name="Latitude">0</SimpleData>
					<SimpleData name="Longitude">0</SimpleData>
					<SimpleData name="Lat_GMS"></SimpleData>
					<SimpleData name="Long_GMS"></SimpleData>
					<SimpleData name="Nome"></SimpleData>
					<SimpleData name="Mesorreg"></SimpleData>
					<SimpleData name="Microrreg"></SimpleData>
					<SimpleData name="Gant_lico"></SimpleData>
					<SimpleData name="Geocod_Mun"></SimpleData>
					<SimpleData name="CD_MUN">2411809</SimpleData>
					<SimpleData name="NM_MUN">São Fernando</SimpleData>
					<SimpleData name="SIGLA_UF">RN</SimpleData>
					<SimpleData name="layer">seridounificadomunicipios</SimpleData>
					<SimpleData name="path">C:/Users/damas/OneDrive/2025_1/MARIANNA 2025/SERIDO PB_RN/seridounificadomunicipios.shp</SimpleData>
				</SchemaData>
			</ExtendedData>
			<Polygon>
				<outerBoundaryIs>
					<LinearRing>
						<coordinates>
							-37.140719625,-6.180951805000015,0 -37.14469851600001,-6.183630641,0 -37.14844197799999,-6.184212863999992,0 -37.15066321000001,-6.18498646300001,0 -37.15422723299999,-6.189217623999999,0 -37.154681605,-6.190559454000011,0 -37.15423842799999,-6.192340639000005,0 -37.154423122,-6.192886656999999,0 -37.15518960099998,-6.193860674999994,0 -37.157853087,-6.196458159999983,0 -37.15893957399999,-6.19842995299998,0 -37.163002954,-6.201345160999998,0 -37.16481665200001,-6.201560029999991,0 -37.16883273600001,-6.201049114000003,0 -37.17215037299999,-6.201829392000016,0 -37.17385944400001,-6.202231038999995,0 -37.17437007000002,-6.202956202000003,0 -37.17509339899999,-6.206443895000007,0 -37.179158691,-6.20872007299999,0 -37.18128637900001,-6.209536192999989,0 -37.18309443499999,-6.209703205999999,0 -37.187970583,-6.209516909999993,0 -37.192318067,-6.211790517000003,0 -37.19304729899999,-6.212271684000006,0 -37.199700009,-6.21878619599999,0 -37.204586871,-6.222791735999995,0 -37.207079398,-6.22483474800001,0 -37.20864469700002,-6.225709365999994,0 -37.21628515500002,-6.227254356999989,0 -37.21991093100002,-6.230644831000003,0 -37.22141967199999,-6.234107873999985,0 -37.21661983300001,-6.245462458,0 -37.21732087999998,-6.274832046999994,0 -37.218385213,-6.319421107000021,0 -37.21865858699999,-6.330968399999993,0 -37.219379164,-6.361589393000012,0 -37.219532069,-6.368087102999985,0 -37.260899316,-6.404323390999986,0 -37.25743976799999,-6.406218257999994,0 -37.25489778199999,-6.407881405999993,0 -37.25019787299999,-6.411375795999992,0 -37.24690689100002,-6.41349783800001,0 -37.24325522200002,-6.415236177999977,0 -37.237283499,-6.417759026000005,0 -37.235717526,-6.418765992000008,0 -37.22833600199998,-6.424743145999996,0 -37.22226918099999,-6.429245201999995,0 -37.22048816,-6.430322428999997,0 -37.21322699,-6.433356440999994,0 -37.21255079799999,-6.433506944999996,0 -37.21143741200001,-6.433346048000013,0 -37.20869341200001,-6.432324209999997,0 -37.20695440000001,-6.432343171000008,0 -37.20302239899999,-6.433584112000005,0 -37.20132654599999,-6.434493761999991,0 -37.198544392,-6.436447628000003,0 -37.19782591500001,-6.436671377000012,0 -37.19676817499998,-6.436630199000001,0 -37.194466101,-6.435486035999977,0 -37.19301031099999,-6.435821868000007,0 -37.191369305,-6.436579585000011,0 -37.190073948,-6.437519985000002,0 -37.18846885200001,-6.439006731000014,0 -37.186606595,-6.437775794000005,0 -37.18331682900001,-6.436793053999987,0 -37.18000752299999,-6.436842124999991,0 -37.177111023,-6.437441236000021,0 -37.167382278,-6.442865613999995,0 -37.16550105799998,-6.443182613999985,0 -37.16249268400001,-6.444570876999983,0 -37.156934778,-6.444885965999994,0 -37.15280428000001,-6.447034895999999,0 -37.14763766399999,-6.447226011999985,0 -37.14037535200001,-6.448480885999997,0 -37.13967896399998,-6.440678999000009,0 -37.14080287699999,-6.427970554000007,0 -37.10195596400001,-6.417620005000013,0 -37.100180645,-6.416070485000002,0 -37.099792431,-6.412982125000006,0 -37.09651917700001,-6.412025333999997,0 -37.09475995299999,-6.409813844000012,0 -37.09342145799999,-6.40922521400001,0 -37.09169573700002,-6.409894802999996,0 -37.09017499800001,-6.409346376000002,0 -37.088654016,-6.408378225999993,0 -37.08708657599999,-6.40611218300001,0 -37.085834883,-6.405257497999997,0 -37.081335021,-6.403400979000004,0 -37.08140180000001,-6.404686478999992,0 -37.08037725799999,-6.405028721000012,0 -37.07928419199998,-6.404804278999987,0 -37.07616937200001,-6.402349853000004,0 -37.075159216,-6.402401187000015,0 -37.073289434,-6.403639328999981,0 -37.07284978900001,-6.392481226999998,0 -37.075309164,-6.384260406999999,0 -37.075734241,-6.382839031,0 -37.08099302900002,-6.365254678000021,0 -37.081850427,-6.359879271000002,0 -37.08161725700001,-6.354228573999987,0 -37.075371275,-6.307454946000004,0 -37.07544789299999,-6.306053485000014,0 -37.08094431699999,-6.294019692999997,0 -37.08135634699999,-6.292317308999989,0 -37.08088545699999,-6.290572773999989,0 -37.05081453100001,-6.239966145000009,0 -37.048669733,-6.236356645999999,0 -37.04790159300001,-6.234732532999992,0 -37.045715619,-6.223915688000005,0 -37.06294335100001,-6.218217701000015,0 -37.07007978100001,-6.237475871999997,0 -37.07176624800002,-6.236535008999988,0 -37.073967278,-6.238493017999984,0 -37.075702613,-6.238125918000006,0 -37.079232604,-6.238662086000004,0 -37.08091009099999,-6.240649993999996,0 -37.08162633000001,-6.240644303000005,0 -37.082631101,-6.238388646000002,0 -37.084784687,-6.236853344999989,0 -37.08542098399999,-6.234940087999998,0 -37.08666333600002,-6.234607167000011,0 -37.09003173400001,-6.235300419999996,0 -37.09352325300001,-6.231818593000018,0 -37.09562230400002,-6.232457164000015,0 -37.09652778399998,-6.232112969999994,0 -37.097091697,-6.231186807000002,0 -37.09715791899998,-6.227005569999989,0 -37.09749928299999,-6.226247728999994,0 -37.09923278299999,-6.224367113999987,0 -37.102277299,-6.223197018999995,0 -37.10400315199999,-6.220914571000014,0 -37.10439365700001,-6.220008170999998,0 -37.10448261199999,-6.219419463000008,0 -37.103770969,-6.217359719000008,0 -37.10417806099999,-6.215754854999995,0 -37.10594401599999,-6.214835940999983,0 -37.11075329499999,-6.215836578000003,0 -37.112151401,-6.215630495999998,0 -37.113109751,-6.215436091999999,0 -37.11447280300001,-6.214121449999999,0 -37.11562900000001,-6.213903601999979,0 -37.116124256,-6.213440036000013,0 -37.116566993,-6.211490115999987,0 -37.11612634400001,-6.207529762000004,0 -37.11656980899999,-6.206190402999995,0 -37.11841238299999,-6.207427935999991,0 -37.12130188999998,-6.207477237999994,0 -37.123289706,-6.205991629000016,0 -37.124402917,-6.206450615000003,0 -37.12499446300001,-6.20815296899999,0 -37.126349073,-6.209218646999995,0 -37.12732583799998,-6.208654400999992,0 -37.13046587600002,-6.209280290000018,0 -37.131656109,-6.208767649000009,0 -37.13194754200001,-6.208426156999991,0 -37.132090393,-6.20765253400001,0 -37.13170715500002,-6.205440438999994,0 -37.13388553400001,-6.203129617000003,0 -37.13419554,-6.201998543000002,0 -37.13282691000001,-6.200337482999996,0 -37.13267296200002,-6.199322356000017,0 -37.13317616800001,-6.197838974000003,0 -37.13210192899999,-6.195052474000002,0 -37.12951440500001,-6.193260648999988,0 -37.12919499,-6.192550129999992,0 -37.13085928899999,-6.191165455999991,0 -37.13267117000001,-6.188044840000004,0 -37.13288609500001,-6.187674672000012,0 -37.136522444,-6.184334271000004,0 -37.136942417,-6.183125842999999,0 -37.138184864,-6.182726500000011,0 -37.139820536,-6.183381661000002,0 -37.140601637,-6.183074960000006,0 -37.140719625,-6.180951805000015,0 
						</coordinates>
					</LinearRing>
				</outerBoundaryIs>
			</Polygon>
		</Placemark>
		<Placemark>
			<styleUrl>#falseColor</styleUrl>
			<Style id="inline">
				<IconStyle>
					<color>ffffffff</color>
					<colorMode>normal</colorMode>
				</IconStyle>
				<LineStyle>
					<color>ffffffff</color>
					<colorMode>normal</colorMode>
				</LineStyle>
				<PolyStyle>
					<color>ffffffff</color>
					<colorMode>normal</colorMode>
				</PolyStyle>
			</Style>
			<ExtendedData>
				<SchemaData schemaUrl="#S_SeridoUnificado_SSSSSSSDDDDDSSSSSSSSSSSS">
					<SimpleData name="Name"></SimpleData>
					<SimpleData name="descriptio"></SimpleData>
					<SimpleData name="timestamp"></SimpleData>
					<SimpleData name="begin"></SimpleData>
					<SimpleData name="end"></SimpleData>
					<SimpleData name="altitudeMo"></SimpleData>
					<SimpleData name="tessellate">-1</SimpleData>
					<SimpleData name="extrude">0</SimpleData>
					<SimpleData name="visibility">-1</SimpleData>
					<SimpleData name="drawOrder">0</SimpleData>
					<SimpleData name="icon"></SimpleData>
					<SimpleData name="Area_Km2">277.011</SimpleData>
					<SimpleData name="Pop_estim">0</SimpleData>
					<SimpleData name="Dens_demog">0</SimpleData>
					<SimpleData name="Latitude">0</SimpleData>
					<SimpleData name="Longitude">0</SimpleData>
					<SimpleData name="Lat_GMS"></SimpleData>
					<SimpleData name="Long_GMS"></SimpleData>
					<SimpleData name="Nome"></SimpleData>
					<SimpleData name="Mesorreg"></SimpleData>
					<SimpleData name="Microrreg"></SimpleData>
					<SimpleData name="Gant_lico"></SimpleData>
					<SimpleData name="Geocod_Mun"></SimpleData>
					<SimpleData name="CD_MUN">2412104</SimpleData>
					<SimpleData name="NM_MUN">São João do Sabugi</SimpleData>
					<SimpleData name="SIGLA_UF">RN</SimpleData>
					<SimpleData name="layer">seridounificadomunicipios</SimpleData>
					<SimpleData name="path">C:/Users/damas/OneDrive/2025_1/MARIANNA 2025/SERIDO PB_RN/seridounificadomunicipios.shp</SimpleData>
				</SchemaData>
			</ExtendedData>
			<Polygon>
				<outerBoundaryIs>
					<LinearRing>
						<coordinates>
							-37.180397873,-6.613910298999997,0 -37.21836270500001,-6.619728385999992,0 -37.25143181300001,-6.646881604999997,0 -37.301692,-6.652229467000015,0 -37.31153767500001,-6.666304737999999,0 -37.31429892400002,-6.688974429999998,0 -37.298808538,-6.691476884999979,0 -37.29826671199999,-6.691564416000007,0 -37.28371599400001,-6.693914827000016,0 -37.287694741,-6.706488770000001,0 -37.28886413399999,-6.70651049700002,0 -37.290167258,-6.71304391600001,0 -37.28563558900001,-6.716328078,0 -37.27991780899998,-6.72423385199999,0 -37.27180698099999,-6.728605791999995,0 -37.263920789,-6.732170005999995,0 -37.258741209,-6.739124680000009,0 -37.23878284400001,-6.742146862000005,0 -37.20433182,-6.761733865999977,0 -37.20432708100001,-6.761732415000017,0 -37.185128916,-6.75585538300002,0 -37.174809424,-6.751768915000014,0 -37.15769554600001,-6.739633125000011,0 -37.15087049300001,-6.736751798999999,0 -37.12862090300001,-6.730881922999994,0 -37.12526626100001,-6.731253199000018,0 -37.12118363799999,-6.730920292000011,0 -37.11879768599999,-6.729730170000002,0 -37.11509891200001,-6.72901269999999,0 -37.11201260199999,-6.727436862,0 -37.105735567,-6.725466605999991,0 -37.09557625499999,-6.724505748000005,0 -37.09393981599998,-6.723644102000015,0 -37.09158770900001,-6.726795960000009,0 -37.08748678000001,-6.729978213000001,0 -37.08714651499999,-6.731425669,0 -37.08311786499999,-6.735571908999995,0 -37.083114115,-6.736387866000002,0 -37.08403710999999,-6.73799170399999,0 -37.083806841,-6.739550315999994,0 -37.08283444000001,-6.741107687000014,0 -37.07847033499998,-6.745513919999999,0 -37.076464194,-6.745729925999986,0 -37.076165107,-6.746248118000016,0 -37.07693711000002,-6.748225052000018,0 -37.07550898400001,-6.750323911999998,0 -37.07541709200002,-6.75413402500002,0 -37.07094383399998,-6.753306037999998,0 -37.062943967,-6.750995657000002,0 -37.059423229,-6.749425038999986,0 -37.050679234,-6.744414056000004,0 -37.041288637,-6.740062453000002,0 -37.03526061400002,-6.734165846000004,0 -37.03676733500001,-6.732720599000008,0 -37.04047280999998,-6.73203226900001,0 -37.04218481200001,-6.729635371999992,0 -37.042367049,-6.728029534999997,0 -37.04317441199999,-6.726430590999994,0 -37.04397947799998,-6.725732455000005,0 -37.04737942100002,-6.726147131000002,0 -37.05069124799999,-6.723856089000009,0 -37.05259483899999,-6.723213442999993,0 -37.054295287,-6.723318436000008,0 -37.05971077300001,-6.720735402999996,0 -37.061723569,-6.717990836000007,0 -37.06003434999999,-6.714977870000014,0 -37.06083989999999,-6.713678689999993,0 -37.06504946300001,-6.712092466999984,0 -37.06506938799998,-6.707433842999999,0 -37.066274803,-6.706136551999995,0 -37.069548295,-6.704707318000005,0 -37.07396714699999,-6.701298767999995,0 -37.077970813,-6.700712997000009,0 -37.08157935399999,-6.699274642000004,0 -37.08308221499998,-6.699079704000022,0 -37.08448228500001,-6.699486702999984,0 -37.08499102799998,-6.697083013999983,0 -37.08301316,-6.690914982999989,0 -37.087722133,-6.689932416999986,0 -37.09133553499999,-6.686790582000022,0 -37.096642651,-6.685909028999983,0 -37.10005479,-6.683669242999994,0 -37.10000704600001,-6.683048415000005,0 -37.10288152600001,-6.684729330999996,0 -37.10360067400001,-6.682227360000017,0 -37.10477754300002,-6.681113401000013,0 -37.10570324599999,-6.678526250000001,0 -37.105297407,-6.676076585999993,0 -37.10563966500001,-6.674070432000009,0 -37.10702200399999,-6.673029947000011,0 -37.108484799,-6.672889782999984,0 -37.10894626000001,-6.672224077999999,0 -37.10890785000002,-6.671260068000013,0 -37.108036175,-6.669751769999996,0 -37.109384191,-6.666704820000009,0 -37.10826245100001,-6.665512718999995,0 -37.10797250299998,-6.664444190999994,0 -37.10902510599998,-6.662357210000018,0 -37.108116037,-6.659930086999997,0 -37.10946594000001,-6.656824164000006,0 -37.11068177600001,-6.655341811999998,0 -37.11222789999999,-6.654888524999983,0 -37.11513819900001,-6.658539151999998,0 -37.11639001099999,-6.659379011000004,0 -37.119598384,-6.660163286999987,0 -37.120814798,-6.660002772999995,0 -37.12291127700001,-6.658129352999984,0 -37.12369741899999,-6.655637906999996,0 -37.126464226,-6.655056228000009,0 -37.129901902,-6.652248108000018,0 -37.131724286,-6.652585286999999,0 -37.13322309200002,-6.650849120000013,0 -37.13477626600002,-6.64985809899999,0 -37.13607042600001,-6.643555888000005,0 -37.141402271,-6.636724299000005,0 -37.14212262800002,-6.635221910000018,0 -37.143553,-6.634684732000016,0 -37.14625878699999,-6.630096309000004,0 -37.14892494800001,-6.628891439999993,0 -37.14975264599999,-6.626799955000005,0 -37.15042274799998,-6.626137306000013,0 -37.15593072600002,-6.623979421999985,0 -37.159134359,-6.623445968999992,0 -37.16132821299998,-6.620680421999987,0 -37.163207465,-6.619125239000008,0 -37.16539236400002,-6.619366259000006,0 -37.16750359700001,-6.618163846999998,0 -37.17171763300001,-6.618727538999996,0 -37.172579944,-6.617947808999989,0 -37.17195667100001,-6.617164094999993,0 -37.17219646500001,-6.615838391999995,0 -37.174072089,-6.615216464999996,0 -37.17493740899999,-6.613933597000006,0 -37.178055362,-6.614584809000011,0 -37.179575271,-6.613783844000006,0 -37.180397873,-6.613910298999997,0 
						</coordinates>
					</LinearRing>
				</outerBoundaryIs>
			</Polygon>
		</Placemark>
		<Placemark>
			<styleUrl>#falseColor</styleUrl>
			<Style id="inline">
				<IconStyle>
					<color>ffffffff</color>
					<colorMode>normal</colorMode>
				</IconStyle>
				<LineStyle>
					<color>ffffffff</color>
					<colorMode>normal</colorMode>
				</LineStyle>
				<PolyStyle>
					<color>ffffffff</color>
					<colorMode>normal</colorMode>
				</PolyStyle>
			</Style>
			<ExtendedData>
				<SchemaData schemaUrl="#S_SeridoUnificado_SSSSSSSDDDDDSSSSSSSSSSSS">
					<SimpleData name="Name"></SimpleData>
					<SimpleData name="descriptio"></SimpleData>
					<SimpleData name="timestamp"></SimpleData>
					<SimpleData name="begin"></SimpleData>
					<SimpleData name="end"></SimpleData>
					<SimpleData name="altitudeMo"></SimpleData>
					<SimpleData name="tessellate">-1</SimpleData>
					<SimpleData name="extrude">0</SimpleData>
					<SimpleData name="visibility">-1</SimpleData>
					<SimpleData name="drawOrder">0</SimpleData>
					<SimpleData name="icon"></SimpleData>
					<SimpleData name="Area_Km2">174.505</SimpleData>
					<SimpleData name="Pop_estim">0</SimpleData>
					<SimpleData name="Dens_demog">0</SimpleData>
					<SimpleData name="Latitude">0</SimpleData>
					<SimpleData name="Longitude">0</SimpleData>
					<SimpleData name="Lat_GMS"></SimpleData>
					<SimpleData name="Long_GMS"></SimpleData>
					<SimpleData name="Nome"></SimpleData>
					<SimpleData name="Mesorreg"></SimpleData>
					<SimpleData name="Microrreg"></SimpleData>
					<SimpleData name="Gant_lico"></SimpleData>
					<SimpleData name="Geocod_Mun"></SimpleData>
					<SimpleData name="CD_MUN">2412401</SimpleData>
					<SimpleData name="NM_MUN">São José do Seridó</SimpleData>
					<SimpleData name="SIGLA_UF">RN</SimpleData>
					<SimpleData name="layer">seridounificadomunicipios</SimpleData>
					<SimpleData name="path">C:/Users/damas/OneDrive/2025_1/MARIANNA 2025/SERIDO PB_RN/seridounificadomunicipios.shp</SimpleData>
				</SchemaData>
			</ExtendedData>
			<Polygon>
				<outerBoundaryIs>
					<LinearRing>
						<coordinates>
							-36.848012332,-6.438767549999989,0 -36.84786521699999,-6.435617729999983,0 -36.84593289899998,-6.435287104000005,0 -36.84561473600002,-6.434155190000014,0 -36.84715834100002,-6.431336901000002,0 -36.84712859300001,-6.430286144999993,0 -36.847122845,-6.430085874000008,0 -36.84947773,-6.429090449000001,0 -36.87412648200002,-6.418671260999984,0 -36.90483794400001,-6.447924110000011,0 -36.93648811200001,-6.475434538999996,0 -36.95772748100001,-6.491671652999996,0 -36.96089107400001,-6.505501691000013,0 -36.96271811100002,-6.509968630999985,0 -36.95137098099999,-6.521639490000009,0 -36.95135625199999,-6.522270792000004,0 -36.95051581600001,-6.522115307999989,0 -36.94887476600002,-6.520815942999993,0 -36.94435305699999,-6.516612028000002,0 -36.94284756600001,-6.514822288,0 -36.93924897400001,-6.513338328999998,0 -36.93764557700001,-6.513687655000004,0 -36.936219198,-6.514305274000007,0 -36.93426028100001,-6.514654331999992,0 -36.929753798,-6.517085492999987,0 -36.92662974899999,-6.519744167000003,0 -36.925509909,-6.521298806999997,0 -36.924612851,-6.522897916000014,0 -36.922919775,-6.523871548999997,0 -36.92122596700001,-6.524398883000004,0 -36.91807292699999,-6.524252361000011,0 -36.91611027100001,-6.523798736000009,0 -36.91175863399999,-6.521731310999992,0 -36.90754401300001,-6.518640773999995,0 -36.905324777,-6.517295957999996,0 -36.90230031499999,-6.517017605000007,0 -36.899137363,-6.517493728000012,0 -36.89801373,-6.517962375,0 -36.89744457800001,-6.518199489999994,0 -36.89593003800001,-6.518282015000008,0 -36.88665353,-6.523677114999997,0 -36.88450944499999,-6.525360914000007,0 -36.88075947400001,-6.527926337999981,0 -36.878620612,-6.528631237000011,0 -36.872787211,-6.529720018999989,0 -36.868835654,-6.529925722000003,0 -36.86642123499999,-6.530360782999988,0 -36.865174561,-6.530800950999998,0 -36.86366008300001,-6.53106086400002,0 -36.86178560600001,-6.532300039000011,0 -36.86049393699999,-6.532784619999998,0 -36.85897810099999,-6.533134544999994,0 -36.857107593,-6.533304842999996,0 -36.85701494299999,-6.534373362999977,0 -36.85541093699999,-6.534812205000016,0 -36.85154095199999,-6.535372873000003,0 -36.84913235900002,-6.53589802999999,0 -36.844724525,-6.53636829800001,0 -36.83884506199998,-6.537680002999988,0 -36.836082484,-6.538649074999993,0 -36.83514874500001,-6.538420220000003,0 -36.83345854100001,-6.538324288999999,0 -36.83175013900001,-6.537870910999997,0 -36.83035823200002,-6.537782123999984,0 -36.82656348899999,-6.537538591999999,0 -36.82549955100001,-6.536998879000007,0 -36.823366378,-6.536456270999995,0 -36.82140891,-6.536448591000019,0 -36.818341079,-6.535497823000009,0 -36.81585076300002,-6.535129751999991,0 -36.812113106,-6.535115819999997,0 -36.810023218,-6.534706268000003,0 -36.80842677800001,-6.533719616000022,0 -36.80700799900001,-6.532285851000017,0 -36.80568156600001,-6.530412583999999,0 -36.80457244400001,-6.529383012000003,0 -36.80244195300001,-6.528482016999995,0 -36.80001424099998,-6.527903863,0 -36.798171438,-6.527929370999992,0 -36.79697337699999,-6.527345508000004,0 -36.79528357200002,-6.526981991000023,0 -36.79413082999999,-6.525906878999996,0 -36.79298142300001,-6.524299318,0 -36.79272221299999,-6.523051651999985,0 -36.792146618,-6.521668091000016,0 -36.79108348200001,-6.520951856000008,0 -36.78814291700002,-6.521916588999995,0 -36.78644690499999,-6.523068293000003,0 -36.78533048399999,-6.524176571999996,0 -36.78309831000001,-6.525858832999997,0 -36.781313072,-6.526562461000003,0 -36.78032730699999,-6.526193379,0 -36.77656989400001,-6.522757557999991,0 -36.77382370099999,-6.520072709999988,0 -36.771035155,-6.516276491000017,0 -36.76952920199999,-6.515110321000011,0 -36.76748307899998,-6.514744749999998,0 -36.76476718800001,-6.51513482300002,0 -36.763607818,-6.515844154000017,0 -36.761001935,-6.515832573999997,0 -36.76111075599999,-6.515670757999999,0 -36.76572482099998,-6.508787422000013,0 -36.768313447,-6.500525936999988,0 -36.774315626,-6.472962434000009,0 -36.77294812299998,-6.466761740999991,0 -36.77349908200001,-6.466473954,0 -36.77733865300001,-6.466143843999985,0 -36.779034026,-6.465669738000006,0 -36.78137336800001,-6.465275366000009,0 -36.78298549499998,-6.465606425000003,0 -36.785187181,-6.466722059000006,0 -36.78801463100001,-6.467765331000015,0 -36.78970929299998,-6.467934547000008,0 -36.79293960300001,-6.466658016000002,0 -36.79568884899999,-6.465298305000009,0 -36.797420432,-6.465264308999994,0 -36.79790731399999,-6.465023744000014,0 -36.80154472999999,-6.464211420999987,0 -36.803120802,-6.463577425000009,0 -36.80457118199998,-6.460835836999987,0 -36.80538576599999,-6.460093171000009,0 -36.80692345099998,-6.459131394999988,0 -36.80758553800001,-6.455098136999988,0 -36.80928352399999,-6.453816729000019,0 -36.81141865800002,-6.454428686999993,0 -36.81225346799999,-6.454404552999994,0 -36.813016138,-6.45359259700002,0 -36.81333725900001,-6.453097202000018,0 -36.81347417399999,-6.451915154999996,0 -36.81385173099999,-6.45088809999999,0 -36.81555734099999,-6.448394384999993,0 -36.81543883000001,-6.447899516000016,0 -36.81558080799999,-6.446805089000009,0 -36.81492442300001,-6.445727350000006,0 -36.81739570900002,-6.443034818999987,0 -36.81909751,-6.440620544000009,0 -36.820236139,-6.438770080999998,0 -36.82072427,-6.437237282999993,0 -36.82185721,-6.436516817999993,0 -36.82258795199999,-6.436414762000002,0 -36.82366502199999,-6.437935615999999,0 -36.82571732899998,-6.43895438000002,0 -36.82821365899999,-6.439609837999996,0 -36.830880162,-6.438249288999993,0 -36.83281981100001,-6.437531346000023,0 -36.834676506,-6.437459437999989,0 -36.838596218,-6.43864656200001,0 -36.83954767500001,-6.438648590999998,0 -36.84171832699999,-6.438417001000001,0 -36.84277821599999,-6.43745414899999,0 -36.843665392,-6.437536382999999,0 -36.84562932,-6.440249147999994,0 -36.84634387400001,-6.442916556999993,0 -36.848031484,-6.443811059000004,0 -36.84956239499999,-6.443979860000022,0 -36.84893248500001,-6.440747781999985,0 -36.848012332,-6.438767549999989,0 
						</coordinates>
					</LinearRing>
				</outerBoundaryIs>
			</Polygon>
		</Placemark>
		<Placemark>
			<styleUrl>#falseColor</styleUrl>
			<Style id="inline">
				<IconStyle>
					<color>ffffffff</color>
					<colorMode>normal</colorMode>
				</IconStyle>
				<LineStyle>
					<color>ffffffff</color>
					<colorMode>normal</colorMode>
				</LineStyle>
				<PolyStyle>
					<color>ffffffff</color>
					<colorMode>normal</colorMode>
				</PolyStyle>
			</Style>
			<ExtendedData>
				<SchemaData schemaUrl="#S_SeridoUnificado_SSSSSSSDDDDDSSSSSSSSSSSS">
					<SimpleData name="Name"></SimpleData>
					<SimpleData name="descriptio"></SimpleData>
					<SimpleData name="timestamp"></SimpleData>
					<SimpleData name="begin"></SimpleData>
					<SimpleData name="end"></SimpleData>
					<SimpleData name="altitudeMo"></SimpleData>
					<SimpleData name="tessellate">-1</SimpleData>
					<SimpleData name="extrude">0</SimpleData>
					<SimpleData name="visibility">-1</SimpleData>
					<SimpleData name="drawOrder">0</SimpleData>
					<SimpleData name="icon"></SimpleData>
					<SimpleData name="Area_Km2">562.396</SimpleData>
					<SimpleData name="Pop_estim">0</SimpleData>
					<SimpleData name="Dens_demog">0</SimpleData>
					<SimpleData name="Latitude">0</SimpleData>
					<SimpleData name="Longitude">0</SimpleData>
					<SimpleData name="Lat_GMS"></SimpleData>
					<SimpleData name="Long_GMS"></SimpleData>
					<SimpleData name="Nome"></SimpleData>
					<SimpleData name="Mesorreg"></SimpleData>
					<SimpleData name="Microrreg"></SimpleData>
					<SimpleData name="Gant_lico"></SimpleData>
					<SimpleData name="Geocod_Mun"></SimpleData>
					<SimpleData name="CD_MUN">2413409</SimpleData>
					<SimpleData name="NM_MUN">Serra Negra do Norte</SimpleData>
					<SimpleData name="SIGLA_UF">RN</SimpleData>
					<SimpleData name="layer">seridounificadomunicipios</SimpleData>
					<SimpleData name="path">C:/Users/damas/OneDrive/2025_1/MARIANNA 2025/SERIDO PB_RN/seridounificadomunicipios.shp</SimpleData>
				</SchemaData>
			</ExtendedData>
			<Polygon>
				<outerBoundaryIs>
					<LinearRing>
						<coordinates>
							-37.26165194399999,-6.527310344999993,0 -37.261118082,-6.524585360999986,0 -37.26023061800001,-6.523525979999983,0 -37.30054667700001,-6.47587901099998,0 -37.30063774999999,-6.475771377000008,0 -37.31847915500001,-6.454669149000005,0 -37.380541504,-6.437307158999999,0 -37.381246586,-6.437096488000014,0 -37.381243643,-6.437109380000001,0 -37.385835335,-6.441527207000006,0 -37.387556913,-6.445139876000018,0 -37.38800168699999,-6.448633642999986,0 -37.390952312,-6.452842411999999,0 -37.391745402,-6.462455939000002,0 -37.39353630599999,-6.472200747999997,0 -37.39401803999998,-6.480314574999994,0 -37.39468124500002,-6.491488745999989,0 -37.395785665,-6.510093151000016,0 -37.39621497900001,-6.512514167999992,0 -37.396891399,-6.514207379999981,0 -37.399986633,-6.519489248000014,0 -37.411700175,-6.529530644999988,0 -37.41570961899999,-6.531880107999999,0 -37.41929219600001,-6.533171149999985,0 -37.42118717599999,-6.53329801500001,0 -37.43618648800001,-6.533243392999988,0 -37.43645458500001,-6.533242416999987,0 -37.436564361,-6.533242016999994,0 -37.444546536,-6.533077381999981,0 -37.44489555000002,-6.533070524999993,0 -37.46472452399998,-6.532663686000005,0 -37.468136454,-6.533934614000005,0 -37.47366692700002,-6.537595609,0 -37.482357396,-6.547710934000015,0 -37.48312835499998,-6.550410868000007,0 -37.4829406,-6.55328869400001,0 -37.48190747500001,-6.55724538100001,0 -37.48058276000001,-6.559820067999991,0 -37.478717765,-6.561702927999984,0 -37.47601941300002,-6.562654030000001,0 -37.47505739100001,-6.563491532999992,0 -37.47481499200001,-6.564450867000011,0 -37.47860940999998,-6.578225027000002,0 -37.478534451,-6.585065731999997,0 -37.479853233,-6.592629651999999,0 -37.48011856599999,-6.594151781000002,0 -37.47974175900001,-6.599879050999997,0 -37.47974366700001,-6.599894913000011,0 -37.48038408299998,-6.605217824000002,0 -37.480021062,-6.60617798999999,0 -37.47876016999999,-6.607282629000002,0 -37.47600027199999,-6.608113903999997,0 -37.47453294000002,-6.617914162000003,0 -37.47740881800001,-6.637444539999986,0 -37.47721587000001,-6.641910813000003,0 -37.476363214,-6.644796358000004,0 -37.473623825,-6.649342115000003,0 -37.46619090699999,-6.659959527999995,0 -37.467138221,-6.663591260000006,0 -37.468151048,-6.665634304000003,0 -37.47083723700002,-6.669300334000015,0 -37.47520154599999,-6.672822367000002,0 -37.47495638899999,-6.674500933999998,0 -37.47216682800002,-6.677694495999987,0 -37.470864822,-6.679525778000008,0 -37.470981634,-6.680336700999979,0 -37.475990295,-6.689045168999996,0 -37.478069537,-6.69517093600001,0 -37.482046688,-6.704609567999991,0 -37.48469954199999,-6.710037373999988,0 -37.455873261,-6.705252242000008,0 -37.44630525600001,-6.703664247999992,0 -37.42697904199999,-6.700457177000006,0 -37.407334101,-6.697195365999987,0 -37.399970143,-6.69972903000001,0 -37.395835517,-6.700354139000013,0 -37.39569975000001,-6.700374235999997,0 -37.388320609,-6.699827629999994,0 -37.383831582,-6.700488236000018,0 -37.38109360800001,-6.700434456000004,0 -37.378355707,-6.700380677999991,0 -37.36752699499999,-6.701205869000002,0 -37.36246945900002,-6.700623691000014,0 -37.35343994100001,-6.701263014000014,0 -37.348076287,-6.701254709000006,0 -37.342712914,-6.701246402999999,0 -37.33840948,-6.700605684000003,0 -37.331982531,-6.698137091000007,0 -37.31429892400002,-6.688974429999998,0 -37.31153767500001,-6.666304737999999,0 -37.301692,-6.652229467000015,0 -37.25143181300001,-6.646881604999997,0 -37.21836270500001,-6.619728385999992,0 -37.23064250300002,-6.569922123000007,0 -37.23088293399999,-6.56966603,0 -37.230815211,-6.569452105000007,0 -37.25412412700001,-6.545006645999982,0 -37.25402660700001,-6.542994308000008,0 -37.25440014700001,-6.541702638000009,0 -37.25722643500001,-6.538845465000016,0 -37.25803560500001,-6.53730035399999,0 -37.256901327,-6.536317235000022,0 -37.25682127900001,-6.535219360000011,0 -37.25848542,-6.534279563000009,0 -37.258928666,-6.532375578999988,0 -37.26165194399999,-6.527310344999993,0 
						</coordinates>
					</LinearRing>
				</outerBoundaryIs>
			</Polygon>
		</Placemark>
		<Placemark>
			<styleUrl>#falseColor</styleUrl>
			<Style id="inline">
				<IconStyle>
					<color>ffffffff</color>
					<colorMode>normal</colorMode>
				</IconStyle>
				<LineStyle>
					<color>ffffffff</color>
					<colorMode>normal</colorMode>
				</LineStyle>
				<PolyStyle>
					<color>ffffffff</color>
					<colorMode>normal</colorMode>
				</PolyStyle>
			</Style>
			<ExtendedData>
				<SchemaData schemaUrl="#S_SeridoUnificado_SSSSSSSDDDDDSSSSSSSSSSSS">
					<SimpleData name="Name"></SimpleData>
					<SimpleData name="descriptio"></SimpleData>
					<SimpleData name="timestamp"></SimpleData>
					<SimpleData name="begin"></SimpleData>
					<SimpleData name="end"></SimpleData>
					<SimpleData name="altitudeMo"></SimpleData>
					<SimpleData name="tessellate">-1</SimpleData>
					<SimpleData name="extrude">0</SimpleData>
					<SimpleData name="visibility">-1</SimpleData>
					<SimpleData name="drawOrder">0</SimpleData>
					<SimpleData name="icon"></SimpleData>
					<SimpleData name="Area_Km2">135.456</SimpleData>
					<SimpleData name="Pop_estim">0</SimpleData>
					<SimpleData name="Dens_demog">0</SimpleData>
					<SimpleData name="Latitude">0</SimpleData>
					<SimpleData name="Longitude">0</SimpleData>
					<SimpleData name="Lat_GMS"></SimpleData>
					<SimpleData name="Long_GMS"></SimpleData>
					<SimpleData name="Nome"></SimpleData>
					<SimpleData name="Mesorreg"></SimpleData>
					<SimpleData name="Microrreg"></SimpleData>
					<SimpleData name="Gant_lico"></SimpleData>
					<SimpleData name="Geocod_Mun"></SimpleData>
					<SimpleData name="CD_MUN">2414308</SimpleData>
					<SimpleData name="NM_MUN">Timbaúba dos Batistas</SimpleData>
					<SimpleData name="SIGLA_UF">RN</SimpleData>
					<SimpleData name="layer">seridounificadomunicipios</SimpleData>
					<SimpleData name="path">C:/Users/damas/OneDrive/2025_1/MARIANNA 2025/SERIDO PB_RN/seridounificadomunicipios.shp</SimpleData>
				</SchemaData>
			</ExtendedData>
			<Polygon>
				<outerBoundaryIs>
					<LinearRing>
						<coordinates>
							-37.22048816,-6.430322428999997,0 -37.22226918099999,-6.429245201999995,0 -37.22833600199998,-6.424743145999996,0 -37.235717526,-6.418765992000008,0 -37.237283499,-6.417759026000005,0 -37.24325522200002,-6.415236177999977,0 -37.24690689100002,-6.41349783800001,0 -37.25019787299999,-6.411375795999992,0 -37.25489778199999,-6.407881405999993,0 -37.25743976799999,-6.406218257999994,0 -37.260899316,-6.404323390999986,0 -37.288811407,-6.428728728000008,0 -37.31847915500001,-6.454669149000005,0 -37.30063774999999,-6.475771377000008,0 -37.30054667700001,-6.47587901099998,0 -37.26023061800001,-6.523525979999983,0 -37.261118082,-6.524585360999986,0 -37.26165194399999,-6.527310344999993,0 -37.258928666,-6.532375578999988,0 -37.25848542,-6.534279563000009,0 -37.25682127900001,-6.535219360000011,0 -37.256901327,-6.536317235000022,0 -37.25803560500001,-6.53730035399999,0 -37.25722643500001,-6.538845465000016,0 -37.25440014700001,-6.541702638000009,0 -37.25402660700001,-6.542994308000008,0 -37.25412412700001,-6.545006645999982,0 -37.230815211,-6.569452105000007,0 -37.230466215,-6.568342229000002,0 -37.22962741700002,-6.567373701000001,0 -37.22533166700001,-6.564908263999987,0 -37.222096563,-6.564483273999995,0 -37.22089726299999,-6.562239720999994,0 -37.21691487199998,-6.559397463999996,0 -37.21521577800001,-6.553036068999991,0 -37.21670321799999,-6.551006362000019,0 -37.21663647700001,-6.550316088999999,0 -37.21450839799999,-6.548481116000011,0 -37.21326260899999,-6.542899764999978,0 -37.21209677900001,-6.540335566000007,0 -37.21122749900001,-6.531842124000013,0 -37.21143692899999,-6.531248350000006,0 -37.21316065100001,-6.530393210999994,0 -37.21364470599999,-6.529704949000001,0 -37.213446758,-6.527429478999998,0 -37.21145312699999,-6.526525800999988,0 -37.210014191,-6.52442938100001,0 -37.205099051,-6.520633178999979,0 -37.19963675399998,-6.514745022000001,0 -37.19925726899998,-6.513171957000001,0 -37.19988393700001,-6.511036638000003,0 -37.20223368199999,-6.508562323999993,0 -37.202412369,-6.506642618999989,0 -37.20581177100001,-6.499731255999983,0 -37.20506732699999,-6.49617775999999,0 -37.20525608499999,-6.491411429000006,0 -37.20482217000001,-6.487049613000019,0 -37.202753379,-6.478761690999986,0 -37.20359259299999,-6.475071157999985,0 -37.20501133199999,-6.472584237000012,0 -37.20529572,-6.470443980999985,0 -37.206190851,-6.469895334999993,0 -37.205812659,-6.469529569000006,0 -37.199539436,-6.463462461999989,0 -37.1955743,-6.455031730999989,0 -37.194999477,-6.452938136999986,0 -37.19532655300001,-6.446756098000012,0 -37.19347410000001,-6.444888537000006,0 -37.19072614200002,-6.440939050999983,0 -37.18846885200001,-6.439006731000014,0 -37.190073948,-6.437519985000002,0 -37.191369305,-6.436579585000011,0 -37.19301031099999,-6.435821868000007,0 -37.194466101,-6.435486035999977,0 -37.19676817499998,-6.436630199000001,0 -37.19782591500001,-6.436671377000012,0 -37.198544392,-6.436447628000003,0 -37.20132654599999,-6.434493761999991,0 -37.20302239899999,-6.433584112000005,0 -37.20695440000001,-6.432343171000008,0 -37.20869341200001,-6.432324209999997,0 -37.21143741200001,-6.433346048000013,0 -37.21255079799999,-6.433506944999996,0 -37.21322699,-6.433356440999994,0 -37.22048816,-6.430322428999997,0 
						</coordinates>
					</LinearRing>
				</outerBoundaryIs>
			</Polygon>
		</Placemark>
		<Placemark>
			<styleUrl>#falseColor</styleUrl>
			<Style id="inline">
				<IconStyle>
					<color>ffffffff</color>
					<colorMode>normal</colorMode>
				</IconStyle>
				<LineStyle>
					<color>ffffffff</color>
					<colorMode>normal</colorMode>
				</LineStyle>
				<PolyStyle>
					<color>ffffffff</color>
					<colorMode>normal</colorMode>
				</PolyStyle>
			</Style>
			<ExtendedData>
				<SchemaData schemaUrl="#S_SeridoUnificado_SSSSSSSDDDDDSSSSSSSSSSSS">
					<SimpleData name="Name"></SimpleData>
					<SimpleData name="descriptio"></SimpleData>
					<SimpleData name="timestamp"></SimpleData>
					<SimpleData name="begin"></SimpleData>
					<SimpleData name="end"></SimpleData>
					<SimpleData name="altitudeMo"></SimpleData>
					<SimpleData name="tessellate">-1</SimpleData>
					<SimpleData name="extrude">0</SimpleData>
					<SimpleData name="visibility">-1</SimpleData>
					<SimpleData name="drawOrder">0</SimpleData>
					<SimpleData name="icon"></SimpleData>
					<SimpleData name="Area_Km2">608.466</SimpleData>
					<SimpleData name="Pop_estim">0</SimpleData>
					<SimpleData name="Dens_demog">0</SimpleData>
					<SimpleData name="Latitude">0</SimpleData>
					<SimpleData name="Longitude">0</SimpleData>
					<SimpleData name="Lat_GMS"></SimpleData>
					<SimpleData name="Long_GMS"></SimpleData>
					<SimpleData name="Nome"></SimpleData>
					<SimpleData name="Mesorreg"></SimpleData>
					<SimpleData name="Microrreg"></SimpleData>
					<SimpleData name="Gant_lico"></SimpleData>
					<SimpleData name="Geocod_Mun"></SimpleData>
					<SimpleData name="CD_MUN">2400109</SimpleData>
					<SimpleData name="NM_MUN">Acari</SimpleData>
					<SimpleData name="SIGLA_UF">RN</SimpleData>
					<SimpleData name="layer">seridounificadomunicipios</SimpleData>
					<SimpleData name="path">C:/Users/damas/OneDrive/2025_1/MARIANNA 2025/SERIDO PB_RN/seridounificadomunicipios.shp</SimpleData>
				</SchemaData>
			</ExtendedData>
			<Polygon>
				<outerBoundaryIs>
					<LinearRing>
						<coordinates>
							-36.62960352199999,-6.26927881399999,0 -36.63061248100002,-6.268513068000001,0 -36.63204604500001,-6.268632895000003,0 -36.63980874500001,-6.271303197000002,0 -36.64524843800001,-6.270451037999997,0 -36.64584395800001,-6.270593630000006,0 -36.65198867800001,-6.273410044000003,0 -36.65474374600001,-6.27221577399999,0 -36.65525575100001,-6.272394663000003,0 -36.655418046,-6.272620456,0 -36.65546576100002,-6.273847249000006,0 -36.65730525800002,-6.274154713000007,0 -36.657973602,-6.276087375999984,0 -36.658545089,-6.276696495000003,0 -36.65965341999998,-6.276517001999999,0 -36.66044258500001,-6.27713302099999,0 -36.66070342899999,-6.277942585000007,0 -36.662532871,-6.278518880000008,0 -36.670245487,-6.275365701000004,0 -36.67250201900001,-6.275269234999996,0 -36.67349301600001,-6.273595777999983,0 -36.67374256099998,-6.271470485999995,0 -36.675618294,-6.269968627999991,0 -36.67795744899999,-6.271323380999993,0 -36.68159415899998,-6.269805303999987,0 -36.68306657900001,-6.270404847000012,0 -36.684866341,-6.271801423999999,0 -36.68527835099999,-6.271916569000013,0 -36.68598143700001,-6.271821093000007,0 -36.68691918900001,-6.272588957999991,0 -36.68728557,-6.273673695999995,0 -36.68959857399999,-6.274575059999994,0 -36.69205221100001,-6.272590213999996,0 -36.69288442499999,-6.272606126999993,0 -36.69571843,-6.274193829000005,0 -36.69636847900001,-6.274993203999999,0 -36.69763129500001,-6.276546106000009,0 -36.69858815899999,-6.276858505999998,0 -36.699307509,-6.276763536999994,0 -36.69942273499998,-6.27656047900002,0 -36.70004618199999,-6.275461799000002,0 -36.70165584799999,-6.274045625000014,0 -36.70303055299999,-6.274275139999979,0 -36.70517209200001,-6.275779563000015,0 -36.70784035499999,-6.276897313000012,0 -36.70958975100002,-6.276956912999987,0 -36.71002397099999,-6.278094976999986,0 -36.710652527,-6.286891528000018,0 -36.712946241,-6.289370364000002,0 -36.71326189000001,-6.290032124,0 -36.71356763699999,-6.291011235000017,0 -36.713493597,-6.294353437999993,0 -36.71535040700002,-6.294685769000012,0 -36.715750458,-6.295258466999996,0 -36.71639491499999,-6.300996899999996,0 -36.738560014,-6.30180740000001,0 -36.74037388099998,-6.304914644000011,0 -36.743295308,-6.307521175000009,0 -36.744738933,-6.310532821999992,0 -36.74617922800002,-6.311015663000015,0 -36.748482131,-6.314497006999993,0 -36.75236872199999,-6.316722269,0 -36.75415361200002,-6.320543148000013,0 -36.753586017,-6.321144143,0 -36.739151214,-6.336423134,0 -36.739656293,-6.337439085999987,0 -36.74162171500002,-6.338722302000006,0 -36.74349722199999,-6.339145623,0 -36.74470164900001,-6.339597787000002,0 -36.74756963300002,-6.340932291999987,0 -36.74842865199999,-6.34156825499999,0 -36.74860083800001,-6.342983145999992,0 -36.74811912799998,-6.343951266999999,0 -36.74830986500002,-6.345457651999997,0 -36.748797045,-6.345992614999996,0 -36.749014969,-6.346626350999993,0 -36.74886464999999,-6.347845704000004,0 -36.748394727,-6.348838432999989,0 -36.74858526399998,-6.350323175999995,0 -36.75199674300001,-6.353055176000002,0 -36.75243004899999,-6.353894921999999,0 -36.741753004,-6.377623430999995,0 -36.74225835199999,-6.392937640000012,0 -36.74659286799999,-6.414244464999996,0 -36.746723801,-6.414888079000011,0 -36.75350705400002,-6.448253563999993,0 -36.76122859899999,-6.478546354999994,0 -36.774315626,-6.472962434000009,0 -36.768313447,-6.500525936999988,0 -36.76572482099998,-6.508787422000013,0 -36.76111075599999,-6.515670757999999,0 -36.75889630399998,-6.514664151000005,0 -36.75809363100002,-6.512947843000003,0 -36.75776565799998,-6.512833228000012,0 -36.75368746800002,-6.513272234000005,0 -36.75168111400001,-6.515967643000002,0 -36.75109262300001,-6.515621129000008,0 -36.75039369300001,-6.513039883999985,0 -36.74915732499999,-6.513417632000005,0 -36.74815859800001,-6.517247188999997,0 -36.74742343299999,-6.518214441999993,0 -36.74584316900002,-6.518389557999993,0 -36.74505970500002,-6.517748361999997,0 -36.74464800800001,-6.516825842000006,0 -36.74426491700001,-6.516632364000006,0 -36.74286923700001,-6.516729542000013,0 -36.74236530799999,-6.518143267999998,0 -36.74137210699998,-6.519347040999999,0 -36.74131458,-6.520081040999999,0 -36.74064786100001,-6.521672088000008,0 -36.73788352,-6.523126006000021,0 -36.736736219,-6.525029372999994,0 -36.73522721500001,-6.525081201000004,0 -36.73393027599999,-6.525507038999987,0 -36.73233424299999,-6.525307543999988,0 -36.730972898,-6.525610056999998,0 -36.72983389300001,-6.526200339999997,0 -36.72881127099998,-6.526081965999994,0 -36.72702796999999,-6.528060438000005,0 -36.724174791,-6.528107064000006,0 -36.72220409400001,-6.529345223000014,0 -36.71843389800001,-6.532965401000008,0 -36.712408364,-6.536886962000019,0 -36.711835778,-6.536884584000003,0 -36.71045240099999,-6.536504105999996,0 -36.70871798199999,-6.535587528000018,0 -36.70775485399999,-6.53647167400001,0 -36.70756084699999,-6.537045248999986,0 -36.70582667700001,-6.537399375999991,0 -36.70478987300002,-6.539341423999985,0 -36.70351580300002,-6.538199340000013,0 -36.69506180799998,-6.557892962999993,0 -36.67897618899999,-6.551338826999988,0 -36.679747983,-6.579349156000007,0 -36.675319874,-6.576974651999983,0 -36.66561130899999,-6.563569195000023,0 -36.65843136699998,-6.554602268999982,0 -36.651080195,-6.539125152999996,0 -36.648099492,-6.532872320000001,0 -36.64260568099999,-6.535029062999993,0 -36.636574057,-6.528055246000015,0 -36.63313806100001,-6.527495483000003,0 -36.63091650500002,-6.526339782000004,0 -36.62948434600001,-6.522621238999983,0 -36.62696740999998,-6.519592106000012,0 -36.62318327599999,-6.516709068999997,0 -36.623068354,-6.515562304999998,0 -36.62434177,-6.514270894000001,0 -36.62580001500002,-6.51126110699999,0 -36.61169042299999,-6.498644354000001,0 -36.59708773700001,-6.488328779000003,0 -36.59459118199998,-6.485460288999993,0 -36.59016551499999,-6.485470716000017,0 -36.587065645,-6.484161287000008,0 -36.58535496799998,-6.48204107199998,0 -36.58131941499999,-6.474318669999994,0 -36.57977719100001,-6.472908252000003,0 -36.57842738499999,-6.473041325000002,0 -36.57316621199999,-6.476500100999991,0 -36.567852195,-6.478073829000007,0 -36.56051748399999,-6.479590551000001,0 -36.55934576400001,-6.478244243999997,0 -36.55862253499998,-6.478180697999996,0 -36.55607482999999,-6.481307652999988,0 -36.553568146,-6.481947466999989,0 -36.551445561,-6.484077168000002,0 -36.55050377599999,-6.484028891000005,0 -36.549913973,-6.482982837000004,0 -36.54903843900001,-6.482903010999994,0 -36.546230515,-6.483644410000007,0 -36.54566545899999,-6.484145621999991,0 -36.54324974600001,-6.482754967999995,0 -36.54122850300002,-6.482969550000004,0 -36.53671323500001,-6.481170815000016,0 -36.52821095100001,-6.479284169999991,0 -36.52974872800002,-6.476734245999999,0 -36.53082481400001,-6.471831467999998,0 -36.52953025499999,-6.465665981999996,0 -36.53057298100001,-6.460533760000013,0 -36.530971554,-6.452071557000007,0 -36.52892712799999,-6.443338267999994,0 -36.525679742,-6.436776683000012,0 -36.52106166900001,-6.423899656000009,0 -36.518672299,-6.418079675999997,0 -36.510731905,-6.407478026999991,0 -36.50749187899999,-6.400116690000004,0 -36.504797526,-6.390108344000007,0 -36.504377516,-6.386450888000006,0 -36.50587801899999,-6.385984266000007,0 -36.50943365099999,-6.382793948000007,0 -36.51197704999999,-6.382141481999999,0 -36.51782839,-6.378212541999996,0 -36.52729110799999,-6.376320971000022,0 -36.538035337,-6.372611146000004,0 -36.54076994400001,-6.373085349000012,0 -36.542425001,-6.372902793000015,0 -36.54364341600001,-6.367056001000002,0 -36.54583844699999,-6.363805000000018,0 -36.54892631100001,-6.362910989999988,0 -36.55085678,-6.361855028999988,0 -36.55085697800002,-6.354017457999985,0 -36.55085771,-6.350793199999996,0 -36.55001697099998,-6.347762383000005,0 -36.54798402500001,-6.34437406699999,0 -36.54876608199998,-6.342606370999992,0 -36.553232168,-6.339877820999991,0 -36.55352662600001,-6.335945989999989,0 -36.55325683699999,-6.334727337999997,0 -36.55482419399999,-6.330802661999988,0 -36.55762003800001,-6.330235132000013,0 -36.55817434799999,-6.329739178000004,0 -36.55730820400001,-6.329028091000001,0 -36.557641708,-6.328614995000015,0 -36.559332207,-6.328264488000011,0 -36.559942298,-6.327436455000004,0 -36.56075011600002,-6.323764858000011,0 -36.561697888,-6.321694364000001,0 -36.561914696,-6.31779792500001,0 -36.56266024900001,-6.316029692999989,0 -36.563539077,-6.315456719999983,0 -36.56385051899999,-6.314266174999998,0 -36.56440391000002,-6.314240649000005,0 -36.56476572700002,-6.313660621999995,0 -36.564436312,-6.312855203000001,0 -36.56496631100001,-6.312275367000007,0 -36.566849147,-6.312008689000004,0 -36.567018775,-6.311206262999997,0 -36.56768383899998,-6.310878973999996,0 -36.56999255900001,-6.311478741,0 -36.57090837199999,-6.311012424000007,0 -36.57086063200001,-6.309747194000018,0 -36.57584911800001,-6.307813501999995,0 -36.584753083,-6.306375860999989,0 -36.58581336200002,-6.304468629000017,0 -36.58563757000002,-6.303374819999982,0 -36.58409721000001,-6.301177805000016,0 -36.58424022399999,-6.300542261000008,0 -36.584769417,-6.299878385999995,0 -36.589457984,-6.297270279999987,0 -36.59249051099999,-6.296988970999992,0 -36.595269355,-6.291609545000001,0 -36.59605876800001,-6.288233273999984,0 -36.60427224799999,-6.290489646000006,0 -36.60459288300001,-6.290368359000023,0 -36.613839896,-6.293074682999984,0 -36.61547044400002,-6.293305672999992,0 -36.61750710199999,-6.292319338999997,0 -36.61882622299998,-6.290818738000016,0 -36.61968008500001,-6.28814313500002,0 -36.62108354700002,-6.287082943000009,0 -36.62337513899998,-6.285990399000019,0 -36.625068769,-6.286438749000006,0 -36.62599388099999,-6.285880686999993,0 -36.62622193199999,-6.285531474999997,0 -36.62702752000002,-6.282333364999992,0 -36.62810143900001,-6.280383574000017,0 -36.628204945,-6.276823982,0 -36.62902504499999,-6.275208719999985,0 -36.62828196499998,-6.271468271000011,0 -36.62835505999999,-6.271127970999992,0 -36.62960352199999,-6.26927881399999,0 
						</coordinates>
					</LinearRing>
				</outerBoundaryIs>
			</Polygon>
		</Placemark>
		<Placemark>
			<styleUrl>#falseColor</styleUrl>
			<Style id="inline">
				<IconStyle>
					<color>ffffffff</color>
					<colorMode>normal</colorMode>
				</IconStyle>
				<LineStyle>
					<color>ffffffff</color>
					<colorMode>normal</colorMode>
				</LineStyle>
				<PolyStyle>
					<color>ffffffff</color>
					<colorMode>normal</colorMode>
				</PolyStyle>
			</Style>
			<ExtendedData>
				<SchemaData schemaUrl="#S_SeridoUnificado_SSSSSSSDDDDDSSSSSSSSSSSS">
					<SimpleData name="Name"></SimpleData>
					<SimpleData name="descriptio"></SimpleData>
					<SimpleData name="timestamp"></SimpleData>
					<SimpleData name="begin"></SimpleData>
					<SimpleData name="end"></SimpleData>
					<SimpleData name="altitudeMo"></SimpleData>
					<SimpleData name="tessellate">-1</SimpleData>
					<SimpleData name="extrude">0</SimpleData>
					<SimpleData name="visibility">-1</SimpleData>
					<SimpleData name="drawOrder">0</SimpleData>
					<SimpleData name="icon"></SimpleData>
					<SimpleData name="Area_Km2">246.308</SimpleData>
					<SimpleData name="Pop_estim">0</SimpleData>
					<SimpleData name="Dens_demog">0</SimpleData>
					<SimpleData name="Latitude">0</SimpleData>
					<SimpleData name="Longitude">0</SimpleData>
					<SimpleData name="Lat_GMS"></SimpleData>
					<SimpleData name="Long_GMS"></SimpleData>
					<SimpleData name="Nome"></SimpleData>
					<SimpleData name="Mesorreg"></SimpleData>
					<SimpleData name="Microrreg"></SimpleData>
					<SimpleData name="Gant_lico"></SimpleData>
					<SimpleData name="Geocod_Mun"></SimpleData>
					<SimpleData name="CD_MUN">2402402</SimpleData>
					<SimpleData name="NM_MUN">Carnaúba dos Dantas</SimpleData>
					<SimpleData name="SIGLA_UF">RN</SimpleData>
					<SimpleData name="layer">seridounificadomunicipios</SimpleData>
					<SimpleData name="path">C:/Users/damas/OneDrive/2025_1/MARIANNA 2025/SERIDO PB_RN/seridounificadomunicipios.shp</SimpleData>
				</SchemaData>
			</ExtendedData>
			<Polygon>
				<outerBoundaryIs>
					<LinearRing>
						<coordinates>
							-36.57316621199999,-6.476500100999991,0 -36.57842738499999,-6.473041325000002,0 -36.57977719100001,-6.472908252000003,0 -36.58131941499999,-6.474318669999994,0 -36.58535496799998,-6.48204107199998,0 -36.587065645,-6.484161287000008,0 -36.59016551499999,-6.485470716000017,0 -36.59459118199998,-6.485460288999993,0 -36.59708773700001,-6.488328779000003,0 -36.61169042299999,-6.498644354000001,0 -36.62580001500002,-6.51126110699999,0 -36.62434177,-6.514270894000001,0 -36.623068354,-6.515562304999998,0 -36.62318327599999,-6.516709068999997,0 -36.62696740999998,-6.519592106000012,0 -36.62948434600001,-6.522621238999983,0 -36.63091650500002,-6.526339782000004,0 -36.63313806100001,-6.527495483000003,0 -36.636574057,-6.528055246000015,0 -36.64260568099999,-6.535029062999993,0 -36.648099492,-6.532872320000001,0 -36.651080195,-6.539125152999996,0 -36.65843136699998,-6.554602268999982,0 -36.66561130899999,-6.563569195000023,0 -36.675319874,-6.576974651999983,0 -36.679747983,-6.579349156000007,0 -36.65156393000002,-6.585808191999998,0 -36.64744408699999,-6.585063891999985,0 -36.647226362,-6.585024557999988,0 -36.640393606,-6.589917637000006,0 -36.63930423700001,-6.591330820999987,0 -36.63797415499999,-6.592138903000002,0 -36.63640575099998,-6.592401677999982,0 -36.63114009500001,-6.590828942000009,0 -36.628724192,-6.592293914999998,0 -36.626706488,-6.592797808000004,0 -36.62402715799999,-6.592172973000004,0 -36.61667261700001,-6.587037705000009,0 -36.61213535299999,-6.58508786100001,0 -36.58750729900001,-6.584798662000003,0 -36.57549233000001,-6.597927491000015,0 -36.56983616899998,-6.597403675,0 -36.56964913499999,-6.598726973999978,0 -36.56826514999999,-6.598916853,0 -36.56731951300001,-6.599490260000003,0 -36.567302251,-6.59950072699999,0 -36.566542712,-6.599961290000007,0 -36.564891144,-6.599291029000005,0 -36.563693182,-6.598110886999981,0 -36.56230837999999,-6.597846597999997,0 -36.56122004899999,-6.598895768000014,0 -36.557210832,-6.600248547000014,0 -36.555354682,-6.604394509999986,0 -36.55210036599998,-6.605085609999994,0 -36.55112534099998,-6.607579476000003,0 -36.55002529500001,-6.608023524000012,0 -36.54594948100001,-6.607058311000007,0 -36.541403559,-6.607533856999986,0 -36.53728134299999,-6.607151740000003,0 -36.53499119200001,-6.607727063999985,0 -36.53245461899999,-6.607059926000001,0 -36.52834627499999,-6.607920161000013,0 -36.52704134899999,-6.608799172000001,0 -36.520742699,-6.610601553999991,0 -36.52123739799998,-6.606981964999985,0 -36.52301357900001,-6.602818600999991,0 -36.52447976100002,-6.601094853000014,0 -36.52454273300001,-6.599653262,0 -36.52191103799998,-6.597087619000009,0 -36.51876854599999,-6.595686824999993,0 -36.51381075199999,-6.594392999999997,0 -36.51165745399999,-6.594413371999983,0 -36.50795995199999,-6.595450822999991,0 -36.50566855,-6.597037787000001,0 -36.502023146,-6.601483935999992,0 -36.49844309700001,-6.602959126000007,0 -36.49377314399999,-6.60354945099999,0 -36.48929110699999,-6.607863398000013,0 -36.484995553,-6.610801365999997,0 -36.483134374,-6.611396756999999,0 -36.47713381099998,-6.612580831000008,0 -36.47348061499999,-6.614406689000001,0 -36.471709098,-6.616554377000003,0 -36.468763942,-6.624296202999997,0 -36.46640475100001,-6.62844964900001,0 -36.46294344699999,-6.632449035000006,0 -36.46051797500002,-6.634393625999991,0 -36.45914713499999,-6.634465731000001,0 -36.45828563500001,-6.633970608999982,0 -36.45399387200002,-6.626597094000006,0 -36.453164461,-6.626040848999986,0 -36.449348794,-6.624197626999995,0 -36.444281367,-6.626284537000005,0 -36.443017905,-6.627432247000002,0 -36.43822230000001,-6.629283495999998,0 -36.43627924200001,-6.628224517999987,0 -36.43585814099998,-6.625877964000018,0 -36.43923201500002,-6.612705919000006,0 -36.441147542,-6.600018620999995,0 -36.441445093,-6.595101986999985,0 -36.44107300400001,-6.591042856999982,0 -36.44070091899999,-6.586983772000004,0 -36.441227521,-6.573757774999985,0 -36.442232517,-6.564705874999987,0 -36.44339362599999,-6.560677399000023,0 -36.444390285,-6.558319602000003,0 -36.445974923,-6.556201883999981,0 -36.44917337800001,-6.553914160000003,0 -36.454500323,-6.551709972999982,0 -36.46225563199999,-6.550330016999992,0 -36.46270039199998,-6.550250916000002,0 -36.46919052999998,-6.549096153000001,0 -36.47154428999999,-6.548351578000005,0 -36.47562176299999,-6.544934011000008,0 -36.47811409900002,-6.541993494999994,0 -36.479267914,-6.539869500999993,0 -36.480745364,-6.535331832000004,0 -36.48123062299998,-6.5327757,0 -36.48095655200001,-6.523082751,0 -36.48152749600001,-6.520629737999995,0 -36.482630476,-6.519538004999992,0 -36.48859026899999,-6.516432780999999,0 -36.49654590299999,-6.515040677999984,0 -36.500433734,-6.51350754800001,0 -36.511231047,-6.506072851000009,0 -36.51647410099999,-6.502907330000003,0 -36.51927312399999,-6.502550246999994,0 -36.522689147,-6.502114707999988,0 -36.52584679699999,-6.501161337000023,0 -36.52730904999998,-6.493242901999984,0 -36.52717815400002,-6.491496391000002,0 -36.52665120500001,-6.484465476999977,0 -36.52821095100001,-6.479284169999991,0 -36.53671323500001,-6.481170815000016,0 -36.54122850300002,-6.482969550000004,0 -36.54324974600001,-6.482754967999995,0 -36.54566545899999,-6.484145621999991,0 -36.546230515,-6.483644410000007,0 -36.54903843900001,-6.482903010999994,0 -36.549913973,-6.482982837000004,0 -36.55050377599999,-6.484028891000005,0 -36.551445561,-6.484077168000002,0 -36.553568146,-6.481947466999989,0 -36.55607482999999,-6.481307652999988,0 -36.55862253499998,-6.478180697999996,0 -36.55934576400001,-6.478244243999997,0 -36.56051748399999,-6.479590551000001,0 -36.567852195,-6.478073829000007,0 -36.57316621199999,-6.476500100999991,0 
						</coordinates>
					</LinearRing>
				</outerBoundaryIs>
			</Polygon>
		</Placemark>
		<Placemark>
			<styleUrl>#falseColor</styleUrl>
			<Style id="inline">
				<IconStyle>
					<color>ffffffff</color>
					<colorMode>normal</colorMode>
				</IconStyle>
				<LineStyle>
					<color>ffffffff</color>
					<colorMode>normal</colorMode>
				</LineStyle>
				<PolyStyle>
					<color>ffffffff</color>
					<colorMode>normal</colorMode>
				</PolyStyle>
			</Style>
			<ExtendedData>
				<SchemaData schemaUrl="#S_SeridoUnificado_SSSSSSSDDDDDSSSSSSSSSSSS">
					<SimpleData name="Name"></SimpleData>
					<SimpleData name="descriptio"></SimpleData>
					<SimpleData name="timestamp"></SimpleData>
					<SimpleData name="begin"></SimpleData>
					<SimpleData name="end"></SimpleData>
					<SimpleData name="altitudeMo"></SimpleData>
					<SimpleData name="tessellate">-1</SimpleData>
					<SimpleData name="extrude">0</SimpleData>
					<SimpleData name="visibility">-1</SimpleData>
					<SimpleData name="drawOrder">0</SimpleData>
					<SimpleData name="icon"></SimpleData>
					<SimpleData name="Area_Km2">864.349</SimpleData>
					<SimpleData name="Pop_estim">0</SimpleData>
					<SimpleData name="Dens_demog">0</SimpleData>
					<SimpleData name="Latitude">0</SimpleData>
					<SimpleData name="Longitude">0</SimpleData>
					<SimpleData name="Lat_GMS"></SimpleData>
					<SimpleData name="Long_GMS"></SimpleData>
					<SimpleData name="Nome"></SimpleData>
					<SimpleData name="Mesorreg"></SimpleData>
					<SimpleData name="Microrreg"></SimpleData>
					<SimpleData name="Gant_lico"></SimpleData>
					<SimpleData name="Geocod_Mun"></SimpleData>
					<SimpleData name="CD_MUN">2403103</SimpleData>
					<SimpleData name="NM_MUN">Currais Novos</SimpleData>
					<SimpleData name="SIGLA_UF">RN</SimpleData>
					<SimpleData name="layer">seridounificadomunicipios</SimpleData>
					<SimpleData name="path">C:/Users/damas/OneDrive/2025_1/MARIANNA 2025/SERIDO PB_RN/seridounificadomunicipios.shp</SimpleData>
				</SchemaData>
			</ExtendedData>
			<Polygon>
				<outerBoundaryIs>
					<LinearRing>
						<coordinates>
							-36.30454670200002,-6.120738869000009,0 -36.32098404399999,-6.112460620000015,0 -36.328929655,-6.106469639000003,0 -36.335876351,-6.102076071999987,0 -36.343371488,-6.097949814999986,0 -36.34712339200001,-6.098293283000007,0 -36.35317904800002,-6.098847645999992,0 -36.41169979200001,-6.104200316999988,0 -36.410860084,-6.107477114999988,0 -36.407964693,-6.108718395999995,0 -36.40755407399998,-6.109933590000001,0 -36.40566064099999,-6.110838844000002,0 -36.40548285799999,-6.112359443999997,0 -36.40475178700002,-6.113104844000001,0 -36.402159765,-6.113281297000013,0 -36.399263208,-6.114715068999999,0 -36.39874833100001,-6.115508674999994,0 -36.39857378100002,-6.117494236999992,0 -36.398882039,-6.118243610000005,0 -36.39942104799999,-6.118664051,0 -36.401977188,-6.118801983999981,0 -36.40476801299999,-6.120369708,0 -36.40571427399999,-6.122516606999997,0 -36.407135947,-6.123138418999988,0 -36.40877155899999,-6.125589549000017,0 -36.41114184599999,-6.128367946000006,0 -36.41279137900001,-6.129335722000004,0 -36.41341399,-6.129555738000003,0 -36.42420842300001,-6.130931987000006,0 -36.42382514999999,-6.132805824000012,0 -36.42588786300002,-6.136233400999997,0 -36.42762258400001,-6.140778656999995,0 -36.42906728,-6.141789409000012,0 -36.43214343099998,-6.142137447000011,0 -36.43325825099998,-6.140953738000013,0 -36.43403078800001,-6.138770497000006,0 -36.43320816700001,-6.136684172000004,0 -36.427569451,-6.13290761600002,0 -36.42703319,-6.132030844000019,0 -36.42720305400002,-6.131363749999998,0 -36.43135804799999,-6.12960799999999,0 -36.42934588100002,-6.125830237999987,0 -36.427026914,-6.124689393999998,0 -36.428821672,-6.123281448999991,0 -36.429117849,-6.122325299000016,0 -36.42848483500001,-6.119838808999978,0 -36.42897728000001,-6.112677125000003,0 -36.43196623099999,-6.114108418000004,0 -36.43382050600002,-6.113587246000007,0 -36.434315887,-6.114714225999989,0 -36.43515094,-6.113966742999992,0 -36.43535144099999,-6.114831274000001,0 -36.43594108199999,-6.11428528799999,0 -36.435937798,-6.11505443300002,0 -36.436335364,-6.114414285999992,0 -36.43653920899998,-6.115206322999997,0 -36.444625266,-6.117015548999993,0 -36.44762803899999,-6.115779913000015,0 -36.447796291,-6.11531926899999,0 -36.44664100400001,-6.113440370000005,0 -36.44885207199999,-6.112199839000001,0 -36.45502428500001,-6.114125509999999,0 -36.455606956,-6.113920670999997,0 -36.45595544399999,-6.114901409999989,0 -36.45715857,-6.115949448000013,0 -36.45790667599999,-6.116120607000006,0 -36.45990292700001,-6.115301181000012,0 -36.46747352800001,-6.121771803000002,0 -36.46872617299999,-6.120943845999982,0 -36.47045289499999,-6.121098015000008,0 -36.47348351400001,-6.123416915999988,0 -36.47794380799999,-6.125530666000001,0 -36.478514149,-6.128327006999996,0 -36.482081453,-6.130760530000008,0 -36.48397687400001,-6.130791206999988,0 -36.49204333800001,-6.136602309000006,0 -36.494553449,-6.135075220999992,0 -36.49882937699999,-6.135174202999989,0 -36.50184798999999,-6.137501775000008,0 -36.503298658,-6.137426045999996,0 -36.50725909599999,-6.126738339000005,0 -36.50917346799999,-6.122917505999994,0 -36.509046531,-6.121958987000003,0 -36.50633857299999,-6.119797788000001,0 -36.505086973,-6.120084770000005,0 -36.50367390100001,-6.119661188000009,0 -36.50308361999998,-6.116885545999988,0 -36.500251109,-6.116956437999979,0 -36.49742566500002,-6.115900108000007,0 -36.49816565500002,-6.113590480999996,0 -36.49791722999998,-6.113046701999987,0 -36.49687640699999,-6.11370683999999,0 -36.49571693600001,-6.111785094999997,0 -36.495052934,-6.111450589000018,0 -36.49446979699999,-6.111697001000003,0 -36.49432084,-6.11225779700002,0 -36.49579571600001,-6.115933216000009,0 -36.49178957499999,-6.114936964999993,0 -36.49213195199999,-6.112894283999985,0 -36.49184778699998,-6.111475332999987,0 -36.490473592,-6.111510369000008,0 -36.489283028,-6.112484835,0 -36.488699264,-6.111941011999988,0 -36.48717780600001,-6.111865977000015,0 -36.489283546,-6.108127505999985,0 -36.490028199,-6.108590733000003,0 -36.49044237099999,-6.109718033999991,0 -36.49176900599999,-6.110265950000022,0 -36.492523614,-6.109353107000013,0 -36.49256145499999,-6.105578724999989,0 -36.49302053299999,-6.105122674999985,0 -36.49352048399999,-6.105416611000005,0 -36.49413452499999,-6.107297127000004,0 -36.49471631200001,-6.107549521000005,0 -36.495579265,-6.105613766000011,0 -36.49437870899999,-6.104107529000005,0 -36.49496673100001,-6.103444521999983,0 -36.498316929,-6.10483687800002,0 -36.50193923699999,-6.10312167999999,0 -36.50293792100001,-6.103043764999998,0 -36.503434629,-6.103921213999996,0 -36.50328409600002,-6.104773367,0 -36.502233536,-6.107022421000017,0 -36.503103484,-6.107982380000008,0 -36.503652018,-6.106068751000007,0 -36.50509086599999,-6.105721794999996,0 -36.505035754,-6.104829523999991,0 -36.50555343100001,-6.104512728999998,0 -36.50468562599999,-6.103677350000003,0 -36.50535429799998,-6.10284560700001,0 -36.50460848899998,-6.102173114000003,0 -36.50292388500001,-6.101895992000015,0 -36.50351029399999,-6.101064291999984,0 -36.502101875,-6.099474638000011,0 -36.50230270800001,-6.09879351199999,0 -36.50252938900002,-6.09855586500001,0 -36.50267078400001,-6.098408948000005,0 -36.50391679500001,-6.09850296199999,0 -36.50498800299999,-6.100716779000008,0 -36.505777975,-6.101095801999994,0 -36.50657311800001,-6.100725357999998,0 -36.50632768200001,-6.099306672000003,0 -36.51006245799999,-6.100930526000008,0 -36.51037553700002,-6.101596507000016,0 -36.50930650099999,-6.103238120000012,0 -36.50993057799999,-6.103658693999998,0 -36.510802608,-6.103746300999992,0 -36.51285139899999,-6.101754645999991,0 -36.51571183499999,-6.099871135999983,0 -36.516206117,-6.100335234999994,0 -36.51571730600001,-6.101547025999999,0 -36.51616043000002,-6.102081309000001,0 -36.51836166499998,-6.102262037999986,0 -36.51583861099999,-6.104354037999997,0 -36.51587141300001,-6.106103412000017,0 -36.51469486299998,-6.108391078000011,0 -36.51694099600002,-6.110310403000003,0 -36.51850164000001,-6.108889814999989,0 -36.52133676,-6.107901354999998,0 -36.522125416,-6.108238868999987,0 -36.52292762799999,-6.110306202999995,0 -36.52055634300001,-6.112208337000005,0 -36.52104199799999,-6.113172862999994,0 -36.52630509599999,-6.113803401000006,0 -36.52749656999999,-6.116851386,0 -36.52643710500001,-6.117447953999999,0 -36.52360892000002,-6.116228960999999,0 -36.52285833799999,-6.116266147999998,0 -36.522772725,-6.116852345999999,0 -36.52713241499999,-6.123729278999994,0 -36.52746072,-6.125773325000015,0 -36.528821295,-6.126954538000007,0 -36.530287781,-6.130395157000013,0 -36.53356720199999,-6.130531055999986,0 -36.535757899,-6.131190795000016,0 -36.537079065,-6.133573737,0 -36.53984280899999,-6.134531554000013,0 -36.53858510099999,-6.136561758999988,0 -36.53889168,-6.137877126000008,0 -36.539885363,-6.138919901999998,0 -36.54229715299999,-6.139725856999996,0 -36.54429005599999,-6.14102725999998,0 -36.54515689800002,-6.137931495000011,0 -36.54569769,-6.137843710999982,0 -36.54714559000001,-6.139978223000013,0 -36.54693266999998,-6.143062415999985,0 -36.54723320099999,-6.143749804000005,0 -36.54798107,-6.143794754999988,0 -36.548257734,-6.141504704999996,0 -36.55069885099999,-6.14122192299998,0 -36.551285661,-6.140517222000006,0 -36.55135482599999,-6.13899468500001,0 -36.549987165,-6.137781953000008,0 -36.54986489699999,-6.137196116999997,0 -36.550283084,-6.136613285000014,0 -36.55219821599999,-6.136622791000002,0 -36.55279170099999,-6.135152035999994,0 -36.552734401,-6.133059084000003,0 -36.55315944,-6.131353891000002,0 -36.55407639700001,-6.131315838999991,0 -36.556919518,-6.132684302000008,0 -36.55846123200001,-6.132669154000014,0 -36.56041073699998,-6.134242477999996,0 -36.56289369,-6.132897906000016,0 -36.56410700999999,-6.131486983999983,0 -36.567621599,-6.132482828000006,0 -36.570245046,-6.132286797999993,0 -36.57149137599998,-6.133291670000003,0 -36.572472908,-6.132026553000003,0 -36.575624065,-6.134914809999989,0 -36.57438581600002,-6.137016120999991,0 -36.57778199899999,-6.141034802000005,0 -36.578321663,-6.141412285999984,0 -36.58063443099999,-6.141317354000002,0 -36.58138309399998,-6.140987757000009,0 -36.58151837200001,-6.138487045999995,0 -36.58036506600001,-6.136188440999994,0 -36.579818679,-6.132446104000005,0 -36.58007484199999,-6.131570952999996,0 -36.5817422,-6.130744845000009,0 -36.58350925799999,-6.131316141000016,0 -36.58650721499998,-6.133679003999997,0 -36.58871076899998,-6.136739491000005,0 -36.58865745000001,-6.139574998000004,0 -36.59107089399998,-6.13979366399999,0 -36.59120034400001,-6.139573231999997,0 -36.59264581499999,-6.137111825999996,0 -36.592199089,-6.133982191999983,0 -36.59255139600001,-6.130149058999994,0 -36.594318972,-6.12775596700001,0 -36.59778976400001,-6.127141397,0 -36.59956991999999,-6.125127477000014,0 -36.60148714100001,-6.124883314999996,0 -36.602648254,-6.125681431999985,0 -36.60488448800001,-6.124003375999991,0 -36.60596641,-6.124465989999999,0 -36.608509369,-6.127899579999982,0 -36.61032847900001,-6.131597129000004,0 -36.62230717000001,-6.131764597999991,0 -36.62286974299999,-6.140851273000008,0 -36.62732082200001,-6.15147522500002,0 -36.62794349300001,-6.155341971999992,0 -36.62684052200002,-6.158368574999995,0 -36.62539484799998,-6.160398192000001,0 -36.618216352,-6.168291976999997,0 -36.616716526,-6.170771320999984,0 -36.61566149999998,-6.174646972000013,0 -36.61886641399999,-6.192368947999989,0 -36.61767805,-6.195412448000011,0 -36.61604502400002,-6.196895993999978,0 -36.61358734399999,-6.198088925,0 -36.607813646,-6.203642503999993,0 -36.60414816600002,-6.212102022999996,0 -36.60336543599998,-6.213084353,0 -36.599847926,-6.214625105000005,0 -36.599182358,-6.216071294999999,0 -36.600972796,-6.22624889400001,0 -36.605556083,-6.227357055999994,0 -36.60665868300001,-6.228301883999992,0 -36.60684657999999,-6.229718770999999,0 -36.60617809999999,-6.230767808999986,0 -36.60190067600001,-6.231169246999988,0 -36.599470797,-6.231956787999982,0 -36.59867865900001,-6.234409317999987,0 -36.59901949,-6.23850661800001,0 -36.598566744,-6.241584036000001,0 -36.597451331,-6.243462286000012,0 -36.59586847500001,-6.244649263000022,0 -36.59293318600001,-6.244636020000005,0 -36.59187913500001,-6.245294707999989,0 -36.59164595399999,-6.247734503,0 -36.5964238,-6.262256807999982,0 -36.60490146,-6.274669751999995,0 -36.60678572399999,-6.278321497000004,0 -36.60790421799999,-6.287066960000005,0 -36.60682179100002,-6.289418487000007,0 -36.60459288300001,-6.290368359000023,0 -36.60427224799999,-6.290489646000006,0 -36.59605876800001,-6.288233273999984,0 -36.595269355,-6.291609545000001,0 -36.59249051099999,-6.296988970999992,0 -36.589457984,-6.297270279999987,0 -36.584769417,-6.299878385999995,0 -36.58424022399999,-6.300542261000008,0 -36.58409721000001,-6.301177805000016,0 -36.58563757000002,-6.303374819999982,0 -36.58581336200002,-6.304468629000017,0 -36.584753083,-6.306375860999989,0 -36.57584911800001,-6.307813501999995,0 -36.57086063200001,-6.309747194000018,0 -36.57090837199999,-6.311012424000007,0 -36.56999255900001,-6.311478741,0 -36.56768383899998,-6.310878973999996,0 -36.567018775,-6.311206262999997,0 -36.566849147,-6.312008689000004,0 -36.56496631100001,-6.312275367000007,0 -36.564436312,-6.312855203000001,0 -36.56476572700002,-6.313660621999995,0 -36.56440391000002,-6.314240649000005,0 -36.56385051899999,-6.314266174999998,0 -36.563539077,-6.315456719999983,0 -36.56266024900001,-6.316029692999989,0 -36.561914696,-6.31779792500001,0 -36.561697888,-6.321694364000001,0 -36.56075011600002,-6.323764858000011,0 -36.559942298,-6.327436455000004,0 -36.559332207,-6.328264488000011,0 -36.557641708,-6.328614995000015,0 -36.55730820400001,-6.329028091000001,0 -36.55817434799999,-6.329739178000004,0 -36.55762003800001,-6.330235132000013,0 -36.55482419399999,-6.330802661999988,0 -36.55325683699999,-6.334727337999997,0 -36.55352662600001,-6.335945989999989,0 -36.553232168,-6.339877820999991,0 -36.54876608199998,-6.342606370999992,0 -36.54798402500001,-6.34437406699999,0 -36.55001697099998,-6.347762383000005,0 -36.55085771,-6.350793199999996,0 -36.55085697800002,-6.354017457999985,0 -36.55085678,-6.361855028999988,0 -36.54892631100001,-6.362910989999988,0 -36.54583844699999,-6.363805000000018,0 -36.54364341600001,-6.367056001000002,0 -36.542425001,-6.372902793000015,0 -36.54076994400001,-6.373085349000012,0 -36.538035337,-6.372611146000004,0 -36.52729110799999,-6.376320971000022,0 -36.51782839,-6.378212541999996,0 -36.51197704999999,-6.382141481999999,0 -36.50943365099999,-6.382793948000007,0 -36.50587801899999,-6.385984266000007,0 -36.504377516,-6.386450888000006,0 -36.503639988,-6.380029109000001,0 -36.500221055,-6.370389886999989,0 -36.50019906200001,-6.369669888999989,0 -36.499848628,-6.358164928000003,0 -36.48706230300002,-6.359798504999993,0 -36.46356287099999,-6.361119115000009,0 -36.46356147,-6.361120035000005,0 -36.44878574399999,-6.361950922999988,0 -36.444782304,-6.362175056000008,0 -36.43260345800002,-6.363098081,0 -36.43030604699999,-6.36225501800001,0 -36.428484248,-6.359658945999998,0 -36.41541690899999,-6.333059257999989,0 -36.39456140800002,-6.293974775999997,0 -36.36260481200001,-6.309978801999996,0 -36.35757674399999,-6.309987261999996,0 -36.35427211,-6.308522122999993,0 -36.343992639,-6.302538599999998,0 -36.34398789099998,-6.302534701999996,0 -36.34346430599999,-6.302230501999986,0 -36.329492168,-6.294097190999994,0 -36.313640001,-6.283356092000001,0 -36.307591268,-6.281497949999995,0 -36.30488053100002,-6.282194752000015,0 -36.303523881,-6.283033732999987,0 -36.29740186000002,-6.289161304000011,0 -36.29497962599998,-6.292106846000001,0 -36.29539658300001,-6.285835770000014,0 -36.29341908499998,-6.285419429999999,0 -36.29377244,-6.283481375000015,0 -36.29188399700002,-6.28258596800001,0 -36.29154529600002,-6.280967606999999,0 -36.29207709899999,-6.278707972999986,0 -36.29109480099999,-6.277004921000023,0 -36.289035093,-6.275782745999998,0 -36.28396013499999,-6.274707661999994,0 -36.28181641,-6.273483679,0 -36.281530002,-6.27049297100001,0 -36.279147535,-6.264907530999999,0 -36.278645592,-6.262156946000013,0 -36.274745651,-6.259147463999987,0 -36.27156599400001,-6.257837612000003,0 -36.269079235,-6.256129523000002,0 -36.26862703899999,-6.255461872999996,0 -36.265619365,-6.251021150999996,0 -36.26098294600001,-6.248493499000009,0 -36.25867280700002,-6.245813685000003,0 -36.25825453800002,-6.243226749999988,0 -36.25978197000001,-6.239597873000013,0 -36.26203305799999,-6.237025052000007,0 -36.26497068999998,-6.232475536000017,0 -36.266001939,-6.230878437999987,0 -36.26702326399999,-6.229296258000012,0 -36.26711935899998,-6.227278479999987,0 -36.266278049,-6.223635551000008,0 -36.26423051300001,-6.220151767999988,0 -36.26317041499999,-6.217237703000005,0 -36.25894930600001,-6.200977803999999,0 -36.25766771499999,-6.198790882000007,0 -36.256848897,-6.158015174000012,0 -36.29570030400001,-6.122166195,0 -36.30454670200002,-6.120738869000009,0 
						</coordinates>
					</LinearRing>
				</outerBoundaryIs>
			</Polygon>
		</Placemark>
		<Placemark>
			<styleUrl>#falseColor</styleUrl>
			<Style id="inline">
				<IconStyle>
					<color>ffffffff</color>
					<colorMode>normal</colorMode>
				</IconStyle>
				<LineStyle>
					<color>ffffffff</color>
					<colorMode>normal</colorMode>
				</LineStyle>
				<PolyStyle>
					<color>ffffffff</color>
					<colorMode>normal</colorMode>
				</PolyStyle>
			</Style>
			<ExtendedData>
				<SchemaData schemaUrl="#S_SeridoUnificado_SSSSSSSDDDDDSSSSSSSSSSSS">
					<SimpleData name="Name"></SimpleData>
					<SimpleData name="descriptio"></SimpleData>
					<SimpleData name="timestamp"></SimpleData>
					<SimpleData name="begin"></SimpleData>
					<SimpleData name="end"></SimpleData>
					<SimpleData name="altitudeMo"></SimpleData>
					<SimpleData name="tessellate">-1</SimpleData>
					<SimpleData name="extrude">0</SimpleData>
					<SimpleData name="visibility">-1</SimpleData>
					<SimpleData name="drawOrder">0</SimpleData>
					<SimpleData name="icon"></SimpleData>
					<SimpleData name="Area_Km2">264.985</SimpleData>
					<SimpleData name="Pop_estim">0</SimpleData>
					<SimpleData name="Dens_demog">0</SimpleData>
					<SimpleData name="Latitude">0</SimpleData>
					<SimpleData name="Longitude">0</SimpleData>
					<SimpleData name="Lat_GMS"></SimpleData>
					<SimpleData name="Long_GMS"></SimpleData>
					<SimpleData name="Nome"></SimpleData>
					<SimpleData name="Mesorreg"></SimpleData>
					<SimpleData name="Microrreg"></SimpleData>
					<SimpleData name="Gant_lico"></SimpleData>
					<SimpleData name="Geocod_Mun"></SimpleData>
					<SimpleData name="CD_MUN">2403400</SimpleData>
					<SimpleData name="NM_MUN">Equador</SimpleData>
					<SimpleData name="SIGLA_UF">RN</SimpleData>
					<SimpleData name="layer">seridounificadomunicipios</SimpleData>
					<SimpleData name="path">C:/Users/damas/OneDrive/2025_1/MARIANNA 2025/SERIDO PB_RN/seridounificadomunicipios.shp</SimpleData>
				</SchemaData>
			</ExtendedData>
			<Polygon>
				<outerBoundaryIs>
					<LinearRing>
						<coordinates>
							-36.608617164,-6.802437875999995,0 -36.61147878000001,-6.799770854000009,0 -36.61700040700001,-6.800461551000003,0 -36.621285895,-6.804269011999986,0 -36.62545292800002,-6.805435010999979,0 -36.634278937,-6.817669910999989,0 -36.63605193699998,-6.818046774999996,0 -36.63681000100001,-6.818207854999994,0 -36.641331874,-6.816398959000005,0 -36.64325389600001,-6.816101579,0 -36.64569926799999,-6.816289504000002,0 -36.65014076500001,-6.817844192,0 -36.65171699500002,-6.817399883999988,0 -36.65422355600001,-6.818330723000008,0 -36.65575231,-6.819387205999991,0 -36.65666656600001,-6.820561047999993,0 -36.657364984,-6.822965965000016,0 -36.657088692,-6.824557578999992,0 -36.65872186799998,-6.826630316000008,0 -36.66021991499999,-6.826732921000005,0 -36.67027783500001,-6.824819859999991,0 -36.67088745099999,-6.82444354000001,0 -36.671357019,-6.822383857000014,0 -36.67219748299999,-6.818697294000002,0 -36.67345362899999,-6.817337398000014,0 -36.674473216,-6.817599175999991,0 -36.676199209,-6.817241239999992,0 -36.67986182800001,-6.819272934999989,0 -36.68146879700002,-6.822130824999981,0 -36.68938548799999,-6.828264549999994,0 -36.69270073600001,-6.83314889700001,0 -36.69500166300001,-6.833548278000001,0 -36.697253859,-6.833381582999998,0 -36.700928393,-6.831940160999999,0 -36.702446396,-6.830575221000013,0 -36.705139465,-6.824070408999992,0 -36.709198523,-6.819567831999988,0 -36.710919109,-6.816095636999988,0 -36.71306823700002,-6.816167532000001,0 -36.726020817,-6.816602452000016,0 -36.73019801099999,-6.836396083000018,0 -36.739598022,-6.863367987999989,0 -36.74283265500001,-6.874098997000006,0 -36.744988923,-6.879513975000002,0 -36.75022003300001,-6.889495412999991,0 -36.75165143200002,-6.891587503000009,0 -36.75518708300002,-6.895038225000012,0 -36.75606447500001,-6.896324991000005,0 -36.75740803899998,-6.899364052000019,0 -36.759998174,-6.914539874999996,0 -36.76210144499998,-6.926872792000003,0 -36.765268496,-6.93116444,0 -36.76649904800002,-6.934345433999987,0 -36.766543916,-6.935867629999994,0 -36.76497125700001,-6.940261418999989,0 -36.75734459500001,-6.951784938000012,0 -36.75676325800001,-6.952989972000017,0 -36.754551934,-6.956002504999994,0 -36.74411259900001,-6.967773676000004,0 -36.73737553500002,-6.972808633999992,0 -36.731072426,-6.976187266000005,0 -36.72436614700002,-6.980382773000001,0 -36.718553882,-6.982734811999984,0 -36.71587093099998,-6.982558469999982,0 -36.71399684199999,-6.981491922000005,0 -36.71243877399999,-6.980019179000012,0 -36.70927152000002,-6.974688590000005,0 -36.699702169,-6.948341010999992,0 -36.694671175,-6.934490266999999,0 -36.691956342,-6.929991164000004,0 -36.69109621699999,-6.928856619999997,0 -36.689261546,-6.926957524999999,0 -36.68721813600002,-6.92596269,0 -36.67327087000002,-6.925774265999998,0 -36.67097194400001,-6.925999721000007,0 -36.66081073499999,-6.926996226000004,0 -36.65487918299998,-6.928238814999979,0 -36.65376004399999,-6.928473126999981,0 -36.648330659,-6.929609986000001,0 -36.641952436,-6.931745861000005,0 -36.63744633799999,-6.933806951999997,0 -36.623376344,-6.934235685999999,0 -36.61653090699999,-6.934015924000001,0 -36.614489607,-6.936299835000003,0 -36.61146463500001,-6.937656223000001,0 -36.60979416200001,-6.936837083999992,0 -36.60494487400001,-6.932319115999994,0 -36.60360811999998,-6.930456951999995,0 -36.59840878,-6.920390266000007,0 -36.597322177,-6.91652876099999,0 -36.59298467400001,-6.911233355000014,0 -36.591554229,-6.91041246,0 -36.58991855599999,-6.90869497,0 -36.579152263,-6.891648876999992,0 -36.57671235999999,-6.889839552000008,0 -36.57434133800002,-6.885537620999999,0 -36.57311976700001,-6.878980653999999,0 -36.56877075,-6.875884375999988,0 -36.56793973800001,-6.874796559999989,0 -36.569246567,-6.872906809000005,0 -36.566995305,-6.870702056999997,0 -36.56636339300002,-6.868434290999992,0 -36.56679378500002,-6.866591905000011,0 -36.57263406499999,-6.861189862000005,0 -36.57396397100001,-6.859403727000002,0 -36.57407943099999,-6.857457750000002,0 -36.57159536500001,-6.85103371499999,0 -36.56979517600001,-6.848008298000005,0 -36.56627357799999,-6.844351439000014,0 -36.560156202,-6.84077342200001,0 -36.561179315,-6.840141050999986,0 -36.56206968999999,-6.838070660000004,0 -36.56794292000001,-6.835464265000017,0 -36.56930249900001,-6.829043016000016,0 -36.572435734,-6.825716886999991,0 -36.57243965800001,-6.824786169000001,0 -36.57002099499999,-6.822910111999992,0 -36.56942076299998,-6.821551077000015,0 -36.56946755000002,-6.820295714999983,0 -36.57305661200002,-6.81503004999999,0 -36.573972965,-6.809890912999997,0 -36.574951182,-6.808440107,0 -36.57488208800002,-6.80623255699998,0 -36.58527991599998,-6.806406839999992,0 -36.585692069,-6.806413748000004,0 -36.58686362700001,-6.806433330000006,0 -36.588406397,-6.805549478999997,0 -36.60129557499999,-6.805709322000013,0 -36.607740637,-6.802829527999988,0 -36.608617164,-6.802437875999995,0 
						</coordinates>
					</LinearRing>
				</outerBoundaryIs>
			</Polygon>
		</Placemark>
		<Placemark>
			<styleUrl>#falseColor</styleUrl>
			<Style id="inline">
				<IconStyle>
					<color>ffffffff</color>
					<colorMode>normal</colorMode>
				</IconStyle>
				<LineStyle>
					<color>ffffffff</color>
					<colorMode>normal</colorMode>
				</LineStyle>
				<PolyStyle>
					<color>ffffffff</color>
					<colorMode>normal</colorMode>
				</PolyStyle>
			</Style>
			<ExtendedData>
				<SchemaData schemaUrl="#S_SeridoUnificado_SSSSSSSDDDDDSSSSSSSSSSSS">
					<SimpleData name="Name"></SimpleData>
					<SimpleData name="descriptio"></SimpleData>
					<SimpleData name="timestamp"></SimpleData>
					<SimpleData name="begin"></SimpleData>
					<SimpleData name="end"></SimpleData>
					<SimpleData name="altitudeMo"></SimpleData>
					<SimpleData name="tessellate">-1</SimpleData>
					<SimpleData name="extrude">0</SimpleData>
					<SimpleData name="visibility">-1</SimpleData>
					<SimpleData name="drawOrder">0</SimpleData>
					<SimpleData name="icon"></SimpleData>
					<SimpleData name="Area_Km2">513.507</SimpleData>
					<SimpleData name="Pop_estim">0</SimpleData>
					<SimpleData name="Dens_demog">0</SimpleData>
					<SimpleData name="Latitude">0</SimpleData>
					<SimpleData name="Longitude">0</SimpleData>
					<SimpleData name="Lat_GMS"></SimpleData>
					<SimpleData name="Long_GMS"></SimpleData>
					<SimpleData name="Nome"></SimpleData>
					<SimpleData name="Mesorreg"></SimpleData>
					<SimpleData name="Microrreg"></SimpleData>
					<SimpleData name="Gant_lico"></SimpleData>
					<SimpleData name="Geocod_Mun"></SimpleData>
					<SimpleData name="CD_MUN">2408904</SimpleData>
					<SimpleData name="NM_MUN">Parelhas</SimpleData>
					<SimpleData name="SIGLA_UF">RN</SimpleData>
					<SimpleData name="layer">seridounificadomunicipios</SimpleData>
					<SimpleData name="path">C:/Users/damas/OneDrive/2025_1/MARIANNA 2025/SERIDO PB_RN/seridounificadomunicipios.shp</SimpleData>
				</SchemaData>
			</ExtendedData>
			<Polygon>
				<outerBoundaryIs>
					<LinearRing>
						<coordinates>
							-36.66909619699999,-6.610305643000007,0 -36.690686699,-6.617341401999994,0 -36.694592943,-6.618614078,0 -36.69777123400002,-6.619649581999987,0 -36.722267815,-6.646712986000014,0 -36.72231203999998,-6.647143849000012,0 -36.72269652,-6.650919026000002,0 -36.72782970700001,-6.658646607000016,0 -36.73421033599998,-6.66111011099999,0 -36.73053876899999,-6.663326497000021,0 -36.72801380699999,-6.664460923,0 -36.72561055200001,-6.664679129000008,0 -36.72385605400002,-6.665777829000008,0 -36.718777421,-6.665629345000013,0 -36.71638719000001,-6.666414072999993,0 -36.71345846799999,-6.66922975299999,0 -36.71003193900001,-6.674474105999996,0 -36.70860314200002,-6.677473228999984,0 -36.70664876199999,-6.679939595999995,0 -36.70966493399998,-6.686717705000007,0 -36.71153803199999,-6.692694030000006,0 -36.70914705799998,-6.693566656000005,0 -36.70808302399999,-6.694358402999987,0 -36.70763648299999,-6.695416775000007,0 -36.71146499100002,-6.698751227000002,0 -36.712169986,-6.699549744000004,0 -36.71225015300001,-6.701006768999996,0 -36.71376282599999,-6.702267944000009,0 -36.717568196,-6.703646205999998,0 -36.71633164200001,-6.706296833000007,0 -36.71523516999999,-6.707606010999996,0 -36.71060121299999,-6.709130872999984,0 -36.707742812,-6.709139189999993,0 -36.70702082899999,-6.708136647999996,0 -36.70698261500001,-6.707046372000014,0 -36.70612300900001,-6.706269461000001,0 -36.70431045999999,-6.705989322000003,0 -36.70299336400001,-6.706345684999993,0 -36.70162022099998,-6.705953114000005,0 -36.70218126399998,-6.708345591999998,0 -36.70499974500002,-6.714984942999999,0 -36.707669171,-6.718131712999993,0 -36.71040601800001,-6.731139501000003,0 -36.71121253199999,-6.734972732999999,0 -36.711271109,-6.735252597999994,0 -36.70906899199999,-6.738750634000015,0 -36.70611006999999,-6.74125859000001,0 -36.70505379299999,-6.743489055000007,0 -36.70504966800001,-6.744345044000008,0 -36.70854899499999,-6.747832026999994,0 -36.71208824799999,-6.753172161000012,0 -36.71456426200002,-6.762210963000004,0 -36.72350781699998,-6.781650264000005,0 -36.727820702,-6.78513554500001,0 -36.73126114199999,-6.792140017000006,0 -36.73149746799998,-6.802476816,0 -36.72975691100001,-6.808642274,0 -36.72725830000001,-6.813534121999998,0 -36.72577349900001,-6.815429539000011,0 -36.726020817,-6.816602452000016,0 -36.71306823700002,-6.816167532000001,0 -36.710919109,-6.816095636999988,0 -36.709198523,-6.819567831999988,0 -36.705139465,-6.824070408999992,0 -36.702446396,-6.830575221000013,0 -36.700928393,-6.831940160999999,0 -36.697253859,-6.833381582999998,0 -36.69500166300001,-6.833548278000001,0 -36.69270073600001,-6.83314889700001,0 -36.68938548799999,-6.828264549999994,0 -36.68146879700002,-6.822130824999981,0 -36.67986182800001,-6.819272934999989,0 -36.676199209,-6.817241239999992,0 -36.674473216,-6.817599175999991,0 -36.67345362899999,-6.817337398000014,0 -36.67219748299999,-6.818697294000002,0 -36.671357019,-6.822383857000014,0 -36.67088745099999,-6.82444354000001,0 -36.67027783500001,-6.824819859999991,0 -36.66021991499999,-6.826732921000005,0 -36.65872186799998,-6.826630316000008,0 -36.657088692,-6.824557578999992,0 -36.657364984,-6.822965965000016,0 -36.65666656600001,-6.820561047999993,0 -36.65575231,-6.819387205999991,0 -36.65422355600001,-6.818330723000008,0 -36.65171699500002,-6.817399883999988,0 -36.65014076500001,-6.817844192,0 -36.64569926799999,-6.816289504000002,0 -36.64325389600001,-6.816101579,0 -36.641331874,-6.816398959000005,0 -36.63681000100001,-6.818207854999994,0 -36.63605193699998,-6.818046774999996,0 -36.634278937,-6.817669910999989,0 -36.62545292800002,-6.805435010999979,0 -36.621285895,-6.804269011999986,0 -36.61700040700001,-6.800461551000003,0 -36.61147878000001,-6.799770854000009,0 -36.608617164,-6.802437875999995,0 -36.607740637,-6.802829527999988,0 -36.60129557499999,-6.805709322000013,0 -36.588406397,-6.805549478999997,0 -36.58686362700001,-6.806433330000006,0 -36.585692069,-6.806413748000004,0 -36.58527991599998,-6.806406839999992,0 -36.57488208800002,-6.80623255699998,0 -36.574951182,-6.808440107,0 -36.573972965,-6.809890912999997,0 -36.57305661200002,-6.81503004999999,0 -36.56946755000002,-6.820295714999983,0 -36.56942076299998,-6.821551077000015,0 -36.57002099499999,-6.822910111999992,0 -36.57243965800001,-6.824786169000001,0 -36.572435734,-6.825716886999991,0 -36.56930249900001,-6.829043016000016,0 -36.56794292000001,-6.835464265000017,0 -36.56206968999999,-6.838070660000004,0 -36.561179315,-6.840141050999986,0 -36.560156202,-6.84077342200001,0 -36.557544866,-6.842390383000005,0 -36.55435569600002,-6.842132889999983,0 -36.551464579,-6.843450839000019,0 -36.550205146,-6.843551179000007,0 -36.54710326000001,-6.840535437000003,0 -36.545146093,-6.843071191000001,0 -36.544346384,-6.842958676000004,0 -36.543667914,-6.842098692999992,0 -36.54099096699999,-6.840718734000002,0 -36.53862507600002,-6.836386220000001,0 -36.536959531,-6.83416694300001,0 -36.533402976,-6.830430790000013,0 -36.53131038399999,-6.827078456999997,0 -36.52916612799998,-6.825398019999986,0 -36.515915509,-6.821767482000014,0 -36.511979131,-6.819571047999995,0 -36.50996219199998,-6.817948803000002,0 -36.506937806,-6.813005376999994,0 -36.505491707,-6.808824105999998,0 -36.504960178,-6.803226829000007,0 -36.503073086,-6.79336341300001,0 -36.50267475699999,-6.787264959999979,0 -36.502810969,-6.784041491000014,0 -36.50287227699999,-6.782590639000015,0 -36.50130479000001,-6.777569271999992,0 -36.50156503799999,-6.77424534900001,0 -36.502565837,-6.77145149200002,0 -36.50326230600001,-6.766542272000004,0 -36.50203206200002,-6.761837906999992,0 -36.50209400500001,-6.759801739000004,0 -36.50256077,-6.75762467800001,0 -36.50475324500001,-6.753939492999992,0 -36.51311016,-6.750476724000012,0 -36.520565629,-6.74568154600002,0 -36.52393601599999,-6.738313233999995,0 -36.525214071,-6.736718013000001,0 -36.527765803,-6.734944903000015,0 -36.53351809000001,-6.733486086999996,0 -36.539328418,-6.732907016000005,0 -36.54227785299999,-6.732373741999986,0 -36.54420445500001,-6.731203504000003,0 -36.54921968899998,-6.722049371000001,0 -36.55165647699999,-6.719380900000013,0 -36.554819135,-6.717034138000006,0 -36.55794224600001,-6.712599646999982,0 -36.55888038099999,-6.709107491999989,0 -36.55869294799999,-6.707651883999994,0 -36.55734450799999,-6.706100842999998,0 -36.553779459,-6.703014023000009,0 -36.54944852700001,-6.698060191,0 -36.54741522,-6.695149727999993,0 -36.54685666599999,-6.693492963000002,0 -36.54526775199999,-6.688780831999988,0 -36.545135221,-6.685984278999994,0 -36.543281474,-6.678703488999977,0 -36.54309537899999,-6.674464464999998,0 -36.542978166,-6.671794479000006,0 -36.54174614800002,-6.666063274000004,0 -36.533965606,-6.642095146999987,0 -36.53130569,-6.634885809000006,0 -36.52697463600001,-6.627192328000016,0 -36.52300711200001,-6.619001131000011,0 -36.521014589,-6.613159708000003,0 -36.520742699,-6.610601553999991,0 -36.52704134899999,-6.608799172000001,0 -36.52834627499999,-6.607920161000013,0 -36.53245461899999,-6.607059926000001,0 -36.53499119200001,-6.607727063999985,0 -36.53728134299999,-6.607151740000003,0 -36.541403559,-6.607533856999986,0 -36.54594948100001,-6.607058311000007,0 -36.55002529500001,-6.608023524000012,0 -36.55112534099998,-6.607579476000003,0 -36.55210036599998,-6.605085609999994,0 -36.555354682,-6.604394509999986,0 -36.557210832,-6.600248547000014,0 -36.56122004899999,-6.598895768000014,0 -36.56230837999999,-6.597846597999997,0 -36.563693182,-6.598110886999981,0 -36.564891144,-6.599291029000005,0 -36.566542712,-6.599961290000007,0 -36.567302251,-6.59950072699999,0 -36.56731951300001,-6.599490260000003,0 -36.56826514999999,-6.598916853,0 -36.56964913499999,-6.598726973999978,0 -36.56983616899998,-6.597403675,0 -36.57549233000001,-6.597927491000015,0 -36.58750729900001,-6.584798662000003,0 -36.61213535299999,-6.58508786100001,0 -36.61667261700001,-6.587037705000009,0 -36.62402715799999,-6.592172973000004,0 -36.626706488,-6.592797808000004,0 -36.628724192,-6.592293914999998,0 -36.63114009500001,-6.590828942000009,0 -36.63640575099998,-6.592401677999982,0 -36.63797415499999,-6.592138903000002,0 -36.63930423700001,-6.591330820999987,0 -36.640393606,-6.589917637000006,0 -36.647226362,-6.585024557999988,0 -36.64744408699999,-6.585063891999985,0 -36.65156393000002,-6.585808191999998,0 -36.679747983,-6.579349156000007,0 -36.66909619699999,-6.610305643000007,0 
						</coordinates>
					</LinearRing>
				</outerBoundaryIs>
			</Polygon>
		</Placemark>
		<Placemark>
			<styleUrl>#falseColor</styleUrl>
			<Style id="inline">
				<IconStyle>
					<color>ffffffff</color>
					<colorMode>normal</colorMode>
				</IconStyle>
				<LineStyle>
					<color>ffffffff</color>
					<colorMode>normal</colorMode>
				</LineStyle>
				<PolyStyle>
					<color>ffffffff</color>
					<colorMode>normal</colorMode>
				</PolyStyle>
			</Style>
			<ExtendedData>
				<SchemaData schemaUrl="#S_SeridoUnificado_SSSSSSSDDDDDSSSSSSSSSSSS">
					<SimpleData name="Name"></SimpleData>
					<SimpleData name="descriptio"></SimpleData>
					<SimpleData name="timestamp"></SimpleData>
					<SimpleData name="begin"></SimpleData>
					<SimpleData name="end"></SimpleData>
					<SimpleData name="altitudeMo"></SimpleData>
					<SimpleData name="tessellate">-1</SimpleData>
					<SimpleData name="extrude">0</SimpleData>
					<SimpleData name="visibility">-1</SimpleData>
					<SimpleData name="drawOrder">0</SimpleData>
					<SimpleData name="icon"></SimpleData>
					<SimpleData name="Area_Km2">188.403</SimpleData>
					<SimpleData name="Pop_estim">0</SimpleData>
					<SimpleData name="Dens_demog">0</SimpleData>
					<SimpleData name="Latitude">0</SimpleData>
					<SimpleData name="Longitude">0</SimpleData>
					<SimpleData name="Lat_GMS"></SimpleData>
					<SimpleData name="Long_GMS"></SimpleData>
					<SimpleData name="Nome"></SimpleData>
					<SimpleData name="Mesorreg"></SimpleData>
					<SimpleData name="Microrreg"></SimpleData>
					<SimpleData name="Gant_lico"></SimpleData>
					<SimpleData name="Geocod_Mun"></SimpleData>
					<SimpleData name="CD_MUN">2411429</SimpleData>
					<SimpleData name="NM_MUN">Santana do Seridó</SimpleData>
					<SimpleData name="SIGLA_UF">RN</SimpleData>
					<SimpleData name="layer">seridounificadomunicipios</SimpleData>
					<SimpleData name="path">C:/Users/damas/OneDrive/2025_1/MARIANNA 2025/SERIDO PB_RN/seridounificadomunicipios.shp</SimpleData>
				</SchemaData>
			</ExtendedData>
			<Polygon>
				<outerBoundaryIs>
					<LinearRing>
						<coordinates>
							-36.72801380699999,-6.664460923,0 -36.73053876899999,-6.663326497000021,0 -36.73421033599998,-6.66111011099999,0 -36.72782970700001,-6.658646607000016,0 -36.72269652,-6.650919026000002,0 -36.72231203999998,-6.647143849000012,0 -36.722267815,-6.646712986000014,0 -36.74442708399999,-6.652079577000003,0 -36.744805659,-6.652372734999998,0 -36.747200319,-6.654228459000004,0 -36.74901283000001,-6.656293347000011,0 -36.749459147,-6.657244201999988,0 -36.74897481900002,-6.657777814000014,0 -36.74910876399999,-6.659060232999988,0 -36.74958049299999,-6.659329680999999,0 -36.75229403399999,-6.660068859999988,0 -36.753951761,-6.662410926999986,0 -36.76242941300001,-6.666354278999982,0 -36.763606062,-6.667303650999996,0 -36.76481288799999,-6.669199587999993,0 -36.78622314699999,-6.668015196999997,0 -36.78617774800001,-6.670460929999999,0 -36.78795113300001,-6.672206243000003,0 -36.792169554,-6.674081779999989,0 -36.79406361100001,-6.674258513000004,0 -36.81339522400001,-6.681488164000006,0 -36.81406773999998,-6.682315240000014,0 -36.81609442500002,-6.682126592000013,0 -36.81645393799999,-6.681113130999991,0 -36.81668819600001,-6.679581014000002,0 -36.81693249400002,-6.681873106000003,0 -36.84264582000001,-6.674623805000013,0 -36.85076398999999,-6.689611102999999,0 -36.84948563000001,-6.690582802000002,0 -36.84917726099999,-6.691785253999994,0 -36.84496228599999,-6.694616504999999,0 -36.844264235,-6.695908112999993,0 -36.841354045,-6.698691865000006,0 -36.84100075300001,-6.70015954799998,0 -36.841338277,-6.70249837099999,0 -36.83829376900001,-6.706292676000003,0 -36.83989129,-6.706690062999989,0 -36.840665919,-6.707470480999993,0 -36.84133362099999,-6.713099031000014,0 -36.84041484400001,-6.71556208000001,0 -36.84126840699999,-6.717816029000012,0 -36.83892211800001,-6.720659931999986,0 -36.83842350700002,-6.725893316000004,0 -36.83502962400002,-6.731070934999986,0 -36.83082812600001,-6.735325557000015,0 -36.78912649,-6.772462351999986,0 -36.77272871,-6.787065160999994,0 -36.76946508099999,-6.838748052999996,0 -36.76074247100001,-6.837967252000001,0 -36.75126458700001,-6.837118843000008,0 -36.73397986299999,-6.834792555000016,0 -36.73122690499999,-6.834889862999994,0 -36.730517636,-6.835439971999985,0 -36.73019801099999,-6.836396083000018,0 -36.726020817,-6.816602452000016,0 -36.72577349900001,-6.815429539000011,0 -36.72725830000001,-6.813534121999998,0 -36.72975691100001,-6.808642274,0 -36.73149746799998,-6.802476816,0 -36.73126114199999,-6.792140017000006,0 -36.727820702,-6.78513554500001,0 -36.72350781699998,-6.781650264000005,0 -36.71456426200002,-6.762210963000004,0 -36.71208824799999,-6.753172161000012,0 -36.70854899499999,-6.747832026999994,0 -36.70504966800001,-6.744345044000008,0 -36.70505379299999,-6.743489055000007,0 -36.70611006999999,-6.74125859000001,0 -36.70906899199999,-6.738750634000015,0 -36.711271109,-6.735252597999994,0 -36.71121253199999,-6.734972732999999,0 -36.71040601800001,-6.731139501000003,0 -36.707669171,-6.718131712999993,0 -36.70499974500002,-6.714984942999999,0 -36.70218126399998,-6.708345591999998,0 -36.70162022099998,-6.705953114000005,0 -36.70299336400001,-6.706345684999993,0 -36.70431045999999,-6.705989322000003,0 -36.70612300900001,-6.706269461000001,0 -36.70698261500001,-6.707046372000014,0 -36.70702082899999,-6.708136647999996,0 -36.707742812,-6.709139189999993,0 -36.71060121299999,-6.709130872999984,0 -36.71523516999999,-6.707606010999996,0 -36.71633164200001,-6.706296833000007,0 -36.717568196,-6.703646205999998,0 -36.71376282599999,-6.702267944000009,0 -36.71225015300001,-6.701006768999996,0 -36.712169986,-6.699549744000004,0 -36.71146499100002,-6.698751227000002,0 -36.70763648299999,-6.695416775000007,0 -36.70808302399999,-6.694358402999987,0 -36.70914705799998,-6.693566656000005,0 -36.71153803199999,-6.692694030000006,0 -36.70966493399998,-6.686717705000007,0 -36.70664876199999,-6.679939595999995,0 -36.70860314200002,-6.677473228999984,0 -36.71003193900001,-6.674474105999996,0 -36.71345846799999,-6.66922975299999,0 -36.71638719000001,-6.666414072999993,0 -36.718777421,-6.665629345000013,0 -36.72385605400002,-6.665777829000008,0 -36.72561055200001,-6.664679129000008,0 -36.72801380699999,-6.664460923,0 
						</coordinates>
					</LinearRing>
				</outerBoundaryIs>
			</Polygon>
		</Placemark>
		<atom:link rel="app" href="https://www.google.com/earth/about/versions/#earth-pro" title="Google Earth Pro 7.3.6.10201"></atom:link>
	</Folder>
</Document>
</kml>
