<?xml version="1.0" encoding="utf-8" ?>
<kml xmlns="http://www.opengis.net/kml/2.2">
<Document id="root_doc">
<Schema name="bacia_do_serido__snirh_uphshp" id="bacia_do_serido__snirh_uphshp">
	<SimpleField name="fid" type="float"></SimpleField>
	<SimpleField name="UPH_SG" type="string"></SimpleField>
	<SimpleField name="UPH_NM" type="string"></SimpleField>
	<SimpleField name="UPH_RHI_CD" type="int"></SimpleField>
	<SimpleField name="UPH_CD" type="int"></SimpleField>
</Schema>
<Folder><name>bacia_do_serido__snirh_uphshp</name>
  <Placemark>
	<Style><LineStyle><color>ff0000ff</color></LineStyle><PolyStyle><fill>0</fill></PolyStyle></Style>
	<ExtendedData><SchemaData schemaUrl="#bacia_do_serido__snirh_uphshp">
		<SimpleData name="fid">1</SimpleData>
		<SimpleData name="UPH_SG">SERIDÓ</SimpleData>
		<SimpleData name="UPH_NM">Seridó</SimpleData>
		<SimpleData name="UPH_RHI_CD">4</SimpleData>
		<SimpleData name="UPH_CD">462</SimpleData>
	</SchemaData></ExtendedData>
      <MultiGeometry><Polygon><outerBoundaryIs><LinearRing><coordinates>-36.254861283,-6.177916708 -36.2554722,-6.17905080399998 -36.255836168,-6.18003188300003 -36.255785404,-6.18072083999999 -36.255743284,-6.18128757199997 -36.255624118,-6.18141330200001 -36.254906282,-6.18217127999998 -36.254933999,-6.18223689400003 -36.255417844,-6.18338043199998 -36.256440967,-6.18463619800002 -36.256946759,-6.18640578100002 -36.25701372,-6.18653699800001 -36.257510525,-6.18733367800002 -36.257578203,-6.18765336400003 -36.257914803,-6.18961482200001 -36.258503047,-6.192289356 -36.258566047,-6.19245765099998 -36.259278123,-6.19263567100001 -36.259704723,-6.19303995000001 -36.259959963,-6.19328178000001 -36.260153648,-6.19363845200002 -36.260289,-6.19388729600001 -36.260094609,-6.19444205899998 -36.259729923,-6.19544501899998 -36.259985881,-6.19629066499999 -36.260300161,-6.19733015399999 -36.260997121,-6.19860545799997 -36.261097569,-6.19879697599998 -36.26113608,-6.199444443 -36.260208004,-6.19993746099999 -36.258657845,-6.20072720799999 -36.258595925,-6.20124065499999 -36.258605646,-6.20133848900002 -36.258856566,-6.20231049 -36.259141327,-6.20276066999998 -36.259513201,-6.20290493800002 -36.260007848,-6.203047766 -36.26016157,-6.20337914999999 -36.260316722,-6.20491220500003 -36.260394125,-6.20556498600001 -36.261388805,-6.20611730899998 -36.261461889,-6.20617320299999 -36.261527765,-6.20624997200002 -36.261329043,-6.20642745499998 -36.260934843,-6.206779708 -36.260400961,-6.207762151 -36.260273161,-6.20831133399997 -36.260007848,-6.20945225899999 -36.259713721,-6.21027225400002 -36.259855201,-6.21251378800002 -36.25951608,-6.214065393 -36.259369921,-6.21474947600001 -36.259318445,-6.21498942199997 -36.259629481,-6.21503784499998 -36.261122399,-6.21528138100001 -36.261403921,-6.21589130900003 -36.262584722,-6.21695474900002 -36.262738444,-6.21708345000002 -36.262518119,-6.21748871800003 -36.26167464,-6.21904131600002 -36.261936716,-6.21972999100001 -36.262556647,-6.22086930199998 -36.262489686,-6.221976746 -36.262463768,-6.22241001800001 -36.263256841,-6.22329759399997 -36.26337924,-6.22335851899999 -36.263534401,-6.22347408299999 -36.264683884,-6.22420506100002 -36.26504964,-6.22478033499999 -36.265637883,-6.22570491300002 -36.266120643,-6.22606733800001 -36.267148439,-6.22678239200002 -36.267350763,-6.22712664199997 -36.267769804,-6.22778561799998 -36.269436608,-6.22981691699999 -36.269247601,-6.23035547699999 -36.269185682,-6.23053124299997 -36.268603209,-6.23138112200002 -36.268473964,-6.23165715599998 -36.268341122,-6.231952261 -36.267912719,-6.23208753599999 -36.267316924,-6.23226843100002 -36.267137642,-6.23265903399999 -36.2669292,-6.23311352899998 -36.266087526,-6.23386538300002 -36.265563365,-6.23445227899998 -36.264880803,-6.234765477 -36.264557166,-6.23491407099999 -36.264482282,-6.23498112499999 -36.263842563,-6.23555253000001 -36.262769762,-6.23693664400002 -36.26259912,-6.23730914200002 -36.262387446,-6.23776994999997 -36.262144441,-6.237676529 -36.261658802,-6.23750823300003 -36.261325804,-6.237135094 -36.260010727,-6.23773871399999 -36.25994808,-6.238786597 -36.25991172,-6.239395618 -36.259919283,-6.23969450499999 -36.261504721,-6.24111111100001 -36.260253368,-6.24222927 -36.260286126,-6.24277782299998 -36.260263441,-6.24315753100001 -36.260219882,-6.24388553799997 -36.260208721,-6.24407534400001 -36.260592483,-6.24469625799998 -36.261179999,-6.24564684000001 -36.261159483,-6.24591909200001 -36.261090369,-6.24715254300003 -36.261021968,-6.24829958100003 -36.262783079,-6.24877119600001 -36.263576162,-6.24834027100002 -36.263924646,-6.24815100400002 -36.264361682,-6.24845637300001 -36.264992046,-6.24889665299997 -36.26734176,-6.24909726099997 -36.268191367,-6.24916979699998 -36.269439841,-6.25055724200001 -36.270528844,-6.25106466300002 -36.27066312,-6.25121478300002 -36.271299243,-6.25192703900001 -36.271589767,-6.25201669 -36.272252526,-6.25222142600001 -36.272655,-6.25352472399999 -36.272817725,-6.25405095000002 -36.272878558,-6.254247781 -36.27367632,-6.25537089599999 -36.274173119,-6.25610420599997 -36.274719247,-6.25694904300002 -36.274853165,-6.25713318099997 -36.275563437,-6.25804776000001 -36.275835244,-6.25851504000002 -36.276381009,-6.25945220699998 -36.276946199,-6.26026986599999 -36.276693844,-6.26060042900002 -36.275563437,-6.26197832100002 -36.275635083,-6.26219873899998 -36.27578016,-6.26264594700001 -36.275866204,-6.26291064100002 -36.27641412,-6.26340753300002 -36.277351564,-6.26423787300001 -36.277455962,-6.26440851000001 -36.277498081,-6.264507154 -36.278063276,-6.26554772899999 -36.278325362,-6.26750783300002 -36.279245881,-6.26959871600002 -36.278619843,-6.27075225200002 -36.278881201,-6.27167448199998 -36.27974268,-6.273675088 -36.279699121,-6.27441146799998 -36.280177924,-6.27480404800002 -36.281237402,-6.27567327000003 -36.284452209,-6.27610328700001 -36.284992208,-6.276396697 -36.288080644,-6.27768513500001 -36.289270085,-6.27874802999997 -36.290540162,-6.27988283799999 -36.290594159,-6.28078472999999 -36.290269806,-6.28138106900002 -36.290011681,-6.28303986399999 -36.289937525,-6.28351506000001 -36.289393564,-6.28451585699997 -36.289318322,-6.28465410000001 -36.289819805,-6.28510203100001 -36.290085119,-6.28533900399998 -36.290907363,-6.28716977699997 -36.292487042,-6.28825374399997 -36.29363076,-6.28860690499999 -36.294673677,-6.28942041200003 -36.296119086,-6.29054774299999 -36.296381166,-6.29084115299997 -36.296779327,-6.29119701500002 -36.297142921,-6.29166276199999 -36.297675362,-6.292349817 -36.298794967,-6.29379477499998 -36.298303922,-6.295679372 -36.298349644,-6.29652419799999 -36.298384565,-6.297112712 -36.297860761,-6.29801280100003 -36.297558365,-6.29853236700001 -36.297422996,-6.29876466100001 -36.296021517,-6.29778555399997 -36.2940894,-6.29804763499999 -36.293047564,-6.29999217300002 -36.292677477,-6.30119132800002 -36.291382205,-6.30178578300001 -36.291249364,-6.30184688100002 -36.291151802,-6.30205839299998 -36.290563558,-6.30334116300003 -36.28998648,-6.30359199100002 -36.289247758,-6.30443663800003 -36.28657116,-6.30403695000001 -36.286103158,-6.30361889800002 -36.285921007,-6.30322154700002 -36.285784205,-6.30292401200001 -36.285551285,-6.30285210099998 -36.284395684,-6.30249516399999 -36.283996801,-6.30204849400002 -36.283434844,-6.30141975499998 -36.282499922,-6.30136404000001 -36.281939406,-6.30139742900002 -36.28031364,-6.30096201100002 -36.279934561,-6.30218915900002 -36.279866165,-6.302411554 -36.278485561,-6.30273275600001 -36.278322841,-6.30277011099997 -36.279009006,-6.30469025799999 -36.279322922,-6.30737153600001 -36.279436681,-6.30834111299998 -36.279731156,-6.30999936500001 -36.279448564,-6.31194065900002 -36.279451444,-6.31211309899999 -36.279538563,-6.31365939 -36.279166683,-6.31446939300002 -36.277230242,-6.31695222000002 -36.27694584,-6.31728620600001 -36.27579132,-6.31864358799999 -36.275960522,-6.31890944600002 -36.276658928,-6.32000780999999 -36.277132684,-6.32043116599999 -36.277402318,-6.320867491 -36.278030524,-6.32188377300002 -36.278316359,-6.32234610299997 -36.277507807,-6.32278556900002 -36.27698652,-6.32294658199999 -36.276651724,-6.323049997 -36.276828847,-6.32341889899999 -36.276952322,-6.32360330900002 -36.277288922,-6.32469329600002 -36.279939245,-6.32773214600002 -36.2800206,-6.32909682500002 -36.279730085,-6.32973005700001 -36.279533163,-6.33001212099998 -36.279127443,-6.33059261699998 -36.27917748,-6.33143385099999 -36.279167048,-6.33160998099999 -36.279192965,-6.33168963499998 -36.278882641,-6.331747501 -36.276381004,-6.33221442199999 -36.275285518,-6.33306338699998 -36.274462921,-6.33344093900001 -36.274440958,-6.33381039 -36.274403522,-6.33443706399999 -36.27454716,-6.33450294300002 -36.275270044,-6.334834774 -36.275118843,-6.335193694 -36.274548964,-6.33654980900002 -36.27360324,-6.33776994300001 -36.273341159,-6.33889665499999 -36.272728443,-6.34002426299998 -36.27301536,-6.341257262 -36.27304776,-6.34139666800002 -36.273619084,-6.34221441300002 -36.273894482,-6.34310613399998 -36.273949202,-6.34327019699998 -36.27524016,-6.343675018 -36.275316842,-6.34495760900001 -36.274435204,-6.346383484 -36.274307047,-6.34659083999998 -36.274631042,-6.34749435200001 -36.274730044,-6.34777001700002 -36.274821841,-6.34816395600001 -36.2750184,-6.34900868900002 -36.276275525,-6.35013207499998 -36.27705816,-6.35083136600002 -36.277508524,-6.351669808 -36.277796164,-6.35289759199998 -36.278150765,-6.35321448399998 -36.278944924,-6.35392403999998 -36.278876159,-6.35497496599999 -36.279174606,-6.35526999000001 -36.279619565,-6.35576805400001 -36.279680044,-6.35583572799999 -36.280349283,-6.35595795299997 -36.281710077,-6.35615216500003 -36.282214439,-6.35778557999998 -36.283618798,-6.35943663299997 -36.283948927,-6.36050592399999 -36.28402236,-6.36074280499997 -36.284336281,-6.36091344099998 -36.284714284,-6.36111891100001 -36.285285608,-6.36138107900001 -36.286417806,-6.36384798 -36.286673047,-6.36440373099998 -36.287581319,-6.36365825600001 -36.288645121,-6.36278561699999 -36.290000161,-6.36360038999999 -36.290269801,-6.36417450099998 -36.291119043,-6.36526998199997 -36.291381124,-6.36584112100002 -36.294012006,-6.36727752000002 -36.295107845,-6.36850350100002 -36.295692122,-6.36902585799999 -36.295987684,-6.36928992200001 -36.296475843,-6.369835948 -36.297138959,-6.36999020799999 -36.298378442,-6.37027866199998 -36.299108883,-6.37109595200002 -36.301114085,-6.37201629100002 -36.301874758,-6.37341650899998 -36.301887728,-6.37363223800003 -36.30190105,-6.37384202800001 -36.301938128,-6.37442208300001 -36.301953244,-6.37472879900002 -36.301851003,-6.374875051 -36.301376161,-6.37555464000002 -36.301674607,-6.37610328 -36.301936683,-6.37667451700003 -36.302336278,-6.37724645999998 -36.302517722,-6.37750629200002 -36.301957205,-6.37759359099999 -36.300825365,-6.37776998599998 -36.300454202,-6.377982476 -36.300286445,-6.37806527599997 -36.29990088,-6.37823969999999 -36.299507402,-6.37842050699999 -36.29990088,-6.37874333899998 -36.301103284,-6.37973000900001 -36.302214243,-6.380240039 -36.301952162,-6.380563317 -36.301747682,-6.38074611299999 -36.301365364,-6.38108766300002 -36.300695039,-6.38184357099999 -36.30020508,-6.38226269900002 -36.299466722,-6.382875958 -36.298206718,-6.38395263299998 -36.297862919,-6.38452935200002 -36.297614888,-6.38499996199999 -36.298034284,-6.38576190100002 -36.298319766,-6.38629704300001 -36.297978124,-6.38636157000002 -36.297357481,-6.38648162700002 -36.296054645,-6.38672724600002 -36.295617603,-6.38680130799997 -36.295492683,-6.38716662399997 -36.295265517,-6.387732357 -36.295007762,-6.38850059800001 -36.295547762,-6.38889668899998 -36.296241484,-6.38897237600003 -36.298223279,-6.38921016500001 -36.297110168,-6.39283095500002 -36.296743678,-6.39402389999998 -36.297786607,-6.39483732100001 -36.298108438,-6.39508842100003 -36.298423446,-6.39533421200002 -36.298283406,-6.39563930899999 -36.297824765,-6.39663903100001 -36.297083881,-6.39667773299999 -36.296923682,-6.39666494800002 -36.296304838,-6.396646594 -36.295831081,-6.39664056300001 -36.295533005,-6.39760626100002 -36.294940447,-6.39757872299998 -36.293610965,-6.39749169200002 -36.292645443,-6.39754929100002 -36.292386958,-6.39755045999999 -36.292234687,-6.39757367599998 -36.292217762,-6.39728478199999 -36.292183558,-6.39671526199999 -36.292595765,-6.39595709399998 -36.291768125,-6.39503081599997 -36.290846525,-6.39497592200001 -36.290598848,-6.39516789599998 -36.289558447,-6.39597419799998 -36.28939176,-6.39610335100002 -36.288426606,-6.39585783000001 -36.287529842,-6.39564551900003 -36.28709136,-6.39474129000001 -36.286983002,-6.39445427499999 -36.286384684,-6.394984561 -36.285923517,-6.39542043 -36.285838202,-6.39552617999999 -36.284917678,-6.39710730399997 -36.284635803,-6.39751707099998 -36.283544285,-6.39899937299998 -36.282724919,-6.39887166 -36.28082988,-6.39859265400003 -36.280058405,-6.39822123099998 -36.279713519,-6.398062912 -36.27973872,-6.39763892600001 -36.279713888,-6.39722222699999 -36.279722517,-6.39707669799998 -36.279741605,-6.39675350700003 -36.279761404,-6.39640718700002 -36.278836924,-6.39665487399998 -36.278464675,-6.39675449700002 -36.277681682,-6.39695745099999 -36.27745236,-6.39695060999998 -36.276666845,-6.39690381200001 -36.276503408,-6.39725930399999 -36.276022806,-6.39830637199998 -36.27576612,-6.398333192 -36.273260886,-6.39859175800001 -36.272377086,-6.39956349099998 -36.272266559,-6.399698398 -36.271380244,-6.39997668699999 -36.2714094,-6.40046403100001 -36.269675998,-6.40156643900002 -36.269697602,-6.40193021699997 -36.269809558,-6.40381346599997 -36.269400965,-6.40404927100002 -36.268634521,-6.40445211100001 -36.266985365,-6.40520909999998 -36.266658839,-6.40580976299998 -36.266396764,-6.40665864200002 -36.266102278,-6.40720017500001 -36.266138285,-6.40780290399999 -36.26613145,-6.40800332600003 -36.265918688,-6.40862451300001 -36.265962242,-6.40906028900002 -36.265980601,-6.40924461200001 -36.26579448,-6.40992671700002 -36.265175277,-6.40985138899998 -36.264430448,-6.409864712 -36.263748244,-6.409802695 -36.263410204,-6.409735114 -36.26312796,-6.40967868299998 -36.26304948,-6.409713598 -36.262576441,-6.40993383 -36.26194968,-6.41017475799998 -36.26170164,-6.41073285200002 -36.261453604,-6.41135295100003 -36.261464406,-6.41203838799998 -36.261209166,-6.41259549199998 -36.260771764,-6.41308931899999 -36.260275683,-6.41346137900001 -36.259715877,-6.41385729500001 -36.259064645,-6.41383343699999 -36.259048442,-6.41370069800001 -36.259097403,-6.413213332 -36.258849367,-6.41265516200002 -36.258603119,-6.41250738399998 -36.258229083,-6.41228309799999 -36.257726166,-6.41218257000003 -36.257609162,-6.41215907999998 -36.257112722,-6.41254797200003 -36.256988878,-6.413151336 -36.256805284,-6.41333511099998 -36.256492808,-6.41364740199998 -36.256058639,-6.41408147700002 -36.255562563,-6.414515548 -36.255438719,-6.41513565299999 -36.255270609,-6.41551400899999 -36.255190679,-6.41569373999999 -36.254880718,-6.41625182899998 -36.254446561,-6.41668590500001 -36.254079366,-6.41717532000001 -36.253826282,-6.41774016099998 -36.253454402,-6.41842227299998 -36.253020246,-6.41891834900002 -36.252660961,-6.41941722299998 -36.252214204,-6.4198485 -36.252214204,-6.42046859999999 -36.252399962,-6.42108869999998 -36.252586083,-6.42177089799998 -36.252648002,-6.42245300899998 -36.252710285,-6.42307311399998 -36.252834124,-6.42375522600003 -36.252834124,-6.423979766 -36.252834118,-6.42437532500003 -36.25271028,-6.42499542500002 -36.252526321,-6.42520547999999 -36.252276123,-6.42549150100001 -36.251903885,-6.42598767499999 -36.251593919,-6.42654576199999 -36.251280721,-6.42719276899999 -36.251097849,-6.42784796799998 -36.251097843,-6.42846806799997 -36.250973999,-6.42908817300003 -36.250876801,-6.42918509399999 -36.250539842,-6.429522249 -36.250474326,-6.42962070200002 -36.250167604,-6.43008041799999 -36.2500578,-6.43017654599998 -36.249671522,-6.43051448199998 -36.249051597,-6.43070051699999 -36.248493242,-6.43107257600002 -36.248245207,-6.43163067500001 -36.248183283,-6.43225076900001 -36.248245202,-6.432870869 -36.248131083,-6.433495472 -36.247500003,-6.43361822999998 -36.246819239,-6.43349096899999 -36.246260879,-6.43324292699998 -36.245709361,-6.43291722100003 -36.245118243,-6.43266153000002 -36.244524604,-6.432808862 -36.244524604,-6.43349096899999 -36.244214644,-6.43404905599999 -36.243780481,-6.43466925299998 -36.243346683,-6.43510431300001 -36.242901365,-6.43510331800002 -36.242664485,-6.43510332300002 -36.2420442,-6.434979301 -36.241238158,-6.43510331800002 -36.240521767,-6.43515444100001 -36.240369844,-6.43519467599998 -36.240369844,-6.43578543000001 -36.240121797,-6.43640552900001 -36.239997964,-6.437025629 -36.23963436,-6.437555191 -36.239005801,-6.43745970499998 -36.238323603,-6.437459698 -36.238190038,-6.43749975399999 -36.237732838,-6.43763691499998 -36.237752279,-6.43776812700003 -36.237951365,-6.43826582700001 -36.237799082,-6.43845707899999 -36.237579486,-6.43876199699997 -36.237269526,-6.43907204300001 -36.235822688,-6.44028714000001 -36.235719003,-6.44037426 -36.235470962,-6.44093235299999 -36.235222926,-6.44149044099998 -36.235222926,-6.44211053499998 -36.234934205,-6.44249565000001 -36.234851046,-6.44260661700002 -36.234230762,-6.44260661700002 -36.233908208,-6.442462256 -36.233672755,-6.442358576 -36.233238604,-6.44279264699998 -36.232808049,-6.44323832800001 -36.232122243,-6.44341283799997 -36.231502329,-6.44341283799997 -36.231269045,-6.44372361299997 -36.231123245,-6.44390703400001 -36.2307582,-6.44440500100001 -36.230810758,-6.445084587 -36.231316202,-6.44545917200003 -36.231380642,-6.44578172600001 -36.231440404,-6.44607927099997 -36.231323401,-6.44676480499999 -36.231316202,-6.44744358000003 -36.230944322,-6.44793966200001 -36.230572084,-6.44843573899999 -36.230137927,-6.44886980899997 -36.229952159,-6.44905583799999 -36.229704123,-6.44930387900001 -36.229641839,-6.44992397800002 -36.229952159,-6.450482067 -36.229827956,-6.45110217199999 -36.229331885,-6.45147422500003 -36.229056487,-6.45209432500002 -36.228464282,-6.45222878499999 -36.227843645,-6.45215642800002 -36.227287084,-6.45215643400002 -36.227161442,-6.45215643400002 -36.226541521,-6.452032411 -36.226263243,-6.45178914100001 -36.226045445,-6.45159833999998 -36.225938162,-6.45166152000002 -36.225487085,-6.45184637599999 -36.225239039,-6.452528492 -36.224805246,-6.45296256199998 -36.224309164,-6.45333462100001 -36.223748636,-6.45377921599999 -36.223440844,-6.45457482 -36.223688885,-6.455132908 -36.223688885,-6.45525027000002 -36.22368889,-6.45575300799999 -36.223750804,-6.45643521099998 -36.223834686,-6.45660278299999 -36.224061123,-6.45705531099998 -36.224433007,-6.45755138700002 -36.224867165,-6.45804746900001 -36.225369723,-6.45845354699998 -36.225547564,-6.45888095999999 -36.225611282,-6.45903962699998 -36.225730437,-6.45933771 -36.225859329,-6.45965972699997 -36.225980282,-6.45985502600001 -36.226231203,-6.46015590100001 -36.22666536,-6.46065198299999 -36.227161442,-6.46102404099997 -36.227845079,-6.461021792 -36.228525843,-6.46090002400001 -36.229208042,-6.46077599500001 -36.229827956,-6.460651977 -36.230448245,-6.460776001 -36.230817599,-6.46098786099998 -36.230831285,-6.46121376600001 -36.230845678,-6.46145513900001 -36.230871965,-6.46189577899997 -36.230758195,-6.46210493799998 -36.230495038,-6.46258905000002 -36.230889238,-6.46408619599998 -36.230880599,-6.46437248799998 -36.230775843,-6.46610103199998 -36.231103087,-6.46750781399999 -36.231612122,-6.468410973 -36.231729842,-6.46868052500002 -36.231874202,-6.46908552100001 -36.231626167,-6.46970562000001 -36.231502324,-6.47038773100002 -36.231683761,-6.47082134999999 -36.231733081,-6.47095103999999 -36.231998405,-6.47150391299999 -36.232122238,-6.47212401199999 -36.232312326,-6.47255096999999 -36.232370643,-6.47268209499998 -36.232804441,-6.47317826400001 -36.233176685,-6.47367435000001 -36.233471524,-6.47392706400001 -36.233610836,-6.47404641000003 -36.233865724,-6.474547175 -36.234365397,-6.475527543 -36.233835487,-6.47588060599998 -36.233653679,-6.47600193400001 -36.232778882,-6.47658674899998 -36.232423206,-6.47711666999999 -36.232423206,-6.47776098100002 -36.231989402,-6.47809703799999 -36.231805084,-6.478176061 -36.231186962,-6.47826434900003 -36.230657405,-6.478617515 -36.230430609,-6.47895762000002 -36.230304239,-6.47914724700001 -36.229862882,-6.47958870100001 -36.229718885,-6.47980460899998 -36.229507922,-6.48011448199998 -36.228891604,-6.48011835099999 -36.228273482,-6.48038322399998 -36.228185288,-6.48100125399998 -36.228362042,-6.48161928299999 -36.228433687,-6.48166697699997 -36.228891604,-6.48197235200001 -36.229597927,-6.48214892700003 -36.230127484,-6.48250208299999 -36.230514126,-6.48303975200002 -36.230216048,-6.48364985299997 -36.230127479,-6.48426780199998 -36.230127479,-6.48497412400002 -36.230110205,-6.485097419 -36.230039283,-6.48559214800002 -36.229686122,-6.486121803 -36.22942152,-6.48673982700001 -36.229427285,-6.48743777599998 -36.229774323,-6.488064087 -36.230392439,-6.48841724800002 -36.230593682,-6.488719199 -36.230745601,-6.48905012699998 -36.230745601,-6.489565019 -36.231451923,-6.48965330700003 -36.23207004,-6.48974159900001 -36.232687803,-6.48974159900001 -36.233305924,-6.48982988799997 -36.23392404,-6.48991818000002 -36.23459616,-6.49000214799997 -36.234937443,-6.49009421699998 -36.23524812,-6.49018295600001 -36.235689836,-6.49071269799998 -36.236131203,-6.49115414599999 -36.236660766,-6.49159560099997 -36.23683752,-6.49221354299999 -36.23683752,-6.49283157299999 -36.23695524,-6.493243861 -36.237013921,-6.493449602 -36.237543837,-6.49389105099999 -36.238249806,-6.49415582699999 -36.238606923,-6.49451276999997 -36.238779722,-6.49468556900001 -36.239132883,-6.49521530999999 -36.239132889,-6.49583333999999 -36.239044682,-6.49645127700001 -36.238956123,-6.497069307 -36.238779722,-6.49777562899999 -36.238779722,-6.498393577 -36.238730039,-6.49879055899999 -36.238691521,-6.49909989399998 -36.239221079,-6.49945305 -36.239751005,-6.49980621100002 -36.240456963,-6.49998279699997 -36.241075074,-6.50015928599998 -36.241232763,-6.50020446399998 -36.241693202,-6.50033586000001 -36.241734246,-6.50043215699998 -36.241957799,-6.50095389000001 -36.241964639,-6.50156633900002 -36.242134564,-6.50218985700002 -36.242581679,-6.50263023000002 -36.24275268,-6.50324934000002 -36.242929087,-6.50342592099997 -36.242821087,-6.50389319999999 -36.242763481,-6.50414249599999 -36.242889841,-6.50426085200002 -36.243355322,-6.50472119300002 -36.243988206,-6.504869074 -36.244588681,-6.50492469099999 -36.245072885,-6.50529720100002 -36.245557078,-6.50566961800001 -36.246003841,-6.50607929699999 -36.246562559,-6.50630277400001 -36.247195796,-6.50645181200002 -36.24775452,-6.50671254000002 -36.2481642,-6.50715947700002 -36.248611327,-6.50760641900001 -36.248881329,-6.50797479400001 -36.249047641,-6.50815632400003 -36.2494476,-6.508595969 -36.249871325,-6.50902715900003 -36.250293605,-6.50953746099998 -36.250808769,-6.509841123 -36.251292962,-6.51025079800002 -36.251851686,-6.510623307 -36.252152643,-6.51097908100002 -36.252261365,-6.51110751200002 -36.252968764,-6.51099572999999 -36.253452957,-6.510623307 -36.254049129,-6.51084677799997 -36.25468236,-6.511144769 -36.255203642,-6.51144266699998 -36.255724919,-6.51174065700002 -36.256246565,-6.51203865299999 -36.256876923,-6.51226607900003 -36.257475604,-6.51252285100003 -36.258034322,-6.512746322 -36.258390004,-6.51295980100002 -36.258605999,-6.513064644 -36.259119728,-6.51340908499998 -36.259460279,-6.51361886900003 -36.259635957,-6.51371472 -36.260194681,-6.513975448 -36.260790483,-6.51419892000001 -36.26142372,-6.51434787099998 -36.261653043,-6.51447899499999 -36.261966236,-6.514661434 -36.263105645,-6.51506787400001 -36.263217965,-6.51534101800002 -36.263731683,-6.51658842199998 -36.263898364,-6.5169927 -36.265818246,-6.51859280899998 -36.266016962,-6.51875850099998 -36.267429602,-6.520759645 -36.266856121,-6.521811114 -36.26672328,-6.52205447699998 -36.266551203,-6.52239855400001 -36.265819316,-6.52387806199999 -36.265075563,-6.525350463 -36.263445125,-6.52653611699998 -36.262485724,-6.52723388700002 -36.261661682,-6.52947048300001 -36.261661682,-6.531353911 -36.263662918,-6.53476769399998 -36.264421445,-6.53774696099998 -36.265166285,-6.53716979699999 -36.266078881,-6.53646239900002 -36.268574042,-6.53800481500002 -36.269511122,-6.53812947400002 -36.271151644,-6.53834753299998 -36.271799281,-6.53799563799998 -36.272412001,-6.53766264000001 -36.272531162,-6.53779601999997 -36.272769841,-6.53806331700002 -36.2736018,-6.538667132 -36.274915807,-6.53962059399998 -36.275453644,-6.54039072099999 -36.275738046,-6.54079769999998 -36.275219279,-6.54175215100003 -36.275010484,-6.542136809 -36.274663441,-6.543627206 -36.274445642,-6.543870841 -36.273204009,-6.545260622 -36.273111483,-6.545266115 -36.272498756,-6.545300758 -36.271406526,-6.54523739899997 -36.270962643,-6.54580628399998 -36.270285487,-6.546674435 -36.269034839,-6.54696548599998 -36.267292082,-6.54807383899998 -36.266898246,-6.54934958799998 -36.266095801,-6.54970598800003 -36.265841284,-6.55028558700002 -36.265212724,-6.55047962999998 -36.264567604,-6.55067888999997 -36.264174485,-6.55111889900002 -36.263068198,-6.55162667899998 -36.262807568,-6.55203662999998 -36.262508046,-6.552507784 -36.26210808,-6.55269120000003 -36.261399607,-6.55301645999998 -36.261318235,-6.55437770999998 -36.261676803,-6.55591878000001 -36.262476005,-6.557389382 -36.262769767,-6.55834112700001 -36.263207169,-6.55914573000001 -36.263472841,-6.559634432 -36.262785601,-6.56000783899998 -36.261417602,-6.56063568000002 -36.260269924,-6.56249219799997 -36.259995242,-6.56338203400003 -36.259436518,-6.56388107700002 -36.259174438,-6.564452222 -36.258996238,-6.56461160999999 -36.258650281,-6.56492075599999 -36.258253561,-6.56602605400002 -36.2584152,-6.56621648999999 -36.258674765,-6.56656937899999 -36.259215118,-6.56738027799997 -36.260105405,-6.56871534499999 -36.260913603,-6.56992808899997 -36.261513008,-6.57059876900001 -36.261933124,-6.57106901999998 -36.262777679,-6.57111942 -36.264313086,-6.57102788899999 -36.264421086,-6.57102149899998 -36.263079005,-6.57252342100003 -36.262333806,-6.57317798999998 -36.261658808,-6.57415890099998 -36.261118802,-6.57500778000002 -36.260448123,-6.57521496200002 -36.25994232,-6.57537119900002 -36.258163197,-6.57674991300001 -36.256255204,-6.57733913999999 -36.256438446,-6.58041668599998 -36.256372202,-6.58152818399998 -36.256658761,-6.58306341299999 -36.256952164,-6.58332548800001 -36.257262842,-6.584331604 -36.25917372,-6.58329327299998 -36.259443724,-6.58314665799998 -36.259612561,-6.58313667099998 -36.262295284,-6.58297674400001 -36.262643403,-6.58295603699997 -36.262674004,-6.58303505499998 -36.2633256,-6.58473011900003 -36.263619005,-6.585269934 -36.264079074,-6.58675988499999 -36.265429077,-6.58760778099997 -36.268974724,-6.58983455800001 -36.269290808,-6.59052342299998 -36.269556844,-6.59110320100001 -36.270441361,-6.59095488000003 -36.271118886,-6.59084121299998 -36.272361236,-6.59039535800002 -36.273231719,-6.59070782800001 -36.27450685,-6.59116539199999 -36.275777286,-6.59108969900001 -36.277223047,-6.591398486 -36.27848304,-6.59106116800001 -36.278647923,-6.59091095600002 -36.279040683,-6.59260457400001 -36.278710923,-6.59413683000002 -36.278647923,-6.59442708300003 -36.278895964,-6.595281086 -36.279330844,-6.59668049499999 -36.27944676,-6.59706407800002 -36.27903708,-6.59771288799999 -36.278692206,-6.59825909800003 -36.278488083,-6.59858237499998 -36.278367124,-6.59861640000003 -36.276809755,-6.59898198100001 -36.275758209,-6.59970152900001 -36.275291647,-6.60002075800003 -36.272644562,-6.60180816299999 -36.272095201,-6.602657846 -36.272015286,-6.60377655399998 -36.272372767,-6.60459356500002 -36.27259056,-6.60508353 -36.273057122,-6.60612734799997 -36.273293644,-6.60665330299997 -36.273784689,-6.60707532200001 -36.273264841,-6.608807458 -36.273145322,-6.60920624800002 -36.272955963,-6.60945636500003 -36.271753917,-6.61104269999998 -36.270481682,-6.61272236999997 -36.270320408,-6.61325174799998 -36.269735761,-6.61517289 -36.269250481,-6.61619276900001 -36.268890126,-6.61696829700003 -36.268383601,-6.61789655799998 -36.26901792,-6.61846328500002 -36.269174522,-6.61860323899998 -36.269436603,-6.61889672500001 -36.270550084,-6.61940765100002 -36.270825481,-6.62000786999999 -36.271118881,-6.62026995100001 -36.271288442,-6.62045958200002 -36.272214361,-6.62139674899998 -36.273313443,-6.62173595799999 -36.273784689,-6.62209848100002 -36.273907082,-6.622522651 -36.273864603,-6.62332122200002 -36.275253841,-6.62501421500002 -36.275280487,-6.62546096699998 -36.275312886,-6.626003852 -36.271955882,-6.626452766 -36.271758247,-6.62662917300003 -36.271268642,-6.62706674700001 -36.271029957,-6.627279961 -36.270815044,-6.62808743699998 -36.270061201,-6.63091929000001 -36.270007921,-6.631119001 -36.269153635,-6.63250049599998 -36.269961481,-6.63365664600002 -36.270006117,-6.634699291 -36.269614802,-6.63545286300001 -36.269845206,-6.636193736 -36.269962199,-6.636687661 -36.270286204,-6.63749442 -36.270231837,-6.638550839 -36.270842042,-6.63943778999999 -36.270785878,-6.640378559 -36.272092321,-6.64113906400001 -36.272548798,-6.64140492000001 -36.274071242,-6.64326054100002 -36.274147201,-6.64453512300003 -36.274175281,-6.64500761800002 -36.274065118,-6.645028228 -36.272235964,-6.645369598 -36.272264403,-6.64543457600001 -36.273328564,-6.64806203500001 -36.273997804,-6.64958771699997 -36.274558326,-6.64966782200003 -36.275489282,-6.64980075 -36.27568908,-6.650000374 -36.277087685,-6.65139897400002 -36.277513561,-6.65342334000002 -36.277770964,-6.654453391 -36.277939808,-6.65512811799999 -36.278259477,-6.65704601599998 -36.278091367,-6.657677374 -36.277833247,-6.65875070700002 -36.278558641,-6.66014049400002 -36.278861043,-6.66112103500001 -36.279063721,-6.66110897300001 -36.279948607,-6.66105614899999 -36.280563485,-6.66193661800003 -36.280859758,-6.66540674599997 -36.281360518,-6.66567909499997 -36.281658959,-6.66584117999997 -36.284704564,-6.66650493200001 -36.28478268,-6.66653769499999 -36.287057521,-6.66752471900003 -36.28795536,-6.66791378900001 -36.288168481,-6.66929889300002 -36.289553404,-6.67079054999999 -36.289713962,-6.67084256999999 -36.291151802,-6.67132335100001 -36.292177093,-6.671593169 -36.29317608,-6.67185605899999 -36.295307284,-6.67398699099999 -36.295459561,-6.67479941699997 -36.29559708,-6.67555245099999 -36.295626606,-6.67569176400002 -36.295478638,-6.67726253699999 -36.296564039,-6.67765196699997 -36.297800641,-6.67809557800001 -36.299432166,-6.67799396700002 -36.299453041,-6.67833830500001 -36.299153524,-6.679437839 -36.299071452,-6.67976372999999 -36.299762283,-6.681689457 -36.299698924,-6.68275038100001 -36.299680929,-6.68305557600002 -36.299713323,-6.68359979799999 -36.299831038,-6.68557197000001 -36.299452324,-6.686396731 -36.298304645,-6.68778687000002 -36.298342087,-6.68833956200001 -36.297721808,-6.68948048800002 -36.297788041,-6.69059064300001 -36.297394922,-6.690941909 -36.297044641,-6.69125502000003 -36.297142203,-6.69146723900002 -36.297492121,-6.69223007900001 -36.298341358,-6.69332547200003 -36.298665,-6.69437307300001 -36.300007798,-6.69471435200001 -36.300820681,-6.69502403899997 -36.301524846,-6.69524219700003 -36.300917526,-6.69666338799999 -36.300845158,-6.69683223200002 -36.300138841,-6.69736106599998 -36.299169721,-6.69750552400001 -36.298884603,-6.69749427199997 -36.297618121,-6.69793823700002 -36.296702282,-6.69694976800002 -36.293983915,-6.69816755900001 -36.291949562,-6.699727532 -36.29082816,-6.70055030899999 -36.29042712,-6.70098284699998 -36.289449724,-6.70111641 -36.287608317,-6.70123421800002 -36.287360999,-6.70124996999999 -36.287237161,-6.70246451700001 -36.287196844,-6.702858902 -36.286059962,-6.70366187899998 -36.284824441,-6.70359195700001 -36.283956126,-6.70548302999998 -36.28192824,-6.70666643999999 -36.281789285,-6.70678236100002 -36.281480401,-6.707311468 -36.280973887,-6.70810013300002 -36.281111043,-6.70902794900002 -36.281129402,-6.70949244000002 -36.280452964,-6.711089491 -36.279778687,-6.71056371499998 -36.279345247,-6.71021999700002 -36.279286561,-6.71016671699999 -36.27902736,-6.709860897 -36.27875845,-6.70955246900002 -36.277469284,-6.71056973600002 -36.2772486,-6.71077809100001 -36.277121888,-6.71114016199999 -36.276962401,-6.711406829 -36.276805441,-6.71152778800001 -36.276947644,-6.71188949600003 -36.276962401,-6.71225669699999 -36.276249607,-6.71291703100002 -36.2756916,-6.713347591 -36.275859363,-6.714583291 -36.275820487,-6.71499999100001 -36.275878803,-6.71606297900001 -36.275544002,-6.716655086 -36.275289485,-6.71751161999998 -36.27475632,-6.71847002599998 -36.274988522,-6.71890050000002 -36.275474519,-6.71931323899997 -36.27555552,-6.71986115999999 -36.275572082,-6.72050924799998 -36.275223604,-6.72092972899998 -36.275035684,-6.72109487699998 -36.274583162,-6.721137177 -36.273300121,-6.72107129599999 -36.272712605,-6.72263280099997 -36.272606762,-6.72287139299999 -36.272777757,-6.724027896 -36.272850125,-6.724516773 -36.272360884,-6.72444440499999 -36.271673285,-6.72441129399999 -36.271139766,-6.72504245599998 -36.270694803,-6.72499998299998 -36.269253002,-6.72493302100003 -36.268622644,-6.72528932900002 -36.268044116,-6.72554393899998 -36.267789245,-6.72584490100002 -36.267393236,-6.72618023500002 -36.267279481,-6.72631991700001 -36.266935682,-6.72693147000001 -36.266905087,-6.72700346300002 -36.266716085,-6.72736113399998 -36.266935677,-6.72779312900002 -36.267329523,-6.72844356299998 -36.267354001,-6.72856703799999 -36.267500165,-6.72930567200001 -36.267530761,-6.730078499 -36.265469404,-6.73055739 -36.264583089,-6.73152794999999 -36.263964603,-6.732195391 -36.263041563,-6.73195851100002 -36.261602642,-6.73144235799998 -36.261465117,-6.731394201 -36.260965803,-6.73169165899998 -36.26054028,-6.73193196300002 -36.260149317,-6.73237169999999 -36.259971841,-6.73253639799998 -36.259618685,-6.73286345700001 -36.259516075,-6.73295867799999 -36.259711917,-6.73335071999998 -36.260052119,-6.73393976800003 -36.260097841,-6.73405829799998 -36.260277839,-6.73486109700002 -36.260277839,-6.73625016 -36.260240403,-6.73722512799998 -36.261156602,-6.738966178 -36.26111088,-6.73986158899999 -36.261060485,-6.74104040700001 -36.261646197,-6.74213174699997 -36.261733322,-6.743472209 -36.26161885,-6.74537949 -36.261635764,-6.74546319199999 -36.261936722,-6.74611893000002 -36.262492201,-6.746615647 -36.261684725,-6.74804726500003 -36.261101888,-6.74888643000003 -36.260838726,-6.74927189800002 -36.261013318,-6.75011447899999 -36.261139324,-6.75074897799999 -36.262507681,-6.751381052 -36.262770121,-6.75223002400003 -36.263341086,-6.75249219099999 -36.263605683,-6.75278307000002 -36.264123362,-6.75302724199997 -36.264537367,-6.75309762099999 -36.264767765,-6.75358884000002 -36.264861003,-6.753888813 -36.265043881,-6.75458657799999 -36.264999963,-6.75569465799998 -36.264961086,-6.75611108700002 -36.264999963,-6.75652733999999 -36.26503416,-6.757202339 -36.264424678,-6.75806372599999 -36.264270971,-6.758710737 -36.264184564,-6.759085594 -36.264436202,-6.75917954800002 -36.265041359,-6.75945162099998 -36.265879442,-6.76015676999998 -36.266475608,-6.760662121 -36.266442122,-6.76089035199999 -36.266362565,-6.76142801600002 -36.266318283,-6.76172826099997 -36.266123169,-6.76195533399999 -36.265266368,-6.76304396799998 -36.265011476,-6.76362267000002 -36.264710524,-6.76415510800001 -36.264456007,-6.765011636 -36.264157929,-6.765542547 -36.264127317,-6.765614556 -36.263984038,-6.76588527000001 -36.264327121,-6.76633994399998 -36.265631043,-6.76801917400002 -36.265867559,-6.76999998100001 -36.265796648,-6.77085956899998 -36.266250241,-6.77125007400002 -36.267176166,-6.77199176800002 -36.267245284,-6.77270088300003 -36.266931716,-6.77444795999997 -36.267234118,-6.77527172600003 -36.267136561,-6.77740401099999 -36.267500524,-6.77791719200002 -36.268284235,-6.77902553299998 -36.268600688,-6.78112146199999 -36.268962483,-6.782106242 -36.268889039,-6.78374955200002 -36.268841165,-6.78493169400002 -36.269478722,-6.78613022399998 -36.268749362,-6.78680622299999 -36.268295036,-6.787227057 -36.268333206,-6.78819402099998 -36.268379646,-6.78941631200001 -36.266975281,-6.789812402 -36.266250599,-6.78972221800001 -36.265743362,-6.78965913100001 -36.265473365,-6.78969864300001 -36.2632824,-6.79009851000001 -36.263066769,-6.790163759 -36.262211761,-6.79054526700003 -36.261676803,-6.79084361600002 -36.260716686,-6.791272198 -36.260156881,-6.79252643799998 -36.260049962,-6.79269734600001 -36.259861678,-6.79291595900003 -36.259243203,-6.793574761 -36.257162046,-6.79419819100002 -36.25652737,-6.79416668900001 -36.256131002,-6.79415093699998 -36.255435844,-6.79514408400001 -36.256593962,-6.796634676 -36.25430545,-6.79727348400002 -36.25304688,-6.79692878700001 -36.252778323,-6.79780808800001 -36.25269192,-6.79807125000002 -36.251669525,-6.79917915099998 -36.25138332,-6.79943952100001 -36.251392681,-6.79967648799999 -36.251413204,-6.79978458099998 -36.251413204,-6.79986278899997 -36.251388721,-6.80013936099999 -36.251383326,-6.80028255299999 -36.251665923,-6.80069312900002 -36.252115924,-6.80134112899998 -36.251805964,-6.80374781699999 -36.251670243,-6.80475285300002 -36.250835398,-6.80541507200002 -36.249651723,-6.806337574 -36.249026766,-6.80652809200001 -36.248605921,-6.80666138999999 -36.24847272,-6.806943628 -36.248311082,-6.80729030800001 -36.247916523,-6.80763897000003 -36.247195438,-6.80830730700001 -36.247501084,-6.80875163600001 -36.247788001,-6.80915637200002 -36.248054766,-6.80958206299999 -36.248474155,-6.81023168799999 -36.249027483,-6.81027776299999 -36.249305403,-6.81028874899999 -36.249584039,-6.810277681 -36.250229887,-6.810252117 -36.250417079,-6.81041691299998 -36.251150406,-6.811098302 -36.250972565,-6.81124967699998 -36.250800478,-6.81140925099999 -36.250289997,-6.81249041900003 -36.250165441,-6.81275474900002 -36.249721564,-6.81261047599997 -36.24943932,-6.81250527399999 -36.249167524,-6.81236162599998 -36.248465527,-6.81197003900002 -36.248389198,-6.81194970199999 -36.248117766,-6.81216371900001 -36.248040367,-6.812206914 -36.247640402,-6.812914138 -36.24690456,-6.81416576999999 -36.246404165,-6.81444936100002 -36.245972881,-6.814305816 -36.244909083,-6.813932937 -36.244798568,-6.81389414799997 -36.243595805,-6.81498468400002 -36.24353676,-6.81505829499997 -36.243225724,-6.815446834 -36.24291684,-6.81569441800002 -36.242734325,-6.81616133900002 -36.242247964,-6.81740576999999 -36.242071199,-6.81785847200001 -36.242499243,-6.81847082899998 -36.242784362,-6.81888230700002 -36.24291684,-6.81958340699998 -36.243047524,-6.82028568300001 -36.243194406,-6.82055559200001 -36.243339842,-6.82082675800001 -36.24347232,-6.82138889399999 -36.243603357,-6.821952302 -36.243893524,-6.82208549699999 -36.244711801,-6.82246098299998 -36.244765441,-6.823364669 -36.244028523,-6.824720877 -36.24292368,-6.82675397499997 -36.242638926,-6.83069445199999 -36.243065884,-6.83056584299999 -36.243932046,-6.83024778100003 -36.244722244,-6.83031131899997 -36.245968208,-6.83021114899998 -36.24693408,-6.83056584299999 -36.248480642,-6.83084798900001 -36.249435364,-6.83195634100002 -36.250062842,-6.831905941 -36.250823162,-6.83278812100002 -36.251399164,-6.83304525199998 -36.251656203,-6.83389916800002 -36.252232563,-6.83415638600002 -36.253234806,-6.83471556000001 -36.254433966,-6.835565879 -36.25584516,-6.83637957100001 -36.25581312,-6.83678033500001 -36.254661121,-6.83777277000002 -36.255778205,-6.83810910400001 -36.256491368,-6.83970740900003 -36.258343565,-6.83998965299998 -36.25929864,-6.84164618800003 -36.261076682,-6.84205011300003 -36.261405007,-6.84527184199999 -36.260951763,-6.84650717199997 -36.260694366,-6.847916672 -36.261432724,-6.84815615500003 -36.261536404,-6.848475748 -36.26167501,-6.84890334200003 -36.261803885,-6.84930032900002 -36.261941759,-6.84972495 -36.262414802,-6.84995435500002 -36.262771925,-6.85012778999999 -36.262802526,-6.85162691800002 -36.262499042,-6.85221551500001 -36.262225084,-6.85274796200002 -36.262497244,-6.85333601600001 -36.262531806,-6.85340334099999 -36.262780569,-6.85388627999998 -36.262769404,-6.854441759 -36.263063884,-6.85472490000001 -36.263054522,-6.85519245099999 -36.263052724,-6.855280467 -36.263366645,-6.85530846 -36.266386321,-6.85557702300002 -36.266286237,-6.85608011900001 -36.266113802,-6.85694717799998 -36.265002848,-6.85877939699998 -36.265282207,-6.85946519800001 -36.266119566,-6.860269528 -36.266928483,-6.86111120800001 -36.268585567,-6.861443673 -36.268614005,-6.86222225500001 -36.268586278,-6.86357954900001 -36.269147159,-6.86416337499998 -36.269444519,-6.86416950400002 -36.270833409,-6.864141147 -36.274457167,-6.86421513400001 -36.275734443,-6.86399724299997 -36.276638759,-6.86384306999997 -36.27694728,-6.86444175100002 -36.277015322,-6.86458214499999 -36.277219445,-6.86500271300002 -36.278126641,-6.86608344199999 -36.279347764,-6.86753784299998 -36.279188282,-6.86800395300003 -36.278886243,-6.86888621999998 -36.278610123,-6.86973690399998 -36.278492761,-6.87009788900002 -36.278441637,-6.870255665 -36.278194319,-6.87026070100001 -36.276666845,-6.87029183999999 -36.275565959,-6.87026952000002 -36.275454361,-6.87043421700002 -36.274725001,-6.871509898 -36.275020916,-6.87280571999997 -36.275826241,-6.87358790799999 -36.276195241,-6.87434885800002 -36.276377043,-6.87472353599998 -36.278058239,-6.87499721699999 -36.278469006,-6.87513780099999 -36.278886243,-6.87528054199998 -36.279068046,-6.87533949599998 -36.279992161,-6.87563937099998 -36.280144443,-6.87568886999998 -36.280458,-6.87601538600001 -36.280812965,-6.87638474900001 -36.281951641,-6.87683384799999 -36.282457444,-6.87703329800001 -36.282774961,-6.87833603600001 -36.283328643,-6.87941064 -36.283420441,-6.879787024 -36.283450688,-6.87991103600001 -36.283728602,-6.88105241800002 -36.283808164,-6.88137876000002 -36.284126399,-6.88138524200002 -36.284444286,-6.88139171799997 -36.286365967,-6.881352478 -36.286941604,-6.88247010499998 -36.286824601,-6.88260365899998 -36.286614355,-6.88284341899998 -36.286366319,-6.88312629299998 -36.285215761,-6.88423175999998 -36.284448601,-6.88496877 -36.284334846,-6.88543497400002 -36.284162401,-6.88614237199999 -36.283080602,-6.88718186599999 -36.282692167,-6.88793597599999 -36.282969005,-6.88834476400001 -36.283336201,-6.88888611099998 -36.284414039,-6.89110766700003 -36.28486116,-6.89111676300001 -36.286330323,-6.89108678600002 -36.287491324,-6.89165001499998 -36.287507885,-6.89246982499998 -36.287527685,-6.89343020799998 -36.287530559,-6.89358302800002 -36.286391526,-6.89444721400002 -36.285648842,-6.89480765600001 -36.285575763,-6.894856796 -36.285222597,-6.89702454399998 -36.283958289,-6.89823935800001 -36.283614484,-6.89890679400003 -36.283134246,-6.899838929 -36.283052158,-6.89999876899998 -36.283302003,-6.90121907600002 -36.283454279,-6.90196400899998 -36.283058287,-6.902780581 -36.282160078,-6.903964164 -36.2827206,-6.90569108800003 -36.283113007,-6.905957043 -36.283442402,-6.90618042199998 -36.284396043,-6.90682688999999 -36.284620318,-6.90613587299998 -36.284900406,-6.90527294899999 -36.28597212,-6.90529482400001 -36.287229961,-6.90526908099997 -36.288057601,-6.90569549499997 -36.288330484,-6.90583607899998 -36.28881396,-6.90589512399998 -36.289329124,-6.905958113 -36.290156046,-6.90605927799999 -36.290270159,-6.90608546700003 -36.290562482,-6.90610985799998 -36.291386167,-6.90639174400002 -36.292236121,-6.90720830999999 -36.293052965,-6.90805835800001 -36.293142958,-6.90807293500001 -36.294880321,-6.908355809 -36.295098119,-6.90880482199998 -36.295039444,-6.90888861100001 -36.295039444,-6.90939063100001 -36.295123325,-6.90993450000002 -36.295290359,-6.910436613 -36.295709042,-6.910729468 -36.295917478,-6.91127163099998 -36.295272727,-6.91212104200002 -36.295294325,-6.91317854900001 -36.295272,-6.91431344799997 -36.295248603,-6.915453662 -36.295234922,-6.916122809 -36.295226283,-6.91654590299999 -36.295203598,-6.91765776 -36.295431845,-6.91800587799997 -36.295888329,-6.918702209 -36.296947083,-6.91971948000003 -36.297219602,-6.92000280100001 -36.298647727,-6.92035091899999 -36.299724847,-6.92138609400001 -36.299910246,-6.921578791 -36.300002761,-6.92167508599999 -36.300377885,-6.921667442 -36.300835085,-6.92165807999999 -36.300934082,-6.92216568100002 -36.30110832,-6.92305830399999 -36.301258798,-6.92349731899998 -36.301541401,-6.92432379000002 -36.300280322,-6.92528058300002 -36.298552327,-6.92552187000001 -36.298154161,-6.92557739900002 -36.298015201,-6.92598348199999 -36.297325086,-6.92800208900002 -36.297780478,-6.92888606700001 -36.298086482,-6.92951678999998 -36.298308959,-6.92997533699997 -36.299719441,-6.93111383899998 -36.300605762,-6.93163997800002 -36.301370402,-6.932094033 -36.302610247,-6.93375849 -36.302970956,-6.93401498499998 -36.30307212,-6.934116421 -36.303490444,-6.93440927699999 -36.303807609,-6.93458216800002 -36.304391522,-6.934978172 -36.305431196,-6.93533403399999 -36.305872927,-6.93510776400001 -36.30622968,-6.934946669 -36.306663843,-6.93360837500001 -36.307355049,-6.93347337 -36.307918445,-6.93336338799998 -36.308058116,-6.93333611700001 -36.308350804,-6.933261055 -36.308892603,-6.93312228000002 -36.309328563,-6.93301058999998 -36.310764958,-6.93416988600001 -36.311135762,-6.93446939799998 -36.313927201,-6.93441242799997 -36.315295558,-6.93438452800001 -36.316669322,-6.934719422 -36.317639523,-6.93589194200001 -36.318129118,-6.93648386400002 -36.3188916,-6.93611388099998 -36.319425118,-6.93555875999999 -36.320269683,-6.93554156800002 -36.3203658,-6.93564146699998 -36.320553008,-6.93583604899999 -36.321295685,-6.936077157 -36.321588726,-6.93617229 -36.321947283,-6.93721943999998 -36.322319885,-6.93836820600001 -36.324438841,-6.93832490599999 -36.326016722,-6.93939446899998 -36.330060238,-6.93972414199999 -36.3300066,-6.93984816 -36.3305592,-6.93993186699998 -36.330977524,-6.940266479 -36.331061405,-6.94076859099999 -36.331103166,-6.94127060699998 -36.331186683,-6.94177263300003 -36.331361281,-6.94204676499999 -36.331386122,-6.94222496499998 -36.331805523,-6.94250001 -36.332224922,-6.94277504899998 -36.333059402,-6.94334051499999 -36.333153357,-6.94344618500003 -36.333341283,-6.94353167999998 -36.33378948,-6.943835337 -36.335349724,-6.94265121000001 -36.335830679,-6.94265121000001 -36.336133076,-6.94248624099998 -36.337777923,-6.94251980799999 -36.338558759,-6.94250387800002 -36.339363361,-6.94248750200001 -36.340564685,-6.94272204100002 -36.341060397,-6.94311147000002 -36.341353438,-6.94352978299997 -36.341646119,-6.94394820000002 -36.341733962,-6.94403603699999 -36.3418956,-6.94436786599999 -36.342425527,-6.94468719299999 -36.34290144,-6.94499408899998 -36.343111322,-6.94508966799998 -36.343427041,-6.94527695800002 -36.343696316,-6.94557980600001 -36.344072884,-6.94591452100002 -36.344422443,-6.946105321 -36.344931483,-6.94663496999999 -36.346392366,-6.947226989 -36.346875843,-6.94750437099998 -36.347419804,-6.94771352399999 -36.347838123,-6.94800638599997 -36.348256447,-6.94834110099998 -36.348758646,-6.94850841200002 -36.349260482,-6.94867581 -36.349455602,-6.94875950599999 -36.350274966,-6.94944719799997 -36.3506976,-6.949724215 -36.351113761,-6.94999727700002 -36.35194428,-6.95069442200003 -36.352775881,-6.95139227999999 -36.352968126,-6.95154285000001 -36.353370248,-6.95183283099999 -36.353731321,-6.95210075900002 -36.353891525,-6.95221946200002 -36.354565084,-6.95280527699998 -36.354825002,-6.95327787100001 -36.355201559,-6.95361257399998 -36.355787281,-6.95394728899998 -36.356247362,-6.954198297 -36.356707447,-6.95453300600002 -36.356985366,-6.95464884199998 -36.358049164,-6.95534625300002 -36.358130165,-6.955871844 -36.358422836,-6.95633201599998 -36.358590246,-6.95683403700002 -36.358590241,-6.95733615 -36.358673762,-6.95783817 -36.358882917,-6.95834019099999 -36.359008559,-6.95884220599999 -36.35905032,-6.95934431900002 -36.359178842,-6.95984849600001 -36.359223478,-6.96015125700001 -36.3593646,-6.96022406999998 -36.359858878,-6.96047868099998 -36.359929083,-6.96055760600001 -36.360347402,-6.96085047299999 -36.360765726,-6.96114332299999 -36.361267926,-6.96131064000002 -36.361769767,-6.96160350000002 -36.36239724,-6.96185450799999 -36.362899439,-6.96193821499998 -36.36340164,-6.96198005799999 -36.363903487,-6.96202190600002 -36.364405681,-6.96202190600002 -36.364907527,-6.96202190600002 -36.365409721,-6.96202190600002 -36.365911568,-6.962189217 -36.366372007,-6.962398377 -36.366459126,-6.96240567900003 -36.366636962,-6.96249729300001 -36.36693468,-6.96244023100002 -36.367376037,-6.96244023100002 -36.367542365,-6.962323771 -36.368058246,-6.96222494699998 -36.368470083,-6.96179646299998 -36.368795876,-6.96145724399997 -36.369049676,-6.96143618999997 -36.369551523,-6.96143618999997 -36.370095484,-6.96143618999997 -36.370569245,-6.96143618999997 -36.370672561,-6.96127094799999 -36.370835999,-6.96111389999999 -36.370905481,-6.96075875600002 -36.371016002,-6.96051575799999 -36.371225162,-6.96005549799997 -36.371434321,-6.959595331 -36.371434327,-6.959093311 -36.371413805,-6.95884643800002 -36.371673723,-6.958310133 -36.373167359,-6.95687526 -36.372550682,-6.95567844099998 -36.372469681,-6.95170466799999 -36.37312776,-6.95073375499999 -36.372328564,-6.94839869499998 -36.372012121,-6.94747457900002 -36.371980803,-6.947382597 -36.372497402,-6.94471940800003 -36.37282464,-6.94408392100001 -36.373330801,-6.94310174999998 -36.373063678,-6.94250927899998 -36.370841405,-6.94252538900002 -36.370542241,-6.94190871299998 -36.369886683,-6.94127456699999 -36.368888766,-6.94031570999999 -36.368879763,-6.94003257000003 -36.368903164,-6.93888884699999 -36.368886603,-6.93807326899997 -36.368874726,-6.937493577 -36.369516961,-6.93728523300001 -36.37110636,-6.93676944399999 -36.371109245,-6.93661616700001 -36.371119677,-6.93611109400001 -36.371108164,-6.93555551600002 -36.371113923,-6.93527778100002 -36.371102764,-6.93473022299997 -36.371433957,-6.93408753199998 -36.371323078,-6.93363311899998 -36.371113923,-6.93277496500002 -36.370814401,-6.93189998899999 -36.3708468,-6.93030653699998 -36.370617847,-6.929637748 -36.370547283,-6.92943128899998 -36.370575005,-6.92806904999998 -36.3698622,-6.926685029 -36.372290399,-6.92613981199997 -36.372649321,-6.926095981 -36.373218487,-6.92376137799999 -36.375548048,-6.92421605700002 -36.375564245,-6.92499995700001 -36.375541561,-6.92610830900003 -36.378191884,-6.92582166400001 -36.378613804,-6.92500275100002 -36.379271161,-6.92333613099999 -36.380585162,-6.92369046599998 -36.380525036,-6.92663697 -36.382647242,-6.92835020799998 -36.38388348,-6.92832491500002 -36.384752158,-6.92891378899998 -36.384560647,-6.92955665400001 -36.384192,-6.93023705899998 -36.38486664,-6.92958888599998 -36.385150683,-6.92929341600001 -36.385282449,-6.92922149899999 -36.385742523,-6.92897049200002 -36.385855919,-6.92889128899998 -36.38620476,-6.92888417699999 -36.386733242,-6.92887337500002 -36.387069489,-6.92918963800003 -36.387486363,-6.92999729899998 -36.387770041,-6.92958636399999 -36.388058403,-6.92916938799999 -36.38871,-6.928175517 -36.389047682,-6.928175517 -36.389466001,-6.92821044300001 -36.390002767,-6.928330587 -36.391111918,-6.928614815 -36.391524483,-6.92844731899999 -36.392043603,-6.92823690400002 -36.392110922,-6.92821151999999 -36.392980318,-6.92785673899999 -36.393064199,-6.92784089499997 -36.393404038,-6.92786916 -36.393528969,-6.92791631699998 -36.39371328,-6.92798570600002 -36.393984365,-6.92817552299999 -36.39451428,-6.928407177 -36.394602487,-6.92841905500001 -36.395826119,-6.92758980100001 -36.395908196,-6.92758115599997 -36.396533164,-6.92818884100001 -36.397764365,-6.92947025799998 -36.399426844,-6.92943632599997 -36.400251599,-6.93004752000002 -36.400427283,-6.93026738899999 -36.400524118,-6.93065403600002 -36.400552926,-6.93076950099999 -36.40055292,-6.93110042900003 -36.400536359,-6.93191529500001 -36.400762079,-6.93235368500001 -36.400762079,-6.93277767699999 -36.400506486,-6.93309734600001 -36.400160524,-6.93343079499999 -36.400051079,-6.93353069900002 -36.399716283,-6.93394911000001 -36.399548885,-6.934451131 -36.399507123,-6.93499499400002 -36.399507123,-6.935497107 -36.399724922,-6.93582407299999 -36.399799799,-6.93591542600001 -36.400176362,-6.93625013399998 -36.400636801,-6.93658485499998 -36.401055125,-6.93691955899999 -36.401515206,-6.937128723 -36.401891763,-6.93750528100003 -36.402293526,-6.93756270099999 -36.402496203,-6.93772613900001 -36.403347962,-6.93789246099999 -36.403523287,-6.937965448 -36.403983721,-6.93821646200001 -36.404485567,-6.93846756099998 -36.404987761,-6.93855116999998 -36.405573484,-6.93863487200002 -36.405913681,-6.93863487200002 -36.407069282,-6.93903041999999 -36.407503086,-6.93861291100001 -36.407856247,-6.937902361 -36.408376448,-6.937881844 -36.408878642,-6.93792359499997 -36.409422604,-6.937965448 -36.409882683,-6.93821646200001 -36.410280122,-6.938338773 -36.410609164,-6.93850832200002 -36.410828761,-6.93862145700001 -36.411220803,-6.93821340199997 -36.411472442,-6.93817469999999 -36.411974641,-6.93825830999998 -36.412198563,-6.93832535799999 -36.413808485,-6.93864629900003 -36.413940962,-6.93871856800001 -36.413647922,-6.93913688700002 -36.413522643,-6.93968075599997 -36.413522643,-6.94018286300002 -36.413522643,-6.94068488900001 -36.413647922,-6.94118691 -36.413647922,-6.94168901699999 -36.414191883,-6.94164716900002 -36.414437761,-6.94166120900002 -36.415818724,-6.94164716900002 -36.416325602,-6.94164716400002 -36.416743926,-6.94194002500001 -36.417204001,-6.942232891 -36.417497041,-6.94269305799997 -36.417747967,-6.94315331799999 -36.417873604,-6.94365534399998 -36.418250167,-6.94407374399998 -36.418768922,-6.94419498000002 -36.41893488,-6.94444176000002 -36.419606277,-6.94421027999999 -36.419774404,-6.94415241399997 -36.419988246,-6.94404234400002 -36.420830649,-6.94360835600003 -36.421410606,-6.94337957599998 -36.422224929,-6.94305828199998 -36.422420765,-6.94245518899999 -36.422559367,-6.94231659299999 -36.422686443,-6.94176920899997 -36.423052922,-6.94138616999999 -36.423194402,-6.941249997 -36.423335883,-6.941113831 -36.423425888,-6.94092878999999 -36.4237308,-6.94068488900001 -36.423981721,-6.94046178299999 -36.424168924,-6.94041605500001 -36.424724768,-6.94028051800001 -36.424928162,-6.94006911000002 -36.425069637,-6.94005731300001 -36.425571484,-6.94022472199998 -36.425759046,-6.94026791900001 -36.425970003,-6.94055267800002 -36.42638616,-6.941113825 -36.426528722,-6.94125089900001 -36.426596406,-6.94131588300002 -36.426717001,-6.94158146799998 -36.42694164,-6.94250288900002 -36.427560479,-6.94249028899998 -36.427914363,-6.94265121000001 -36.428333035,-6.94294407199999 -36.428834881,-6.94315331799999 -36.429337081,-6.94319517100001 -36.429838928,-6.94315331799999 -36.430341122,-6.94323693299998 -36.430801207,-6.94348803299999 -36.431303408,-6.943697192 -36.431815322,-6.94382184599999 -36.432071285,-6.94397016099998 -36.432888482,-6.94354995200001 -36.433269718,-6.94361349000002 -36.433562405,-6.94403190100002 -36.433855445,-6.94445022000002 -36.434022843,-6.94499409399998 -36.434278083,-6.945221162 -36.43444188,-6.94555829500001 -36.434555644,-6.94574639400003 -36.434864164,-6.94625499 -36.435069363,-6.94659366000002 -36.435110407,-6.94708595399999 -36.435194283,-6.94758807800002 -36.435236044,-6.94813193599998 -36.435486965,-6.94863396199997 -36.435658682,-6.94887938900001 -36.435683165,-6.94900484700003 -36.436971602,-6.95034557999998 -36.438145562,-6.95004461299999 -36.438509519,-6.94995129400002 -36.438582964,-6.95039111800003 -36.438759,-6.95089917500002 -36.438902644,-6.95145996299999 -36.439853763,-6.95121633399998 -36.440227447,-6.95112057099999 -36.440674927,-6.95126970199999 -36.440758443,-6.95177171699999 -36.441218876,-6.952022817 -36.441637195,-6.95235743900002 -36.441929883,-6.95277585100001 -36.441929878,-6.95327787100001 -36.441888116,-6.953779978 -36.441720723,-6.95432385300001 -36.441720723,-6.95486771600002 -36.441888121,-6.95536973600002 -36.442222924,-6.95574630499999 -36.442683003,-6.95599731200002 -36.442949762,-6.95601782799997 -36.443036164,-6.95610782799997 -36.443380681,-6.95611493400003 -36.444414607,-6.956136093 -36.445164842,-6.95563361500001 -36.445653365,-6.95541158999998 -36.4459464,-6.95582999599998 -36.446188323,-6.95598390200001 -36.446271123,-6.956154626 -36.446387409,-6.95639447899998 -36.446746325,-6.956151116 -36.44690868,-6.956164715 -36.447327004,-6.955871849 -36.447745323,-6.95557899300002 -36.447864842,-6.95550923899998 -36.448376768,-6.955260845 -36.449425086,-6.95416995099998 -36.449988841,-6.95415842699998 -36.45055296,-6.95414690699999 -36.45083052,-6.95500272499999 -36.45151524,-6.95601260699999 -36.451899719,-6.95658032799997 -36.451929244,-6.95695958699997 -36.451761841,-6.95750346599999 -36.451761841,-6.95800548099999 -36.451677965,-6.95850758900002 -36.451680844,-6.959068828 -36.451537919,-6.95965608199998 -36.451895758,-6.96070206399997 -36.451929244,-6.96110147500002 -36.452012762,-6.96160349500002 -36.452305443,-6.962063667 -36.452397241,-6.96219444399998 -36.452751477,-6.96328613700001 -36.453098879,-6.963816151 -36.45314244,-6.96394637899999 -36.453435121,-6.96436479099998 -36.453524403,-6.96446504199997 -36.45387324,-6.96499721800001 -36.454157999,-6.964862133 -36.454447079,-6.964724972 -36.45460116,-6.96463154899999 -36.454773958,-6.964573949 -36.455234044,-6.964281094 -36.455591161,-6.96403133600001 -36.455706719,-6.96396114100003 -36.456154562,-6.963737219 -36.456456236,-6.963737219 -36.456779878,-6.96396320600002 -36.456907683,-6.96419739200002 -36.456946565,-6.964690948 -36.456907683,-6.965201514 -36.456865927,-6.96570354599999 -36.456824166,-6.966247415 -36.456656763,-6.96674951599999 -36.456363722,-6.96716784099999 -36.456112802,-6.96766986199998 -36.45613836,-6.967978012 -36.456012364,-6.96822488999999 -36.456392883,-6.96861863399999 -36.456782041,-6.968966851 -36.457200729,-6.96930156000002 -36.457576922,-6.96963626399997 -36.457995605,-6.97001282700001 -36.458497441,-6.97013829000002 -36.458999641,-6.97022198600001 -36.459165604,-6.97027301700001 -36.45959328,-6.97048056300002 -36.459794528,-6.970849563 -36.460003682,-6.97130972899998 -36.460338484,-6.97168629200002 -36.460672921,-6.97206284399999 -36.460965962,-6.972481168 -36.461216888,-6.97279481800001 -36.461307957,-6.97292946300001 -36.461426042,-6.97340159999999 -36.461509928,-6.97390362099998 -36.461635201,-6.97444749499999 -36.461693165,-6.97456331900003 -36.461953441,-6.97589540799999 -36.462672359,-6.97572009300001 -36.463057914,-6.97566077599998 -36.463193283,-6.97559310299999 -36.463336203,-6.97555827000002 -36.464111643,-6.97515876099999 -36.464563802,-6.97515875599998 -36.465066008,-6.97515876099999 -36.465638407,-6.97515641400003 -36.466652168,-6.97527296599998 -36.466781408,-6.97566077599998 -36.466990567,-6.976121036 -36.467083805,-6.97612878400003 -36.467208365,-6.97638573099999 -36.46763892,-6.97639455400002 -36.467930162,-6.97640147599998 -36.468412921,-6.97662306199999 -36.468518401,-6.97662305599999 -36.468608399,-6.97666940900001 -36.469549799,-6.97697495699998 -36.470107441,-6.97779764699999 -36.470128322,-6.97805341999998 -36.470128327,-6.97854762200001 -36.470128322,-6.97904964200001 -36.469960924,-6.97959351100002 -36.469667883,-6.98013737899998 -36.469667883,-6.98063940600002 -36.469960924,-6.98105781100003 -36.4702212,-6.98105780600002 -36.470276279,-6.98111531799998 -36.471108603,-6.98083046599999 -36.471637084,-6.98084126800001 -36.472701963,-6.980862952 -36.473779806,-6.980493959 -36.474403682,-6.98028057200003 -36.475876078,-6.98056038200002 -36.476405999,-6.98111180799998 -36.476941685,-6.98166944500002 -36.477271086,-6.98174972999999 -36.477480962,-6.98180094000003 -36.478058404,-6.98194169800001 -36.478608478,-6.98222502300001 -36.478703525,-6.982271099 -36.478892521,-6.98236289699997 -36.479169364,-6.98249717800002 -36.479442242,-6.98263784900001 -36.479719443,-6.98278049800001 -36.480731401,-6.98327316199999 -36.481309924,-6.98381847100001 -36.481785842,-6.98427565999998 -36.480836157,-6.98567661200002 -36.481386241,-6.98611382799999 -36.48199392,-6.98626205699998 -36.482502602,-6.98638607499998 -36.4837446,-6.98681115300002 -36.484166521,-6.98693229100002 -36.484273451,-6.986961893 -36.48498048,-6.98716602000002 -36.485398804,-6.98745887600001 -36.485790841,-6.98773338299998 -36.486026282,-6.98821199600002 -36.486361083,-6.988588467 -36.486439558,-6.98865830800003 -36.486919449,-6.98915772100003 -36.487667158,-6.98917293400001 -36.488035445,-6.98918039400002 -36.488336044,-6.98889159200002 -36.490248003,-6.98761295700001 -36.490419357,-6.98758443100002 -36.490853884,-6.98758442600001 -36.491454004,-6.98768900800002 -36.492153486,-6.98781086899999 -36.492427439,-6.98800275000002 -36.492762246,-6.98837930799999 -36.492971401,-6.98888133399998 -36.493347957,-6.989216043 -36.493766282,-6.98959259999998 -36.494142839,-6.98992730999998 -36.494477646,-6.99030386800001 -36.494812084,-6.990680344 -36.495230762,-6.990973199 -36.495690842,-6.991307909 -36.496192688,-6.99143346400001 -36.496377359,-6.99143345900001 -36.496736643,-6.99143345900001 -36.497022479,-6.99143345900001 -36.497553846,-6.99170705900002 -36.497910957,-6.99163739599999 -36.499169527,-6.99139161099998 -36.499550762,-6.98904800999998 -36.500569561,-6.98806935300001 -36.501326278,-6.98728184999999 -36.501422401,-6.987249717 -36.5019246,-6.98699870899998 -36.502301158,-6.98666400000002 -36.502337519,-6.98658398200001 -36.503614084,-6.98561540399999 -36.503808486,-6.98558300500002 -36.504128519,-6.98564934199999 -36.505002598,-6.98583060099998 -36.505552683,-6.98611383399998 -36.505728003,-6.986200317 -36.506150283,-6.98653844400002 -36.506610363,-6.986831311 -36.507028682,-6.98712417199999 -36.507488761,-6.98733341899998 -36.507990962,-6.98745887600001 -36.508180321,-6.987490466 -36.508629241,-6.987794759 -36.510027118,-6.98824835699997 -36.510333845,-6.98846300999998 -36.510513121,-6.98871923899998 -36.510626528,-6.98888133399998 -36.511128722,-6.98904873200001 -36.51161436,-6.98927174699998 -36.51259212,-6.98999165800001 -36.512681766,-6.99007122 -36.513184683,-6.99110838299998 -36.513686883,-6.99100011100001 -36.513848163,-6.990973199 -36.513915119,-6.99095087900002 -36.514498685,-6.99081795500001 -36.514852199,-6.99080588800001 -36.515130841,-6.99049232499999 -36.515243883,-6.990434096 -36.515688842,-6.990471179 -36.516065399,-6.99084774200003 -36.516567605,-6.99088958999999 -36.516837607,-6.99091208900001 -36.517184639,-6.99108057500001 -36.517663084,-6.991540198 -36.517697283,-6.99164261800001 -36.517852086,-6.99172713000002 -36.518332682,-6.992227259 -36.519163925,-6.99166394399998 -36.520126922,-6.99143039900002 -36.521020083,-6.991211341 -36.521092798,-6.99113583299999 -36.521253361,-6.99109875400001 -36.521797322,-6.99093143800002 -36.522165605,-6.99084638800002 -36.523114562,-6.99086574299997 -36.523482127,-6.99080588800001 -36.523847161,-6.99080588300001 -36.524391116,-6.99084773700002 -36.524893321,-6.99076403499998 -36.525436924,-6.99059673400001 -36.525587402,-6.99046317 -36.525785043,-6.99045029799998 -36.525917885,-6.990032794 -36.526103289,-6.98943662400001 -36.526284727,-6.98910281600001 -36.52666668,-6.98835744399997 -36.526732565,-6.98783084199999 -36.526955401,-6.98594444700001 -36.527713564,-6.98559344799997 -36.527795276,-6.98553468 -36.528047642,-6.984992164 -36.528194518,-6.98486112099999 -36.528336005,-6.98472494999999 -36.528473524,-6.98444135699998 -36.528603117,-6.984158847 -36.5286726,-6.98403105300002 -36.528883563,-6.98362145499999 -36.528946199,-6.983527772 -36.53036424,-6.98287698399997 -36.530558283,-6.98278049800001 -36.530696162,-6.98263703399999 -36.531053283,-6.98223743800003 -36.531391323,-6.98208227700002 -36.531730804,-6.98191757900003 -36.532293841,-6.98133140599998 -36.532410839,-6.98122746500002 -36.533032199,-6.980532117 -36.533487243,-6.98012558400001 -36.533629441,-6.97998789000002 -36.533948398,-6.97933970999998 -36.534158639,-6.97888107099999 -36.534417482,-6.978730407 -36.53450352,-6.97866812400002 -36.535713123,-6.97797630299999 -36.536805001,-6.97763906699998 -36.537224765,-6.97750272100001 -36.537642719,-6.97693914000001 -36.538066803,-6.97636106900001 -36.53886024,-6.97529664000001 -36.539312045,-6.97506407899999 -36.539632442,-6.97472999399997 -36.540556563,-6.97537539199999 -36.540972002,-6.97566006 -36.541157401,-6.97578740300003 -36.541389604,-6.97571001400001 -36.542234158,-6.97525911100001 -36.542441524,-6.97514652000001 -36.543486245,-6.97551867099997 -36.543601086,-6.97555736800001 -36.543896278,-6.97554683800001 -36.544028049,-6.97583421100001 -36.544228922,-6.97624776499998 -36.544473003,-6.97669721699998 -36.54539388,-6.97698800799998 -36.546110282,-6.97719446799999 -36.546179411,-6.977214441 -36.546948364,-6.976673006 -36.547774922,-6.976108436 -36.549418683,-6.97557491800001 -36.550274403,-6.974752771 -36.550283406,-6.97430555699998 -36.550269361,-6.97360922799999 -36.552102482,-6.97331079100002 -36.552497398,-6.97249727899998 -36.553058279,-6.972224934 -36.553608364,-6.971941706 -36.553892401,-6.97189544600002 -36.554137568,-6.97189544600002 -36.55459548,-6.97178097 -36.555280563,-6.971669373 -36.555595924,-6.971455709 -36.556132322,-6.97110443899999 -36.556438326,-6.97110056999998 -36.556982282,-6.97110056999998 -36.557526249,-6.97101686799999 -36.557986318,-6.97080770899998 -36.55831248,-6.97057055599998 -36.558603364,-6.97042080099999 -36.558948603,-6.970305688 -36.559450802,-6.97034744899997 -36.559994764,-6.97059854899999 -36.5604966,-6.97059854399998 -36.56058912,-6.97056768200002 -36.560815199,-6.97062554799999 -36.56300292,-6.96834855499998 -36.563764321,-6.96833306399998 -36.564052684,-6.96838112900002 -36.564513117,-6.96859029299998 -36.56488968,-6.96892499699999 -36.565391522,-6.96900869900003 -36.565841164,-6.96900869900003 -36.56622384,-6.96916394800002 -36.567780481,-6.96889160400002 -36.568069924,-6.96859029299998 -36.568445759,-6.96859028799997 -36.568947605,-6.96884139399998 -36.569408039,-6.96913424899998 -36.569634482,-6.96913424299998 -36.570231364,-6.96944169400001 -36.5705946,-6.96911139100001 -36.571039563,-6.96900870399998 -36.571374365,-6.968632141 -36.571541764,-6.968130121 -36.57146832,-6.96790970799998 -36.571766044,-6.967331371 -36.571391633,-6.96694176199998 -36.570706566,-6.96628358999999 -36.570854523,-6.96580325999997 -36.571237563,-6.96536631100003 -36.571739757,-6.96532698300001 -36.572618161,-6.96576366199997 -36.575152204,-6.964534259 -36.576124562,-6.96387510300002 -36.576410398,-6.96389885799999 -36.577563125,-6.96468014599998 -36.577691642,-6.96482495700002 -36.577776603,-6.96482495700002 -36.578030763,-6.96499731099999 -36.579169438,-6.96472496600001 -36.58030524,-6.96386313300002 -36.580578481,-6.96377906700002 -36.58103856,-6.96356981600002 -36.581525281,-6.96334230299999 -36.582224763,-6.96305826000003 -36.582586801,-6.96287184599998 -36.582937562,-6.96269123799999 -36.583297922,-6.96269123799999 -36.583776603,-6.96274108099999 -36.58382604,-6.962746229 -36.584047804,-6.96142583800003 -36.584047804,-6.95938670999999 -36.582995526,-6.95807108399998 -36.582857168,-6.95754554899997 -36.582833735,-6.95745654000001 -36.582833113,-6.95745417699999 -36.582666484,-6.956821257 -36.583113743,-6.95581507899999 -36.583455964,-6.95504519799999 -36.58326189,-6.95472635499999 -36.582535087,-6.953532295 -36.581915727,-6.95291306899998 -36.581219282,-6.95221677299998 -36.581351048,-6.95103273400002 -36.581942883,-6.95024333999999 -36.581877361,-6.94859886199998 -36.582337805,-6.94695437899998 -36.583916403,-6.94590191999998 -36.584047799,-6.94471788099997 -36.583850528,-6.94333646699999 -36.584113684,-6.94215242799999 -36.584113684,-6.94024488100001 -36.584113684,-6.93899504799998 -36.584913603,-6.937960863 -36.585287645,-6.93627723100002 -36.585666367,-6.93535788499997 -36.585724318,-6.93521721000002 -36.585652281,-6.93495614099999 -36.585225356,-6.93340892999998 -36.584975886,-6.93203714499998 -36.585435597,-6.92877645300001 -36.588527282,-6.93153917799998 -36.59010589,-6.93370988800001 -36.592060864,-6.934324769 -36.598069003,-6.93682320300002 -36.60092028,-6.93745056199998 -36.60106676,-6.93745056 -36.601287851,-6.93704501600001 -36.601364522,-6.9367383 -36.601640648,-6.93620226100001 -36.601753699,-6.935853898 -36.60179004,-6.93574191499999 -36.601873557,-6.93562256899997 -36.602082722,-6.93512054899998 -36.602250126,-6.93461853399998 -36.60275232,-6.93478584000002 -36.602854208,-6.93483209999999 -36.603212405,-6.93499499900003 -36.603630724,-6.93528786100001 -36.604091163,-6.93558072100001 -36.604213197,-6.93560106400002 -36.604551602,-6.93583065399997 -36.605002678,-6.935558308 -36.605068563,-6.93546632699997 -36.605471761,-6.93512054899998 -36.605764443,-6.93466028900002 -36.606182757,-6.93436742900002 -36.60630948,-6.93436742900002 -36.606387961,-6.934449148 -36.60654672,-6.93436742900002 -36.606684962,-6.93436742900002 -36.607187162,-6.934325667 -36.607688997,-6.934325667 -36.608023799,-6.93470213799998 -36.608366523,-6.93512945999998 -36.60843312,-6.935319537 -36.609997319,-6.93694727399998 -36.611328957,-6.93692019000002 -36.612545038,-6.93733644299999 -36.612625681,-6.937463433 -36.613169646,-6.93767259200001 -36.61354584,-6.93767502100002 -36.613671836,-6.93767259200001 -36.614173688,-6.93758898300001 -36.614634121,-6.93737973100002 -36.615135962,-6.93721241999998 -36.615513601,-6.936874472 -36.615888724,-6.93674982499999 -36.615502805,-6.93437732299998 -36.614950917,-6.933847136 -36.615010678,-6.93348885099999 -36.615512525,-6.93344708400002 -36.616014715,-6.93344708400002 -36.616524124,-6.93335691099998 -36.616645083,-6.933352765 -36.617577485,-6.93272042900003 -36.617793838,-6.93257382000002 -36.618231962,-6.93261026699997 -36.618650286,-6.93290313400001 -36.619110724,-6.93315422799998 -36.619570799,-6.93336338799998 -36.620030878,-6.93357255199999 -36.620221684,-6.933676494 -36.620489877,-6.93385838799998 -36.623572923,-6.934159889 -36.62377164,-6.93447191799999 -36.624164041,-6.935280482 -36.624381481,-6.9357033 -36.624423959,-6.93595727899998 -36.624549596,-6.93645930000002 -36.624633124,-6.93700326099997 -36.624926159,-6.93742157999998 -36.625260597,-6.93779813600003 -36.625522677,-6.93803483800002 -36.625637165,-6.93813284599997 -36.626097598,-6.93834200600003 -36.626500079,-6.93837296499999 -36.627504484,-6.938699133 -36.628612564,-6.93944999899998 -36.628805162,-6.93905301199999 -36.628984084,-6.938927734 -36.629235359,-6.93846756099998 -36.629360642,-6.93796508899999 -36.629408527,-6.93787248299998 -36.629768523,-6.936819845 -36.628819202,-6.93635930800002 -36.628691403,-6.936124683 -36.628733158,-6.93562257500002 -36.628781044,-6.93543176999998 -36.6295014,-6.933766585 -36.629067966,-6.932492368 -36.629202964,-6.93229176 -36.631478164,-6.932000969 -36.631870924,-6.93206639800002 -36.631870919,-6.93248760199998 -36.631870924,-6.932568506 -36.631870919,-6.93307052599999 -36.631954805,-6.93357255199999 -36.632331004,-6.93390725699999 -36.632791437,-6.93415827400003 -36.633209761,-6.934451131 -36.633711962,-6.93466028900002 -36.634004643,-6.93507870100001 -36.634339439,-6.93549711200001 -36.634716002,-6.93583164199998 -36.634897805,-6.93610838799998 -36.635558399,-6.93528038900001 -36.635551917,-6.93496322999999 -36.635678282,-6.93466028900002 -36.635678282,-6.93415827400003 -36.635845322,-6.93365624900002 -36.636180123,-6.93327969199999 -36.636682323,-6.93323784900002 -36.637184165,-6.93315422799998 -36.637220161,-6.93305918700003 -36.637440122,-6.93261530900003 -36.637853762,-6.93244295599999 -36.638008207,-6.93237267000001 -36.639005044,-6.932129578 -36.639981359,-6.93111339299998 -36.640851846,-6.93083105699998 -36.641794326,-6.92984997799999 -36.6425028,-6.92916938799999 -36.642729243,-6.92893368 -36.642832201,-6.92888678999998 -36.643208765,-6.92922149899999 -36.643543566,-6.92963990999999 -36.644024521,-6.92989091800001 -36.644147642,-6.92999729899998 -36.644373362,-6.92989091800001 -36.644505846,-6.92989091800001 -36.644965926,-6.92968167100003 -36.644980319,-6.92960463700001 -36.644993283,-6.92935326000003 -36.645007676,-6.92917964600002 -36.645007676,-6.92863577700001 -36.645342478,-6.92821736600001 -36.645531843,-6.92823320999997 -36.645836044,-6.928330587 -36.646664407,-6.92861399999998 -36.646931524,-6.92860850699998 -36.647141406,-6.92884494200001 -36.64735056,-6.92930520099998 -36.647386567,-6.92938439900001 -36.647758441,-6.930529648 -36.648063718,-6.93084725900002 -36.648285477,-6.93084275500001 -36.648438482,-6.93097866099998 -36.648940682,-6.93097866099998 -36.649442523,-6.93097865599998 -36.649944724,-6.931020504 -36.650446559,-6.93110421099999 -36.650906997,-6.93135522400001 -36.651143525,-6.93141812599998 -36.651658325,-6.93168345200002 -36.651837242,-6.93145808999998 -36.652096443,-6.93134018900003 -36.652347359,-6.930880022 -36.652404958,-6.93074168800001 -36.652797718,-6.93024641599999 -36.653016961,-6.93012690199998 -36.653161675,-6.93015110800002 -36.653518803,-6.93021059900002 -36.653937122,-6.93050346000001 -36.654082922,-6.930503466 -36.654286317,-6.93064125199999 -36.654764038,-6.93039528100002 -36.654941521,-6.93033614799998 -36.655443368,-6.93012689699998 -36.655945562,-6.92991774299998 -36.656447404,-6.92975043199999 -36.656949598,-6.92958303400002 -36.657451445,-6.92949941799998 -36.65795364,-6.92937386900002 -36.658455844,-6.92937387400002 -36.658957681,-6.92920655799998 -36.659501647,-6.92920655799998 -36.659753644,-6.92916452999998 -36.660816365,-6.92918622000002 -36.662569201,-6.92771463399998 -36.662722924,-6.92761671300002 -36.663225118,-6.92749116300001 -36.663769085,-6.92749116300001 -36.664270921,-6.927449309 -36.664828922,-6.927264627 -36.665002807,-6.92722493600002 -36.665289719,-6.92678727399999 -36.665609763,-6.92661257899999 -36.666111958,-6.926403419 -36.666613804,-6.92640342499999 -36.667115999,-6.92661257899999 -36.667534318,-6.92690543999998 -36.667994408,-6.92711469199998 -36.668538359,-6.92732385099998 -36.668982242,-6.9275088 -36.669057484,-6.92756576900001 -36.66917052,-6.927623912 -36.669458878,-6.92782586599998 -36.669918963,-6.928076885 -36.670172763,-6.92814032500002 -36.670951442,-6.92854137099999 -36.671408279,-6.92832788700002 -36.67150188,-6.92827434100002 -36.671947203,-6.92805824800001 -36.672512039,-6.92777042400002 -36.673783203,-6.927357691 -36.67394808,-6.92711406199999 -36.674186401,-6.92694729300001 -36.674521203,-6.92657073100003 -36.67472388,-6.92631746900003 -36.674856005,-6.92615241200002 -36.67510692,-6.92569214700001 -36.675316079,-6.92519012700001 -36.675339845,-6.924880347 -36.675477723,-6.92459630899998 -36.675860045,-6.92443709899999 -36.676361881,-6.92452070899998 -36.676864086,-6.92468811200001 -36.677366281,-6.92468811200001 -36.677773809,-6.92468811200001 -36.677909884,-6.92468811200001 -36.678453845,-6.924771803 -36.678913925,-6.92502282100003 -36.679332597,-6.92531567700001 -36.679709159,-6.92565039200002 -36.680085363,-6.92598500899999 -36.68042016,-6.92636156600003 -36.680637247,-6.926513398 -36.681314044,-6.92721792200001 -36.683826847,-6.927463708 -36.683892722,-6.92749115800001 -36.68431104,-6.92782587200003 -36.684573844,-6.92803611300002 -36.68486112,-6.92862803999998 -36.685833484,-6.92860824100001 -36.68611356,-6.92861399999998 -36.687456005,-6.92753066400002 -36.687574444,-6.92749116300001 -36.688076284,-6.92740754800002 -36.688163762,-6.92736713900001 -36.688931999,-6.92721719899998 -36.690465244,-6.925621046 -36.690628691,-6.92556668999998 -36.691130522,-6.92552483700001 -36.691130522,-6.92568800700002 -36.690824523,-6.92638289799999 -36.690841442,-6.92666666399998 -36.690817318,-6.92707149099999 -36.691381084,-6.92889677599999 -36.691821001,-6.92970660100002 -36.69207372,-6.93025730900001 -36.692092802,-6.930503466 -36.6922602,-6.931005486 -36.692552882,-6.93146573899998 -36.69292944,-6.93180045399998 -36.693347769,-6.93213515899998 -36.693682565,-6.93251162899998 -36.693724322,-6.93259532600001 -36.694833477,-6.93470925000003 -36.694992241,-6.93528561099998 -36.695144159,-6.93547082999999 -36.695188796,-6.93564948199997 -36.695439716,-6.93610965400001 -36.695732762,-6.93652805900001 -36.696067199,-6.93694637800002 -36.696443763,-6.93728108699997 -36.696778559,-6.93765765099999 -36.697155116,-6.93799235900002 -36.69725376,-6.93817334699997 -36.697406043,-6.93859770199998 -36.697406043,-6.93895454800003 -36.697342689,-6.939045448 -36.697113361,-6.93937295799998 -36.696695042,-6.93970766799998 -36.696276365,-6.94004237799999 -36.69590016,-6.94037709700001 -36.695356199,-6.940586252 -36.694854,-6.940586252 -36.694352163,-6.94062809399998 -36.693849963,-6.94075355699999 -36.693306008,-6.94096280799999 -36.692887679,-6.94129742600001 -36.692552876,-6.94171584200001 -36.692552882,-6.942217857 -36.692636763,-6.94271996999998 -36.692678524,-6.94322198600003 -36.69272028,-6.94372401099997 -36.692768165,-6.94391453999998 -36.692761324,-6.94402776099997 -36.692781482,-6.94436769200001 -36.692636763,-6.94468629099998 -36.692343728,-6.94510469699998 -36.692009279,-6.94548116800001 -36.691716244,-6.94589957800002 -36.691716239,-6.94603332200001 -36.691657922,-6.94610432600001 -36.691707959,-6.94694447900002 -36.691625881,-6.94832588700001 -36.692313116,-6.94864404100002 -36.692511121,-6.94916288899998 -36.692349118,-6.94945979699997 -36.691946279,-6.94997622199998 -36.691674483,-6.95045979100001 -36.691632728,-6.950961904 -36.691590596,-6.95146392499998 -36.691548841,-6.952007788 -36.691548835,-6.952509814 -36.691548841,-6.95301191499999 -36.691548835,-6.95357297499999 -36.691475403,-6.95419514500003 -36.691339682,-6.954601685 -36.691339682,-6.95510379199999 -36.691172278,-6.95560580699998 -36.690795721,-6.955940516 -36.690441478,-6.956101531 -36.690280567,-6.95616353600002 -36.689833446,-6.95627523100001 -36.689643005,-6.95640852399998 -36.689174649,-6.95658870199998 -36.689664961,-6.95830842100003 -36.690748923,-6.95988378099997 -36.690586555,-6.96041711399999 -36.690210004,-6.96075173600002 -36.689875566,-6.96112829999998 -36.689749923,-6.96163031499998 -36.689666407,-6.96213242800002 -36.689373366,-6.96255074599998 -36.689331605,-6.96305285400001 -36.689312876,-6.96327534099999 -36.689236199,-6.96341663700002 -36.689208484,-6.96387915100001 -36.689164201,-6.9640569 -36.689122446,-6.96455900799998 -36.68916456,-6.96461913399997 -36.689158806,-6.96471434900002 -36.689027762,-6.96486114300001 -36.689353203,-6.96488885999997 -36.690780964,-6.96501072000001 -36.691176239,-6.96671009699998 -36.691302963,-6.96725495499999 -36.692526964,-6.96796757999999 -36.693768598,-6.96869036599998 -36.695658243,-6.96927393099998 -36.696380404,-6.96888143799998 -36.696742557,-6.968757235 -36.69714576,-6.96861891100002 -36.697497487,-6.97087547400002 -36.698317922,-6.97160844199999 -36.698483521,-6.97151843799998 -36.700900925,-6.97020480100002 -36.701396284,-6.96912570199999 -36.701989205,-6.969161074 -36.702379445,-6.96918429099998 -36.704944799,-6.971172389 -36.706388763,-6.97108625800001 -36.707036399,-6.971124868 -36.707489285,-6.97137101800001 -36.707661355,-6.97146452700002 -36.707947925,-6.97162022800001 -36.708118562,-6.97172966199997 -36.708603483,-6.97278554799999 -36.708889318,-6.97319532 -36.709005246,-6.97336119200003 -36.709174443,-6.97360329399999 -36.709714443,-6.97500782700001 -36.710541002,-6.97619133299997 -36.710651159,-6.97713111399997 -36.710825397,-6.97861890299998 -36.711264602,-6.98025852299997 -36.712443599,-6.98053275299998 -36.713466359,-6.98077071 -36.714660129,-6.981199113 -36.715569124,-6.98356403999998 -36.715779728,-6.98361174000001 -36.715939921,-6.98367861499997 -36.71620849,-6.98367860899998 -36.718041599,-6.983964184 -36.719007482,-6.983906666 -36.719483406,-6.98387832499998 -36.719779326,-6.983233563 -36.720084238,-6.982569361 -36.72163944,-6.981179672 -36.7231752,-6.97980761999997 -36.725308925,-6.98069510900001 -36.725617081,-6.98082326700001 -36.72687132,-6.97936824099997 -36.728148602,-6.97788602700001 -36.72823896,-6.977781537 -36.73028556,-6.977507758 -36.731058121,-6.97723064299998 -36.731342164,-6.97712867899997 -36.731496603,-6.97662864199998 -36.731664002,-6.97608612099998 -36.732278521,-6.97612274699998 -36.733968004,-6.97551650299999 -36.734999402,-6.974362348 -36.735100561,-6.97424913100002 -36.735355079,-6.97396437200001 -36.735435722,-6.97401441400001 -36.736065726,-6.97440365800003 -36.738662041,-6.97600880900001 -36.738845278,-6.97612194300001 -36.739545482,-6.97608018199998 -36.739815126,-6.97589918900002 -36.74026836,-6.97586040099998 -36.740809806,-6.97525434099998 -36.740975394,-6.97509575599997 -36.741103205,-6.97499208099998 -36.741350882,-6.97477085899999 -36.741226326,-6.97400801800001 -36.740745359,-6.97337901399999 -36.740801161,-6.97331925100002 -36.740628362,-6.97316490399999 -36.742325761,-6.97164804099998 -36.742597921,-6.97166423800002 -36.743409359,-6.97152896699998 -36.744001199,-6.97034492799997 -36.74417904,-6.970182572 -36.74424924,-6.96988196299998 -36.74552544,-6.96874148900002 -36.745722723,-6.96813668499999 -36.745740365,-6.96753288000002 -36.747342001,-6.96624263899997 -36.748047605,-6.96526991600001 -36.748174682,-6.96512718000002 -36.748672926,-6.96420197800001 -36.749417402,-6.96372821599999 -36.750268085,-6.96277026199999 -36.751146479,-6.96260637300003 -36.752402886,-6.96171752599997 -36.75354048,-6.96091301600001 -36.755119078,-6.96005792699998 -36.756237243,-6.95821608099999 -36.757223994,-6.95637422800002 -36.75906576,-6.95492711899999 -36.759855241,-6.95301948500003 -36.760315679,-6.95058561299999 -36.760052518,-6.94815182799999 -36.759789366,-6.94663883800001 -36.759394802,-6.945454799 -36.759789366,-6.94354724599998 -36.761499724,-6.94308681299998 -36.76294692,-6.94177118699997 -36.763867802,-6.93933732099998 -36.764394122,-6.93690354099999 -36.764066878,-6.93606744700003 -36.764980203,-6.93611820000001 -36.766238403,-6.93674721100001 -36.767385359,-6.93615519100001 -36.768236406,-6.93682127400001 -36.769346284,-6.93819026699998 -36.771152765,-6.93958455199999 -36.771309003,-6.94063125100001 -36.77186376,-6.94160252900002 -36.770837046,-6.94271249399998 -36.770226481,-6.94385028400001 -36.77019876,-6.945210094 -36.770254198,-6.94618137200001 -36.77055948,-6.946875181 -36.770892483,-6.947430118 -36.771364446,-6.94817946199998 -36.772807316,-6.94867895599998 -36.772613284,-6.94998323700003 -36.773334722,-6.95125970399999 -36.774028439,-6.95114873799997 -36.77469444,-6.95181473899999 -36.775575724,-6.95391299900001 -36.777022925,-6.95647835900002 -36.779654166,-6.95516283199998 -36.780969607,-6.95693889099999 -36.78281172,-6.956938896 -36.783535316,-6.96029363999997 -36.785968927,-6.96167496100003 -36.786647163,-6.962749739 -36.78668748,-6.96415292500001 -36.786807721,-6.96511511800003 -36.786647163,-6.96619755199998 -36.786607206,-6.96711969 -36.786567238,-6.96780117100002 -36.78620616,-6.968282311 -36.786526922,-6.96888360000003 -36.787368961,-6.96972555100001 -36.788050446,-6.97100840799999 -36.788431324,-6.97246263 -36.789607083,-6.97337721000002 -36.793027799,-6.97252203400001 -36.793685519,-6.97028553000001 -36.795856322,-6.96956202699999 -36.796108682,-6.97064759599999 -36.796589642,-6.97124897800001 -36.797672163,-6.97189041500002 -36.799894437,-6.97274981800001 -36.802876318,-6.972486661 -36.802437841,-6.97406534100003 -36.801210242,-6.979064671 -36.804105003,-6.98170617599999 -36.8042796,-6.98511635599999 -36.802087201,-6.98792291699999 -36.799368124,-6.991694274 -36.798653526,-6.99243201199999 -36.798408,-6.99320745300002 -36.797973838,-6.99402779600001 -36.798338518,-6.99471693200002 -36.798623284,-6.996502706 -36.798579001,-6.99761807800002 -36.799449847,-6.99888356899999 -36.799716954,-7.000838638 -36.800373605,-7.00243739899997 -36.800137087,-7.00334063399998 -36.799994167,-7.00389134900001 -36.800139962,-7.00402896000003 -36.800283247,-7.00416135099999 -36.800346242,-7.00422885099999 -36.800880846,-7.00480664600002 -36.801495719,-7.00673921399999 -36.802538277,-7.00723242200002 -36.802500124,-7.00819370699998 -36.802479244,-7.00888887000002 -36.802500119,-7.009582679 -36.802526042,-7.01024364400001 -36.802216804,-7.01082800699999 -36.801997919,-7.01157798200001 -36.801949681,-7.01174294600003 -36.802082887,-7.01212283900003 -36.802815121,-7.01421200499999 -36.80286876,-7.01431793900002 -36.803102038,-7.01485650000001 -36.803749685,-7.015277513 -36.804593885,-7.01582274100002 -36.804932996,-7.01605610600001 -36.805535644,-7.01647083400002 -36.806093281,-7.01685459599997 -36.806489643,-7.017163735 -36.806314317,-7.01732205399998 -36.805046039,-7.01849699799999 -36.804697561,-7.01923571499998 -36.804731047,-7.02008676100002 -36.805296247,-7.02169874700002 -36.806436363,-7.022236862 -36.80693928,-7.02337994999999 -36.805806359,-7.02502604599999 -36.807271924,-7.02638396600003 -36.807211445,-7.02791297900001 -36.805017241,-7.030774167 -36.803050197,-7.03221695600001 -36.801743396,-7.033219014 -36.801534959,-7.03561167399999 -36.80187264,-7.03572425999999 -36.803802248,-7.03791693099998 -36.808275249,-7.03844315800001 -36.810643322,-7.03861856999998 -36.812397603,-7.04054807400001 -36.815642647,-7.044407191 -36.815028485,-7.04572271900003 -36.817133766,-7.047213747 -36.818189642,-7.04732300199998 -36.819677165,-7.04747690800002 -36.821782082,-7.04756456600001 -36.824237644,-7.04809079799998 -36.82599192,-7.04984489499998 -36.830377084,-7.05124826999997 -36.831395523,-7.05135006 -36.83300833,-7.05151133999999 -36.835990564,-7.05063428800003 -36.839849404,-7.05072203899999 -36.842217483,-7.05168675200002 -36.843445446,-7.05116051499999 -36.845171642,-7.05232682500002 -36.846690483,-7.05335319300002 -36.848707927,-7.054844215 -36.853268405,-7.05554585800002 -36.854471881,-7.05554585800002 -36.854123761,-7.05672161699999 -36.856738436,-7.058497676 -36.859205169,-7.05953376399998 -36.863003877,-7.06155641800001 -36.86498784,-7.06159062199998 -36.864911517,-7.06237955900002 -36.867937322,-7.06224807000001 -36.870765844,-7.06172183299998 -36.872541718,-7.06112981400003 -36.874975677,-7.06205070200002 -36.876686041,-7.06257693399999 -36.878133242,-7.06211648999999 -36.880435446,-7.06257693399999 -36.882145804,-7.06349781599999 -36.88368408,-7.06371768000002 -36.884448002,-7.06382675999998 -36.885566162,-7.06159026300003 -36.885697922,-7.05981419300002 -36.887210639,-7.05902480999998 -36.888986883,-7.05830130200002 -36.889710479,-7.05698567600001 -36.890170923,-7.05455180899997 -36.889644604,-7.051920661 -36.889662968,-7.05113648899999 -36.889710479,-7.04909214399999 -36.891289082,-7.04777651799998 -36.892394999,-7.04785743299999 -36.892293123,-7.04887767600002 -36.898256879,-7.04870225799999 -36.899835841,-7.04572029000002 -36.901677601,-7.04159810900001 -36.904747319,-7.04072097099998 -36.909746643,-7.04458007699998 -36.913693319,-7.04817603200001 -36.922551484,-7.050368703 -36.924832079,-7.05247362 -36.926498519,-7.05431547799998 -36.930532684,-7.05624497600002 -36.932286961,-7.05449087400001 -36.932813279,-7.05247362 -36.932258523,-7.051919037 -36.931585316,-7.05124574899997 -36.932374798,-7.04887767600002 -36.933076442,-7.04738663799998 -36.936636058,-7.04751376899998 -36.937987919,-7.047562051 -36.938514237,-7.04668499899998 -36.937812599,-7.04475548900001 -36.93908592,-7.04269376899998 -36.945144001,-7.04531205000001 -36.947643481,-7.04662767100001 -36.950471998,-7.04662767100001 -36.954089996,-7.04899575000002 -36.95571175,-7.04984841800001 -36.960470647,-7.052350499 -36.967311722,-7.052087331 -36.971850238,-7.05531051000003 -36.978794286,-7.05812876900001 -36.980237157,-7.05650076000001 -36.984233522,-7.05735180099998 -36.986934604,-7.05883175500003 -36.989598603,-7.06049684800001 -36.992595604,-7.06156982800002 -36.994408562,-7.06134788899999 -36.995962682,-7.06071888399998 -36.9973919,-7.060199135 -36.997997757,-7.05997880899997 -36.998031602,-7.06018157900002 -36.999664562,-7.05761045899999 -37.001884683,-7.055193062 -37.005634082,-7.05514373599999 -37.005930002,-7.05178898700001 -37.00682029,-7.05263471500001 -37.008279005,-7.051175908 -37.009944,-7.050260154 -37.011172315,-7.05069720199998 -37.012649759,-7.04988549299998 -37.015189208,-7.048303739 -37.015797962,-7.048268275 -37.017332636,-7.04817881899999 -37.019922844,-7.048572476 -37.021620238,-7.04949002799998 -37.021918685,-7.049698111 -37.023931075,-7.04748078199998 -37.027384566,-7.045310067 -37.029506044,-7.04442204100002 -37.030288684,-7.04438297399997 -37.03345272,-7.04422475899997 -37.038633125,-7.04447144699998 -37.045252439,-7.04178693699998 -37.045793525,-7.041183295 -37.046726645,-7.04072322100001 -37.04955696,-7.04008493999999 -37.051999199,-7.040306966 -37.053581046,-7.03878065999999 -37.054274758,-7.03947446400002 -37.055079365,-7.04091753 -37.058326206,-7.04058453300001 -37.057987086,-7.04033676300003 -37.059293165,-7.04011904599997 -37.060884004,-7.03823201500001 -37.06007004,-7.03638197999999 -37.059626162,-7.034716893 -37.057628159,-7.03290392999997 -37.056147835,-7.031460864 -37.054482841,-7.02961083399998 -37.0541844,-7.02775358899999 -37.055609645,-7.02626175300003 -37.055202475,-7.02470771899999 -37.058196962,-7.02383669900001 -37.060254357,-7.02362574099999 -37.062417602,-7.02262332499998 -37.064211119,-7.02209574 -37.064327399,-7.022053707 -37.066690805,-7.021198895 -37.069750802,-7.02009098899998 -37.072179724,-7.02043460300001 -37.074699004,-7.02012923400002 -37.076893925,-7.02056816700002 -37.078764476,-7.02144621299999 -37.081799279,-7.02156069 -37.085024886,-7.022515048 -37.088536683,-7.022973057 -37.093469041,-7.02296315199999 -37.097222402,-7.02189072099998 -37.100225157,-7.02189072099998 -37.102906081,-7.02328490899998 -37.105694283,-7.02371384399999 -37.108804316,-7.02371384399999 -37.112450405,-7.02264141199998 -37.114595285,-7.02081836999997 -37.116418315,-7.01888804700002 -37.117598046,-7.01813736000003 -37.118670477,-7.017601141 -37.120064763,-7.01652869999998 -37.120064763,-7.01620694299999 -37.120064763,-7.01502731599999 -37.120279323,-7.01331146899997 -37.121154842,-7.01265482999997 -37.122423838,-7.01170289599997 -37.123496286,-7.010844932 -37.12446144,-7.01063045900003 -37.127249636,-7.01052317599999 -37.129394521,-7.01127386799999 -37.131539405,-7.01277525099999 -37.133255164,-7.01298971900002 -37.136257921,-7.01481285300002 -37.139367965,-7.01556354000002 -37.141727399,-7.01502732099999 -37.142799841,-7.014920125 -37.145724122,-7.01274653600001 -37.148373364,-7.01091746899999 -37.150769881,-7.00978211799998 -37.152409681,-7.00807923100001 -37.155247919,-7.006502431 -37.15783416,-7.00524098699998 -37.160735398,-7.00435800299999 -37.162185843,-7.004231823 -37.165213441,-7.00385346100001 -37.166790235,-7.00341191500002 -37.168177679,-7.00215048199999 -37.168808401,-7.00057368199998 -37.169186763,-6.99861851700001 -37.169754479,-6.997230898 -37.171520644,-6.99527574299998 -37.17221436,-6.99363584499997 -37.17221436,-6.99262668 -37.172340367,-6.99086069499998 -37.172591645,-6.989856567 -37.172088006,-6.98877936000002 -37.171646639,-6.98814863699999 -37.171205282,-6.98701338000001 -37.171520637,-6.98594112199999 -37.171899005,-6.983229053 -37.171899005,-6.98121081599999 -37.17189901,-6.97900328999998 -37.17221436,-6.97717421700003 -37.173034078,-6.97534514400002 -37.175178604,-6.97326381400001 -37.176566044,-6.97187618999999 -37.176944763,-6.97061474600002 -37.177890847,-6.96878567900001 -37.179846002,-6.96575825500003 -37.17921528,-6.96361382700002 -37.17896292,-6.961532492 -37.17921528,-6.957685078 -37.178584558,-6.95604528400003 -37.176250678,-6.95295476199999 -37.176187682,-6.95106261199999 -37.176250683,-6.94898127200003 -37.17713376,-6.94727829200002 -37.178647564,-6.94425087399998 -37.178710564,-6.94204343899997 -37.178899918,-6.94034046000002 -37.17927828,-6.93825911900001 -37.181233446,-6.936556139 -37.183182843,-6.935662261 -37.185741356,-6.93617399599998 -37.191370322,-6.93617399599998 -37.19459556,-6.93573704599999 -37.192898161,-6.93425637000001 -37.19127528,-6.932962261 -37.188321838,-6.93122876699999 -37.186010642,-6.93020160100002 -37.18337832,-6.92878914099998 -37.180938602,-6.92763344700001 -37.178819998,-6.92634942199999 -37.17605916,-6.92435906999998 -37.17573804,-6.924038134 -37.17541692,-6.92294660900001 -37.175866562,-6.92166257899999 -37.177022157,-6.92095634899999 -37.177430396,-6.92086365 -37.178434802,-6.92063531500003 -37.179269283,-6.920250119 -37.180073884,-6.920206114 -37.181314084,-6.92022680899998 -37.182191765,-6.92043228 -37.18228572,-6.92045423600001 -37.183463994,-6.92101232900001 -37.184146203,-6.92123975599998 -37.184848918,-6.921281158 -37.185572518,-6.92109504299998 -37.186482241,-6.92053694800001 -37.187309158,-6.91985474500001 -37.187949959,-6.91913115 -37.189148761,-6.91877978700001 -37.190099886,-6.91826292299999 -37.191526201,-6.91747739700003 -37.192373999,-6.91693991800003 -37.193262846,-6.91572024700002 -37.193548682,-6.91444197599998 -37.193952966,-6.91363341200002 -37.193952961,-6.91208990899997 -37.193695553,-6.91080362899999 -37.193438525,-6.90922332000002 -37.193365082,-6.90797376500001 -37.193622125,-6.90624648099998 -37.19435724,-6.90543801000001 -37.195092365,-6.90492348200002 -37.197554762,-6.90378417099998 -37.198693437,-6.90233030799999 -37.200991681,-6.90306911699997 -37.203823442,-6.90327431499998 -37.204312319,-6.90286373999999 -37.206205919,-6.90353100099998 -37.207991155,-6.90457760700002 -37.211223244,-6.90522398899998 -37.211632919,-6.90520878000001 -37.214547479,-6.90510087199999 -37.214578081,-6.90480620800002 -37.215663846,-6.90500780899998 -37.216033198,-6.90529508999998 -37.217003041,-6.904436132 -37.217469598,-6.90402284999999 -37.217469598,-6.90225803800001 -37.217469598,-6.90016490599999 -37.218249359,-6.89803083499999 -37.219275357,-6.89667642500001 -37.219390555,-6.89625899700002 -37.221440404,-6.89507073099998 -37.222179121,-6.89368553600002 -37.22251752,-6.89177709199998 -37.222664043,-6.89053293199999 -37.224183959,-6.89061131900002 -37.224186481,-6.89069295100001 -37.226241366,-6.89087771999999 -37.228526645,-6.89002352699998 -37.229710325,-6.88961808599998 -37.230212161,-6.889446362 -37.230073566,-6.88762260300001 -37.230535085,-6.88616819700002 -37.231227727,-6.88531400400001 -37.232451359,-6.88605273100001 -37.232685724,-6.88598378699999 -37.232843761,-6.88593735299997 -37.232840164,-6.88572908999998 -37.232820723,-6.88459832500001 -37.232820723,-6.88376637200003 -37.233061206,-6.88378356300001 -37.232947805,-6.88263137899997 -37.232876519,-6.881905894 -37.233461166,-6.88045922999999 -37.233504725,-6.879362582 -37.234411204,-6.879409114 -37.235618998,-6.87825063299999 -37.235919602,-6.877962352 -37.235894934,-6.877494555 -37.235827081,-6.87620780999998 -37.234801806,-6.875304384 -37.235235964,-6.87540122899998 -37.235365921,-6.87481307799999 -37.235967122,-6.87452013000001 -37.23622704,-6.874347059 -37.236642474,-6.87400074499999 -37.2373002,-6.87346397699997 -37.237958279,-6.87278870699998 -37.237836962,-6.87207888 -37.238062318,-6.871833713 -37.238725804,-6.87228849100001 -37.239764401,-6.87205764100003 -37.24124184,-6.87037239099999 -37.242257758,-6.868202311 -37.242910801,-6.86741508 -37.242408959,-6.86649743999999 -37.242039602,-6.86559707999999 -37.240750436,-6.86387277400001 -37.241377567,-6.86410496600001 -37.241437128,-6.863434842 -37.241500683,-6.86271978100001 -37.2428856,-6.86050352900003 -37.242739077,-6.859704513 -37.24281828,-6.85976445400001 -37.243406165,-6.85902762299997 -37.243740239,-6.85928402600001 -37.244009524,-6.85915974199997 -37.24458444,-6.85889441699999 -37.245013202,-6.85845288100001 -37.245818162,-6.85803735000002 -37.24674012,-6.85741401199999 -37.246959364,-6.856949423 -37.247181477,-6.85647908999999 -37.247181477,-6.85588265799998 -37.248055567,-6.85596492500002 -37.248886799,-6.85427967499999 -37.24978572,-6.85323701900001 -37.25004096,-6.85294074000001 -37.2492792,-6.85254825099997 -37.248609601,-6.852756064 -37.248055562,-6.85146320899997 -37.247809683,-6.85087721600001 -37.248251762,-6.85082907499998 -37.248264727,-6.84919287299999 -37.248225845,-6.847660529 -37.248735962,-6.84683486699998 -37.248248525,-6.846675033 -37.248400443,-6.845677201 -37.248488279,-6.84578060500002 -37.25060472,-6.845829837 -37.251465846,-6.84487017100003 -37.251019795,-6.8442273 -37.250407802,-6.843344581 -37.250112599,-6.84223730500003 -37.249915676,-6.84137609800001 -37.250012521,-6.83936271300001 -37.251511921,-6.83855775299998 -37.251838079,-6.83837955199999 -37.252428843,-6.83690318999999 -37.251545402,-6.83561826300001 -37.251534964,-6.835070884 -37.250723163,-6.83398817800003 -37.251731882,-6.833028512 -37.252765438,-6.831995038 -37.25310996,-6.83133066699997 -37.252617844,-6.83051868000001 -37.251935999,-6.83039348900002 -37.251988203,-6.83024444500001 -37.252892526,-6.82956161700002 -37.252855442,-6.82869419899998 -37.253298597,-6.82777152300002 -37.253409124,-6.826664247 -37.253286725,-6.82603442800001 -37.25278164,-6.82406208100002 -37.252344962,-6.82351622900001 -37.25182224,-6.82286255600002 -37.250714877,-6.82193978800001 -37.249810566,-6.82123850800002 -37.248943322,-6.821035564 -37.24887672,-6.82145846899999 -37.248361202,-6.82113752800001 -37.245777835,-6.82042401199999 -37.244867401,-6.82035012300003 -37.242874076,-6.82035011699998 -37.242096837,-6.82040250599999 -37.242087839,-6.82011684499997 -37.242231483,-6.81990155599999 -37.24285896,-6.81939944800001 -37.243266842,-6.819085707 -37.243737359,-6.81870914899997 -37.243863007,-6.81817572400001 -37.243863007,-6.81764228700001 -37.24411176,-6.81742484699998 -37.244365202,-6.817202995 -37.244867043,-6.817108953 -37.24540056,-6.81698340299999 -37.245871084,-6.81673238600001 -37.246310642,-6.81648137799999 -37.246687199,-6.81610481400003 -37.247189046,-6.815665534 -37.24762824,-6.81528897099997 -37.248099121,-6.81497522900003 -37.248569639,-6.814724227 -37.249260123,-6.814504532 -37.249761959,-6.81431625300002 -37.250295482,-6.81412797000002 -37.250829001,-6.81397110099999 -37.251393842,-6.81375149899998 -37.252021315,-6.81365735999998 -37.252554838,-6.81353180899998 -37.25310132,-6.81322814700002 -37.253433238,-6.81271595999999 -37.253590198,-6.81218253499998 -37.253621521,-6.81164919000003 -37.253621521,-6.81108434800001 -37.253684163,-6.81058232800001 -37.253684163,-6.81008022600003 -37.253684157,-6.809515471 -37.253889367,-6.80917383500002 -37.25396676,-6.80904476900002 -37.254155045,-6.808574067 -37.254531602,-6.808166191 -37.255064767,-6.80788376700002 -37.255596117,-6.80763276499999 -37.255754165,-6.80707458000001 -37.255893478,-6.80654502200002 -37.256172125,-6.80612696899999 -37.256339164,-6.805541796 -37.256339164,-6.80504012900002 -37.256132885,-6.80460272800002 -37.255698364,-6.80423183699997 -37.255224596,-6.80398100899998 -37.254750841,-6.80375808100001 -37.254360602,-6.80342363900002 -37.253942636,-6.80314490400002 -37.253414166,-6.80311710699999 -37.253441882,-6.80292197599999 -37.253580124,-6.80242031500001 -37.253580124,-6.80191865799998 -37.253580124,-6.801416996 -37.253580124,-6.80091534500002 -37.25363592,-6.80038586900002 -37.253663641,-6.79985631199997 -37.253719442,-6.79935465099999 -37.253747522,-6.79885298800002 -37.253747522,-6.79832342600002 -37.253775238,-6.79782177499999 -37.25388684,-6.79732011300001 -37.25405388,-6.79684635199999 -37.254109682,-6.79634469000001 -37.254109682,-6.79584302799998 -37.254165477,-6.79534137100001 -37.254247918,-6.794895505 -37.254566159,-6.794519132 -37.254936604,-6.79414859500002 -37.255214518,-6.79373162899998 -37.255584957,-6.793361097 -37.256025243,-6.79310630800001 -37.256275805,-6.79266063199998 -37.256475597,-6.79233141600002 -37.256781244,-6.79193162500002 -37.257180844,-6.79161419899998 -37.257549838,-6.79123602300001 -37.257921723,-6.79092048199999 -37.258239241,-6.790532488 -37.258474318,-6.79008573099998 -37.258638478,-6.789884933 -37.258695719,-6.78964257000001 -37.258692121,-6.78897665599999 -37.258671241,-6.78847499400001 -37.258525082,-6.78799430999999 -37.258211515,-6.78759714400002 -37.257793559,-6.78726270099997 -37.257417356,-6.78692825799999 -37.257187321,-6.78644748200003 -37.257145565,-6.78594581499999 -37.25714556,-6.78544415800002 -37.257187321,-6.78494250099999 -37.25716644,-6.78444083400001 -37.257062037,-6.78393917699998 -37.256727599,-6.78352113 -37.256622843,-6.783019556 -37.256832002,-6.78253878499999 -37.256873764,-6.782016242 -37.25691552,-6.78151458100001 -37.25716644,-6.78103379999999 -37.257310084,-6.78074444800001 -37.25739648,-6.78057389899999 -37.25756352,-6.78009320400002 -37.25781444,-6.77963330300003 -37.257960605,-6.77913164699999 -37.258032603,-6.77862027600003 -37.258399798,-6.77829554800002 -37.258838639,-6.77802384400002 -37.259340116,-6.77791935400001 -37.259779327,-6.77764764 -37.260072009,-6.77722959300002 -37.260406435,-6.77681153499998 -37.260740878,-6.77641436800002 -37.260928798,-6.775933587 -37.261117083,-6.77545289800003 -37.261226164,-6.77513600399999 -37.261284117,-6.77497212200001 -37.261806844,-6.774867632 -37.262308321,-6.77480490400001 -37.262831038,-6.77480490400001 -37.26333252,-6.774763049 -37.263855242,-6.774595831 -37.264294083,-6.774324116 -37.264670282,-6.77398967900001 -37.265067367,-6.77361347999999 -37.265485685,-6.77327903600002 -37.265966282,-6.77311182400001 -37.266446884,-6.77294459400002 -37.266823448,-6.77258918799998 -37.26711576,-6.77217123399998 -37.267450197,-6.77179494299997 -37.267575845,-6.77129328000001 -37.267952044,-6.770937962 -37.268369998,-6.77064528 -37.268809204,-6.77037357699999 -37.269268919,-6.77016458600002 -37.269667081,-6.76985102899999 -37.270150204,-6.76999737300002 -37.270547283,-6.77033181600001 -37.270986118,-6.770582644 -37.271404084,-6.770289956 -37.271820599,-6.76983617899998 -37.271993045,-6.76960109700002 -37.272275284,-6.76916208199998 -37.272620164,-6.76878588300002 -37.272823922,-6.76875456499999 -37.272902402,-6.768503732 -37.273121646,-6.76804905300003 -37.273419724,-6.76761011999997 -37.273623482,-6.76713978100003 -37.273983843,-6.766732166 -37.274266081,-6.76630890299998 -37.274501159,-6.76582298699998 -37.274600519,-6.765565503 -37.274313244,-6.76513313800001 -37.273983322,-6.76497392599998 -37.273858564,-6.76491372100003 -37.273419724,-6.764647223 -37.27312056,-6.76427526200001 -37.272909244,-6.76429101299999 -37.272407402,-6.76427013300002 -37.271947681,-6.76406106000002 -37.271487965,-6.76385207499999 -37.271007004,-6.76368486699999 -37.270505521,-6.76362213300001 -37.270066327,-6.763329451 -37.26987732,-6.76323486000001 -37.269687243,-6.76281671599997 -37.269645477,-6.76229417799999 -37.269666363,-6.761792517 -37.26954072,-6.76129085999997 -37.269436317,-6.76076832299998 -37.269436323,-6.760266661 -37.269311039,-6.75974402700001 -37.268830079,-6.75955593200001 -37.268465404,-6.759248759 -37.268391243,-6.75871983299999 -37.268328602,-6.75821817000002 -37.268307721,-6.75769562800002 -37.268307721,-6.75719397199998 -37.268286846,-6.75669230900002 -37.268140323,-6.75619064799997 -37.26782676,-6.75579348100001 -37.267513203,-6.75539640199997 -37.26723888,-6.75534150800001 -37.267408795,-6.75504108299998 -37.267576198,-6.754539411 -37.26763884,-6.75403775400002 -37.26763884,-6.75351512999998 -37.267764841,-6.75330102100003 -37.267931517,-6.75309708200001 -37.268370363,-6.75284624900002 -37.268812442,-6.75259496500001 -37.268815322,-6.75245915599999 -37.268838723,-6.75194183999997 -37.268709484,-6.75144800800001 -37.268427246,-6.75101294900003 -37.26821664,-6.75072108299997 -37.268121599,-6.75058967500001 -37.267710115,-6.75028404 -37.267475039,-6.74982549200001 -37.267392598,-6.74931987000002 -37.26738072,-6.74879076299999 -37.267310162,-6.74827344200003 -37.26728676,-6.74776791099998 -37.267274883,-6.74723880499999 -37.26709884,-6.74676845599998 -37.267204683,-6.74620415800001 -37.267298649,-6.745710331 -37.267404481,-6.74520471400001 -37.267639557,-6.74474616600003 -37.268133482,-6.74462861900003 -37.268638914,-6.74462861400002 -37.269144359,-6.74464040999999 -37.269415084,-6.74420535000002 -37.269332642,-6.74369972699998 -37.268874003,-6.74347634899999 -37.268356681,-6.74341757600001 -37.267862762,-6.74331174399998 -37.267427877,-6.743041377 -37.2670398,-6.74267688200001 -37.266898679,-6.74248868400002 -37.266499077,-6.74280620799999 -37.265981762,-6.74287676599999 -37.265807159,-6.74298045199998 -37.265750641,-6.74287082799998 -37.265374083,-6.74252594699999 -37.264951081,-6.74219673099998 -37.26452772,-6.74191458400003 -37.264073041,-6.74169506800001 -37.263947763,-6.74120906600001 -37.264245481,-6.74077013800002 -37.264323961,-6.74026848699998 -37.264182839,-6.73978257099998 -37.263790802,-6.73943759799999 -37.263414609,-6.73909271700001 -37.26302256,-6.73876350199998 -37.262521083,-6.73871651299999 -37.262019242,-6.73871651799999 -37.26148104,-6.73875179800001 -37.261470608,-6.73857540199998 -37.261376643,-6.73807374 -37.2609846,-6.737744518 -37.260561603,-6.73746236599999 -37.260297001,-6.73742951600002 -37.260511202,-6.73703909699998 -37.260887407,-6.73669421699998 -37.261294918,-6.73638066500001 -37.261545839,-6.73592607299997 -37.261671117,-6.73544006999998 -37.261561325,-6.734938414 -37.261739882,-6.73448832100001 -37.262251086,-6.734264306 -37.262658962,-6.73395074400003 -37.263066479,-6.73365293900002 -37.263318475,-6.733198265 -37.263744004,-6.73291610699999 -37.264245481,-6.73302581899998 -37.26471564,-6.73321391799999 -37.265186164,-6.73341776299998 -37.265672166,-6.73355889099997 -37.26596988,-6.73360586799998 -37.26647172,-6.73366859800001 -37.266973203,-6.73371558000002 -37.267475039,-6.73379397299999 -37.267586282,-6.733818359 -37.26762912,-6.733637192 -37.267707605,-6.733104212 -37.267472165,-6.73264962000002 -37.267190285,-6.73222635100001 -37.267221603,-6.73172469000002 -37.267346881,-6.73123869099999 -37.267535165,-6.73076835299997 -37.267707605,-6.730298097 -37.26788004,-6.72981210500001 -37.268193603,-6.72938883099999 -37.268538478,-6.729012539 -37.268710924,-6.72854229400002 -37.268961475,-6.728087614 -37.269463322,-6.72807194500001 -37.269714242,-6.72852662899999 -37.270137244,-6.72879312200001 -37.270639086,-6.72873039299998 -37.271093765,-6.72851087800001 -37.271458087,-6.72816734399998 -37.271615042,-6.72768134699999 -37.271693522,-6.72717968500001 -37.271991246,-6.726756427 -37.272414596,-6.72647426399999 -37.272884766,-6.72628616499998 -37.27333944,-6.726035336 -37.273715644,-6.72565905099998 -37.274154479,-6.725392564 -37.274531037,-6.72504768300001 -37.274671795,-6.72454602099998 -37.274640483,-6.724044359 -37.274609164,-6.72352703799999 -37.274687639,-6.72302538100001 -37.275173647,-6.72283719000001 -37.275628327,-6.72261776699997 -37.275832085,-6.72214742800003 -37.276083005,-6.72169284099999 -37.276443361,-6.72206904000001 -37.276694281,-6.72252371899998 -37.27697652,-6.72294699299999 -37.277431199,-6.72316640600002 -37.277932682,-6.72319782199997 -37.278434523,-6.72326055000002 -37.278936005,-6.72338592099999 -37.279406523,-6.72360543100001 -37.279860838,-6.72384050800002 -37.280362685,-6.723856259 -37.280864157,-6.723856259 -37.281223083,-6.72387201100003 -37.281435122,-6.72341751200003 -37.281780002,-6.72302556099999 -37.282062241,-6.72260229199998 -37.282171687,-6.72210063 -37.28236976,-6.72176789399998 -37.282431959,-6.72166340799998 -37.28257308,-6.72117749799997 -37.28271387,-6.720886006 -37.282772667,-6.72076427299999 -37.282792689,-6.720722819 -37.282949285,-6.720236822 -37.283435282,-6.72008004000003 -37.283936759,-6.720048717 -37.284422762,-6.71992335700003 -37.2848148,-6.719609795 -37.28489328,-6.71932763699999 -37.284877441,-6.718935692 -37.28489328,-6.71843403499997 -37.284861957,-6.71793237399999 -37.284485763,-6.71757182800002 -37.284140877,-6.71719553700001 -37.283983922,-6.71670953900002 -37.284328803,-6.71633334000001 -37.284846118,-6.71622362900001 -37.285347959,-6.71605118899998 -37.285724158,-6.715706216 -37.286225646,-6.71564357900002 -37.286711644,-6.715502458 -37.287008365,-6.71541253200002 -37.287228964,-6.71534567600003 -37.287714962,-6.71518889999999 -37.288138323,-6.71492241300001 -37.288608487,-6.71473431300001 -37.288969201,-6.71437377299998 -37.289361238,-6.71401313600001 -37.289844714,-6.71370227400001 -37.289845443,-6.71330600900001 -37.289829598,-6.71280434800002 -37.289829598,-6.712302685 -37.289829604,-6.71178527699999 -37.2897198,-6.71126795700002 -37.2897198,-6.71076629999999 -37.2897198,-6.71024897900003 -37.2897198,-6.70971600399997 -37.2897198,-6.70918302400003 -37.2897198,-6.70868136299998 -37.28962584,-6.70817970000002 -37.289328121,-6.70777208999999 -37.289194563,-6.70730669699998 -37.288738444,-6.707277987 -37.288307519,-6.70698800999998 -37.287884164,-6.70672151799999 -37.28750796,-6.70636098300002 -37.287393841,-6.70635044800002 -37.287342007,-6.706074871 -37.28725849,-6.70557321400003 -37.287174603,-6.70507155199999 -37.287091081,-6.70456989100001 -37.286965803,-6.70406822799998 -37.286861035,-6.70352471299998 -37.286819274,-6.703023062 -37.28681928,-6.70252139399997 -37.286819274,-6.70201973799999 -37.286631359,-6.70153904799997 -37.286380439,-6.70110011499997 -37.286066882,-6.70070294999999 -37.285942685,-6.700495773 -37.285944478,-6.70030541900002 -37.28569716,-6.69986253000002 -37.285254004,-6.69954987 -37.284902283,-6.699172046 -37.284946918,-6.69861278899998 -37.284733081,-6.69854673100002 -37.284511322,-6.69842946099999 -37.284125044,-6.69807990200002 -37.283725443,-6.69776714900001 -37.283464808,-6.69729815900001 -37.28325636,-6.69682917300003 -37.282804925,-6.69660336599998 -37.28230092,-6.69653387800003 -37.281884041,-6.69622122200002 -37.281519362,-6.69587382600002 -37.281432595,-6.69535271799998 -37.2814848,-6.69484898600001 -37.281780002,-6.69441474199999 -37.282040644,-6.69396312200001 -37.28221416,-6.69349403899997 -37.282398483,-6.693174543 -37.282474795,-6.693042418 -37.282856764,-6.69269502200001 -37.283378036,-6.69266028099997 -37.283864403,-6.69266028099997 -37.283847125,-6.69219128999998 -37.283864403,-6.69168756400001 -37.283829841,-6.69116645499997 -37.283760358,-6.690662729 -37.283760358,-6.69015899700003 -37.283725443,-6.689637807 -37.283482444,-6.689168822 -37.28325636,-6.68869983100001 -37.283378036,-6.68819609899998 -37.283464802,-6.687674996 -37.283447518,-6.68715389900001 -37.283273638,-6.68668491300002 -37.282995719,-6.68625065800001 -37.282787282,-6.68578157500002 -37.28261376,-6.68531258399997 -37.282677842,-6.68511287899997 -37.282769999,-6.68482622800002 -37.282787282,-6.68432249599999 -37.282856764,-6.68381876500001 -37.28289168,-6.683315037 -37.283360758,-6.683141337 -37.283864403,-6.68312397199998 -37.284368043,-6.68324555999999 -37.284784922,-6.68357559200001 -37.28514996,-6.68392298800001 -37.285584117,-6.68425301899998 -37.2860532,-6.68460042100003 -37.28655684,-6.68470463900002 -37.287051846,-6.684853406 -37.287242646,-6.68482622800002 -37.28707452,-6.68472200999997 -37.286709839,-6.68435723699997 -37.286379722,-6.68395772399998 -37.286258404,-6.68347137400002 -37.286240767,-6.682967641 -37.286154001,-6.68246391399998 -37.285962843,-6.68190797900002 -37.285876087,-6.68138688099998 -37.285911008,-6.68086577899999 -37.286240762,-6.68048364100002 -37.286727118,-6.68036204600003 -37.286866805,-6.679971808 -37.286901004,-6.67987569000002 -37.28693556,-6.67937196299999 -37.286918282,-6.67883348999999 -37.286709845,-6.67836450499999 -37.28648412,-6.67787805099999 -37.286831527,-6.67751327899998 -37.287231122,-6.67718324700002 -37.287300604,-6.67667951499999 -37.287282957,-6.67615842399999 -37.28721348,-6.67565469099998 -37.286901004,-6.67523780699997 -37.28657088,-6.67483829899999 -37.286154001,-6.674543003 -37.28584152,-6.67412613499999 -37.28603232,-6.67365704700001 -37.286553602,-6.67365704700001 -37.286918282,-6.67330965100001 -37.287317882,-6.67355282800003 -37.287734755,-6.67384811900001 -37.288238401,-6.67390023000002 -37.288749962,-6.67385324200001 -37.288751039,-6.67335159100003 -37.288834561,-6.67284992899999 -37.289113203,-6.67243188200001 -37.289224805,-6.67193021999998 -37.289057402,-6.67145646400002 -37.288955161,-6.67124171299997 -37.288834561,-6.670982697 -37.288722958,-6.67048104600002 -37.288751039,-6.66997938499998 -37.28877876,-6.669477723 -37.288834561,-6.66897605499997 -37.289029686,-6.66850221200002 -37.289196714,-6.668028451 -37.289391839,-6.66755468999997 -37.289782078,-6.66716454300001 -37.290116526,-6.66674649100003 -37.290450959,-6.66630054299998 -37.290897005,-6.66604970999998 -37.29137076,-6.66585458999998 -37.291816442,-6.66560375699999 -37.292123158,-6.66518571500001 -37.292295245,-6.66495287700002 -37.292206686,-6.66476766199997 -37.291844521,-6.66437751000001 -37.29156588,-6.66393155700001 -37.29156732,-6.66351350999997 -37.291174196,-6.66316539000002 -37.290722401,-6.66288747099998 -37.290401646,-6.66266022399998 -37.290305522,-6.66259218099998 -37.289923559,-6.66224477999998 -37.289565719,-6.66214613599999 -37.289593436,-6.66199466900002 -37.289246045,-6.66162414199999 -37.288782721,-6.66141569500002 -37.288412281,-6.66106829799998 -37.288018446,-6.660697685 -37.287601561,-6.66041976000002 -37.28725416,-6.66004923399998 -37.287061925,-6.65981576600001 -37.2869298,-6.65965548000003 -37.286420407,-6.65956287300003 -37.286180283,-6.65967087199999 -37.285957084,-6.659771315 -37.285656121,-6.66018818800001 -37.285262285,-6.66051236700002 -37.284729843,-6.66053558999999 -37.284266519,-6.660790292 -37.283849646,-6.66111455800001 -37.283478842,-6.66146196 -37.283200922,-6.66190206200002 -37.282737958,-6.66213362799999 -37.282205162,-6.66197153899998 -37.281834717,-6.66162414199999 -37.281579836,-6.66118403600001 -37.281255483,-6.66067455000001 -37.281047041,-6.660211323 -37.280676601,-6.65986391600001 -37.280259717,-6.65956287300003 -37.279865886,-6.65923860100003 -37.279356476,-6.65914590099999 -37.278846724,-6.65907641899997 -37.278337314,-6.65889120399999 -37.277874001,-6.65863640999999 -37.277364607,-6.65863640999999 -37.277222404,-6.65860410300002 -37.277183158,-6.65838801000001 -37.276951678,-6.65787852400001 -37.276673764,-6.65746164500001 -37.27639584,-6.65702153299998 -37.275978961,-6.65672048900001 -37.275539045,-6.656396223 -37.275145197,-6.656002468 -37.2747744,-6.655655072 -37.274473437,-6.655238193 -37.274218561,-6.65477496199998 -37.273825078,-6.65442755499998 -37.273292277,-6.654334947 -37.272759488,-6.654334947 -37.27222704,-6.65431173000002 -37.271852287,-6.65423036499999 -37.271852287,-6.65412012100001 -37.271620796,-6.65402741600002 -37.271157483,-6.65381897899999 -37.271198157,-6.653560588 -37.271260077,-6.653035617 -37.271229122,-6.652510646 -37.270982163,-6.65204741899998 -37.270827723,-6.65155332099999 -37.270707118,-6.65123192800002 -37.270642319,-6.65105922200001 -37.270611364,-6.650503378 -37.270704238,-6.649978406 -37.270889278,-6.64948431400001 -37.271136608,-6.64883577000001 -37.270704244,-6.64911368899999 -37.270179364,-6.64914464899999 -37.269716041,-6.64886664300002 -37.269283682,-6.64855785100002 -37.268913243,-6.64821819100001 -37.268573399,-6.64781670000002 -37.268048519,-6.64775495999999 -37.267523282,-6.64775495999999 -37.266998404,-6.64775496599998 -37.266473519,-6.64775495999999 -37.266081123,-6.64765686499999 -37.265979605,-6.64763148100002 -37.265670721,-6.64719911600002 -37.265485322,-6.64667414500002 -37.265454367,-6.64614918500001 -37.265176443,-6.64571682100001 -37.264682518,-6.64553160100002 -37.264188245,-6.645377161 -37.263786835,-6.645068369 -37.263539882,-6.64460514299998 -37.263447361,-6.64411103999998 -37.263508922,-6.64358606799999 -37.263508922,-6.643061096 -37.263447361,-6.64253613099999 -37.263138482,-6.64210376599999 -37.262706124,-6.64179497499998 -37.262304719,-6.64148618299998 -37.2618414,-6.64127000899998 -37.261378077,-6.64096122299998 -37.260945723,-6.64065243099998 -37.260482764,-6.64040537900001 -37.259957527,-6.64022007699998 -37.259556122,-6.63991128499998 -37.259123763,-6.63963336 -37.258722364,-6.639324574 -37.258351919,-6.638984822 -37.258228439,-6.638490811 -37.258351919,-6.63799670600002 -37.258520398,-6.63749162699997 -37.258394403,-6.63750647699999 -37.257869519,-6.63747561000002 -37.257437165,-6.637197598 -37.257128281,-6.636796199 -37.256726882,-6.63645653399999 -37.256634003,-6.63596244600001 -37.256911917,-6.635530077 -37.257251766,-6.63509772399999 -37.257591599,-6.63472719200001 -37.257869519,-6.63423308199998 -37.257869519,-6.63370812199997 -37.257498721,-6.63333759 -37.257066357,-6.63302871100001 -37.256695922,-6.63268905199999 -37.256294523,-6.63234938199997 -37.256263558,-6.63182441599997 -37.256356084,-6.63129944399998 -37.256387038,-6.63077447900002 -37.256294518,-6.63028037499998 -37.256263558,-6.62972453600003 -37.256263558,-6.62919956500002 -37.256356078,-6.62870546599999 -37.256510513,-6.628211373 -37.256171038,-6.62762466200002 -37.255893124,-6.62740847200001 -37.255491725,-6.627068726 -37.255151882,-6.62669819899997 -37.255120921,-6.62617322800003 -37.255491725,-6.62583356800002 -37.25592372,-6.62611148799999 -37.256448963,-6.62617322800003 -37.256850362,-6.62586444099998 -37.257406206,-6.62583356800002 -37.257900125,-6.62574086900003 -37.258270917,-6.62540121000001 -37.258641363,-6.62499981000002 -37.259011797,-6.62466005900001 -37.259166242,-6.62416596100002 -37.258950247,-6.62367186199998 -37.258455964,-6.62345577000002 -37.258085524,-6.62311601800002 -37.257715079,-6.62271461900002 -37.257437165,-6.622251388 -37.257251766,-6.62175728900002 -37.257282715,-6.62123231200002 -37.257406206,-6.62070735200001 -37.257406206,-6.62018238100001 -37.257487201,-6.62000985399999 -37.257684125,-6.61971914899999 -37.257993004,-6.619317744 -37.258363438,-6.61897800399998 -37.258672323,-6.61857659999998 -37.25880192,-6.61830092999998 -37.258656837,-6.61815584599998 -37.25835588,-6.61773897299997 -37.258077966,-6.61732208900003 -37.257800041,-6.61690512299998 -37.25745264,-6.616534586 -37.257151319,-6.616117712 -37.257151319,-6.61560812800002 -37.257290279,-6.61509864200002 -37.25745264,-6.61461228100001 -37.257498726,-6.61410270300001 -37.257498721,-6.61357008099998 -37.257267241,-6.61310684900002 -37.256966278,-6.61268997000002 -37.256827319,-6.61220360900001 -37.256888879,-6.611676665 -37.257220802,-6.611300277 -37.257591599,-6.61095288000001 -37.257823085,-6.610466524 -37.258077966,-6.61000328699998 -37.25849484,-6.609655885 -37.259050678,-6.60944745400002 -37.259050678,-6.60923901199999 -37.259073722,-6.60872951499999 -37.259166242,-6.608219937 -37.259212676,-6.60771045000001 -37.259212681,-6.60720086600003 -37.259212681,-6.60666824999998 -37.259212681,-6.60615867199999 -37.259212681,-6.60562596400001 -37.259282164,-6.60507011999999 -37.259258756,-6.60481955799997 -37.258888323,-6.60442166799999 -37.258517878,-6.60405104900002 -37.258292521,-6.60388842200001 -37.258101004,-6.60375000599998 -37.257939001,-6.60326363899998 -37.257892562,-6.60275405499999 -37.257568203,-6.60233717599999 -37.257267241,-6.60192030299999 -37.257081842,-6.60143394099998 -37.256942882,-6.60092436299999 -37.2568734,-6.60039174100001 -37.256850362,-6.59983589699999 -37.256572437,-6.59939580100001 -37.256086087,-6.59921048899997 -37.255715278,-6.59886308699998 -37.255599725,-6.59835359599998 -37.2553218,-6.597913506 -37.254881526,-6.59758932099999 -37.254441603,-6.59731139600001 -37.254001681,-6.59705661300001 -37.253584802,-6.59677868799997 -37.253075045,-6.59647755100002 -37.25346888,-6.596153372 -37.253955242,-6.59599119000001 -37.254464641,-6.59585223099998 -37.254927965,-6.59564378900001 -37.255089957,-6.595597441 -37.2553218,-6.595597441 -37.25559972,-6.595180562 -37.255784766,-6.59469420099998 -37.256016599,-6.59423096299997 -37.256502965,-6.59402253299999 -37.257012359,-6.593999397 -37.257498721,-6.59413835700002 -37.258008478,-6.59418470999998 -37.258540916,-6.59420783899998 -37.259050684,-6.59411523199998 -37.259073722,-6.59360564899998 -37.259073722,-6.59309616199999 -37.258795802,-6.59267927799999 -37.258517878,-6.592262404 -37.258239964,-6.59184551999999 -37.258101004,-6.59135906699998 -37.258170481,-6.59084958 -37.258564317,-6.59047905400001 -37.258888323,-6.59006207700003 -37.259050678,-6.58957572100002 -37.259050684,-6.58906623000001 -37.259143204,-6.58855664599997 -37.259560083,-6.588255602 -37.260046444,-6.58841769200001 -37.260509763,-6.58862613399998 -37.260949685,-6.58888092299998 -37.26148248,-6.58895040499999 -37.261991885,-6.58906623000001 -37.262501642,-6.58888092299998 -37.263011042,-6.58883457100001 -37.263543842,-6.58869561099999 -37.263660117,-6.588637468 -37.263763798,-6.58874196300002 -37.264192207,-6.58897352999998 -37.264725002,-6.58892727 -37.265211358,-6.58878831099997 -37.265697725,-6.58857986800001 -37.266099841,-6.58846017000002 -37.2663666,-6.58892330899999 -37.266783479,-6.58923596400001 -37.267291807,-6.58919691400001 -37.267799762,-6.58918385800001 -37.268294767,-6.58905363500003 -37.26880308,-6.58905363500003 -37.269324004,-6.58907964500003 -37.269831962,-6.58907964000002 -37.270340281,-6.58897542099999 -37.270822323,-6.588832142 -37.271330281,-6.58883213600001 -37.271838241,-6.58876698400002 -37.272177726,-6.58877345600001 -37.272229202,-6.58827188599997 -37.272046683,-6.58777688499998 -37.272046683,-6.58725579399999 -37.272502802,-6.58704735200001 -37.272932645,-6.58678671000001 -37.2733758,-6.58655225899997 -37.273779362,-6.58623960300002 -37.273623118,-6.586044206 -37.273414681,-6.58557512900001 -37.273427646,-6.58506707100003 -37.273451765,-6.58486332400003 -37.273597206,-6.58458503600002 -37.273883765,-6.58415510600003 -37.274261393,-6.58380339500002 -37.274717523,-6.583581901 -37.27492596,-6.583112911 -37.275042604,-6.582833188 -37.27505628,-6.58256571200002 -37.275473159,-6.582279148 -37.275903002,-6.58200555399998 -37.276176601,-6.58156256699999 -37.276463155,-6.58114568799999 -37.276623006,-6.580790734 -37.276400877,-6.58060794300002 -37.276146359,-6.58009845100003 -37.276146359,-6.57958887299998 -37.276169402,-6.57907938199997 -37.276261922,-6.578477185 -37.2763314,-6.578074802 -37.276349042,-6.57757106999998 -37.276366315,-6.577067344 -37.276383598,-6.57656352499998 -37.276470359,-6.57604241600001 -37.276522558,-6.57550394899999 -37.27659204,-6.57498285100002 -37.276783205,-6.57451386100001 -37.277061124,-6.57409698200001 -37.277182799,-6.573593249 -37.277008919,-6.573124259 -37.276765921,-6.57267255199997 -37.27650528,-6.57218618500002 -37.276227361,-6.57173456999999 -37.275827759,-6.57140454400002 -37.275619317,-6.57091817700001 -37.275428159,-6.57039708000002 -37.27560204,-6.57035460200001 -37.275008036,-6.57024830799998 -37.2744756,-6.57024831400003 -37.273919756,-6.57017883100002 -37.273386966,-6.57017883100002 -37.272877561,-6.57006299599999 -37.272321717,-6.56997038899999 -37.271788922,-6.56997038899999 -37.271279159,-6.56994716700001 -37.271041919,-6.56988434499999 -37.270792802,-6.56981981799998 -37.270283404,-6.569634511 -37.269787675,-6.56964377499997 -37.269287638,-6.56951876800002 -37.268824325,-6.56928710900002 -37.268361006,-6.56905554299999 -37.267874634,-6.568893355 -37.267318801,-6.56887023000002 -37.266809402,-6.56875440099998 -37.266276601,-6.56863866399999 -37.265767202,-6.56856918099999 -37.265257444,-6.56852282800003 -37.264748045,-6.56845334600001 -37.264238641,-6.56838387400001 -37.263728877,-6.568314386 -37.263414603,-6.56841437700001 -37.263358438,-6.568314386 -37.262941565,-6.56801334800002 -37.26243216,-6.56803646700001 -37.261922397,-6.567874378 -37.261389601,-6.56785116100002 -37.260880197,-6.56778168400001 -37.260379801,-6.56759637099998 -37.260142203,-6.567464067 -37.259742602,-6.56713404200002 -37.259308445,-6.566873493 -37.2589956,-6.566456609 -37.258683124,-6.56600498799997 -37.258387562,-6.56558810899998 -37.25812728,-6.56513648999999 -37.25798832,-6.564650046 -37.257970683,-6.56414630900002 -37.257866639,-6.56367731799998 -37.258142765,-6.563332796 -37.257980399,-6.56284643999999 -37.257725523,-6.56238320900002 -37.257355078,-6.56203580699997 -37.257030719,-6.56161892799997 -37.256683317,-6.56124840199999 -37.25628984,-6.560901 -37.255942438,-6.56053038099998 -37.255618085,-6.56006715000001 -37.255525564,-6.55995140700003 -37.255270677,-6.55969661799998 -37.255270683,-6.55918713199998 -37.255224244,-6.55863119499998 -37.254761284,-6.55842276499999 -37.254228483,-6.55835328199998 -37.253904124,-6.55795962000002 -37.253649601,-6.55751951299999 -37.253834636,-6.55703316300003 -37.254182049,-6.55663940800002 -37.25452944,-6.55622252900002 -37.25439048,-6.55571304300003 -37.253858043,-6.55578252100003 -37.253302199,-6.555828781 -37.252699921,-6.55582877500001 -37.252190164,-6.555828781 -37.251680765,-6.55578252100003 -37.251194403,-6.55562033899997 -37.250684998,-6.55543511899998 -37.250152203,-6.55536563599998 -37.249619403,-6.55536563599998 -37.249063564,-6.55527294199999 -37.24864668,-6.55490240400002 -37.24813728,-6.55487928000002 -37.247822278,-6.55487928000002 -37.24760448,-6.55487928000002 -37.24709508,-6.55487928000002 -37.246585323,-6.55487928600002 -37.246098961,-6.555087722 -37.245636001,-6.55534242499999 -37.245195721,-6.55562033899997 -37.244663284,-6.555574084 -37.244292481,-6.55522668200001 -37.243899004,-6.55487928000002 -37.243551596,-6.554508656 -37.243065241,-6.55430021900003 -37.242532439,-6.55427708899998 -37.241999644,-6.55425386600001 -37.241721719,-6.55383698700001 -37.24121232,-6.55379073300003 -37.240632362,-6.55379289000001 -37.240579083,-6.55362855099997 -37.24041708,-6.55314218900003 -37.240394042,-6.55263270400002 -37.24041708,-6.55212311999998 -37.240440129,-6.55159040500001 -37.240533001,-6.55108092500001 -37.24078752,-6.55064082400003 -37.241134921,-6.55027029199999 -37.241505724,-6.54987653799998 -37.241714161,-6.54941331700002 -37.241853121,-6.54892695000001 -37.241829725,-6.54841745300001 -37.241949961,-6.54816509800003 -37.242061563,-6.547931103 -37.242501485,-6.54767630800001 -37.242964798,-6.54739838799998 -37.24349724,-6.54732891100002 -37.244007003,-6.54732890600002 -37.244469241,-6.54719813999998 -37.244863799,-6.54681933299997 -37.245211206,-6.54644879599999 -37.245697557,-6.54628671099999 -37.246160875,-6.54607826900002 -37.246577765,-6.54575400300001 -37.247063403,-6.54562728000002 -37.247064126,-6.54529076599999 -37.247272569,-6.54480440999998 -37.247481,-6.54434117900001 -37.247411523,-6.54383169200003 -37.247388479,-6.54332210899997 -37.247388479,-6.54281262299997 -37.247226118,-6.54227991400001 -37.246994638,-6.54181667799998 -37.24680924,-6.54133031600003 -37.246438805,-6.54093656700002 -37.246114441,-6.54051968800002 -37.245720964,-6.54019542200001 -37.245697557,-6.53968593100001 -37.245165125,-6.539709061 -37.244655362,-6.53968593100001 -37.244238478,-6.53940801200002 -37.244192402,-6.53889852499998 -37.243937521,-6.53845841899999 -37.243752122,-6.53797206299998 -37.243775159,-6.53746247300001 -37.243868044,-6.536952993 -37.244271606,-6.53669819800001 -37.244030041,-6.53639714899998 -37.243613162,-6.53611923 -37.24317324,-6.53584130500002 -37.242779399,-6.53551703800002 -37.242478442,-6.53510015900002 -37.24213104,-6.53468328100001 -37.24182972,-6.53426640200001 -37.241505719,-6.53384952300001 -37.241297277,-6.53336306900002 -37.241019368,-6.53294619100001 -37.240810915,-6.53243669800003 -37.240671956,-6.53190398999999 -37.240671961,-6.53139450399999 -37.240718042,-6.53088492000001 -37.240671961,-6.530375429 -37.240463524,-6.52991219699999 -37.240139166,-6.52949531799999 -37.240116123,-6.52896261000001 -37.240394036,-6.528545737 -37.24078752,-6.52822145900001 -37.241297282,-6.52803615300002 -37.241760242,-6.527804575 -37.242154078,-6.527480314 -37.242617402,-6.52724873599999 -37.243085045,-6.52709996900001 -37.243223641,-6.52671476199998 -37.243223641,-6.52621104100001 -37.243223641,-6.52570730899998 -37.24364052,-6.52542165199998 -37.243328044,-6.52487931000002 -37.243050119,-6.52444506099999 -37.242737285,-6.52401072499998 -37.242511559,-6.523541728 -37.242198719,-6.52314222000001 -37.241834044,-6.52279482300003 -37.241312762,-6.52269059999998 -37.241067595,-6.522655945 -37.240809122,-6.52263848799998 -37.240392238,-6.52295114899999 -37.240027564,-6.523368033 -37.239506281,-6.52343751000001 -37.23901992,-6.52361121600001 -37.238533564,-6.52375017000003 -37.238012641,-6.52390649500001 -37.237595762,-6.52423661900002 -37.237057202,-6.52437558399998 -37.236553562,-6.52425398899999 -37.236084479,-6.52404546499997 -37.235615401,-6.52383701799999 -37.235198522,-6.52352435799997 -37.234851125,-6.52315959600003 -37.234538644,-6.52272534100001 -37.234312565,-6.52227371499998 -37.233982442,-6.52183947700001 -37.233774005,-6.52137047500003 -37.233739437,-6.52121802400001 -37.2335832,-6.52083417 -37.233465844,-6.520713032 -37.233166321,-6.52053446799999 -37.232684279,-6.52037813800001 -37.232228165,-6.52014369099999 -37.231863486,-6.51976587299998 -37.231615798,-6.51932289199999 -37.2312252,-6.51897116999999 -37.230756123,-6.51874968200002 -37.23032629,-6.518463113 -37.229802123,-6.51839220199997 -37.229673965,-6.51789368599998 -37.229428081,-6.51740184200003 -37.22915484,-6.51696471299999 -37.228827238,-6.51652748599997 -37.228526645,-6.51611771900002 -37.228116602,-6.51576248800001 -37.227815998,-6.51535262900001 -37.227716647,-6.51524535200002 -37.227461038,-6.51497013300002 -37.22710572,-6.51461489600001 -37.226805121,-6.514205129 -37.2265866,-6.513740638 -37.226313358,-6.51330341599999 -37.226040117,-6.51286628700001 -37.225657442,-6.51253842400001 -37.22527512,-6.51218319200001 -37.224974521,-6.51177333300001 -37.224623528,-6.51139533100002 -37.224318963,-6.51098096700002 -37.224318963,-6.51046184799998 -37.224510128,-6.50999736199998 -37.224947159,-6.50969685500002 -37.225445403,-6.509649416 -37.225466283,-6.50945088399999 -37.225384554,-6.50890449500002 -37.224892444,-6.50876787099998 -37.224400682,-6.50895911700002 -37.22390892,-6.50876786600003 -37.223799485,-6.50824865999999 -37.223694001,-6.50793204299998 -37.223635684,-6.50775689699998 -37.22344452,-6.50729240999999 -37.223307723,-6.506773286 -37.223362437,-6.506226809 -37.223417163,-6.50570769500001 -37.223417157,-6.50518856999997 -37.223494926,-6.50469644899999 -37.223826843,-6.504204964 -37.223991002,-6.50371310999998 -37.224127441,-6.50322126600003 -37.224428045,-6.50281148800002 -37.224318963,-6.50262014499998 -37.224182156,-6.502101025 -37.224100084,-6.50158191100002 -37.224072721,-6.50103543500001 -37.224115199,-6.50076695799999 -37.223745119,-6.50057094800002 -37.223362432,-6.50024306799997 -37.22300712,-6.49988793 -37.222815961,-6.49942343800001 -37.222791489,-6.49934972800003 -37.222652165,-6.49893158899999 -37.22218776,-6.49874034300001 -37.221695639,-6.49857636299998 -37.221340679,-6.49822121800003 -37.221313317,-6.49770209899998 -37.221203883,-6.49715562199998 -37.221067444,-6.49666377300002 -37.221149157,-6.49614464799998 -37.221130081,-6.495609065 -37.220766845,-6.49529765900002 -37.220719683,-6.49519758100001 -37.220548319,-6.49483317300002 -37.220411527,-6.494341319 -37.220083925,-6.49395882300001 -37.219783321,-6.49354896400001 -37.219701239,-6.49302983799998 -37.219728601,-6.492510724 -37.219728601,-6.49199160000001 -37.219701239,-6.491445118 -37.219591804,-6.49089864000001 -37.219291564,-6.49046150599997 -37.219018323,-6.48999701899999 -37.218772081,-6.48955989000001 -37.218526203,-6.48912266899998 -37.218471118,-6.48898865899997 -37.218335038,-6.488658176 -37.21797972,-6.48827568000002 -37.217733841,-6.48783855099998 -37.217433602,-6.48742869199998 -37.217160361,-6.48699147100001 -37.216859762,-6.48652698400002 -37.21666824,-6.486035216 -37.216504438,-6.48554336699999 -37.216394999,-6.48502425300001 -37.216285923,-6.48480563999999 -37.216243444,-6.48461628500002 -37.215799926,-6.48461628500002 -37.21577328,-6.48443610200002 -37.215653403,-6.48383391599998 -37.215163444,-6.48340938199999 -37.215036004,-6.48281105900003 -37.214866079,-6.48222434799999 -37.214549642,-6.48205451600001 -37.214480518,-6.48214820999999 -37.214501399,-6.48176121400002 -37.214517601,-6.48115937699998 -37.214208717,-6.48063882299999 -37.214004241,-6.48020483900001 -37.21394844,-6.480085772 -37.213737124,-6.47951651800003 -37.213753326,-6.478914691 -37.213769523,-6.47829656900001 -37.213525438,-6.477711032 -37.213102441,-6.47725554200002 -37.212900481,-6.47717139000002 -37.212517082,-6.47701154999999 -37.212386762,-6.47697905799998 -37.212191642,-6.47650737200001 -37.2122244,-6.47588925000002 -37.212000842,-6.47540513899997 -37.212374885,-6.47491014299999 -37.2126312,-6.47436114499999 -37.2126312,-6.47375120599997 -37.212655319,-6.47345843699998 -37.212606717,-6.47320221400003 -37.212313677,-6.47267760099999 -37.21221612,-6.472079909 -37.212196321,-6.47157033100001 -37.212191996,-6.47145773900002 -37.212143046,-6.47084772400001 -37.21253328,-6.47038412799998 -37.21282632,-6.46983521800001 -37.212896525,-6.469808306 -37.212911641,-6.46942040300002 -37.213106766,-6.46884702099999 -37.213119002,-6.46823709199998 -37.213507442,-6.46796898000002 -37.213631281,-6.46788330099997 -37.214253363,-6.46788330099997 -37.214875799,-6.46788330599998 -37.215412566,-6.46817607000003 -37.215961564,-6.46852985599998 -37.216559164,-6.468651808 -37.217169364,-6.468651808 -37.217742481,-6.46850546500002 -37.218291484,-6.46823709199998 -37.218828246,-6.46851761400001 -37.219438082,-6.468676292 -37.220036035,-6.46854210800001 -37.220499722,-6.46811504700003 -37.221048725,-6.46784666899998 -37.221609601,-6.46813944299998 -37.221791761,-6.468297479 -37.22217084,-6.468090657 -37.222756563,-6.46788330099997 -37.223000643,-6.46733429800003 -37.223159038,-6.46699275399999 -37.223683553,-6.467346545 -37.224232561,-6.46771248499999 -37.224818283,-6.46795647200003 -37.225415884,-6.46810289799998 -37.226050202,-6.46810289799998 -37.226641325,-6.46804403800002 -37.226623678,-6.467932077 -37.226794319,-6.46744409600001 -37.227135967,-6.46693173 -37.227299035,-6.46683776499998 -37.227672718,-6.46662672000002 -37.228185361,-6.466309561 -37.228795202,-6.46607780900001 -37.229380561,-6.46583381599999 -37.2299418,-6.46557758699998 -37.230405488,-6.46516286500002 -37.2307104,-6.46460163199998 -37.231204684,-6.46413497700001 -37.231051325,-6.46372250500002 -37.230805441,-6.46325117700002 -37.230933964,-6.46286562199998 -37.230969243,-6.462759328 -37.231440836,-6.46253397100003 -37.231788961,-6.46212410700002 -37.232157966,-6.46177571700002 -37.232670239,-6.461611834 -37.233120957,-6.46185770699998 -37.233612714,-6.46196021899999 -37.234104841,-6.46210359600002 -37.234617119,-6.46216505899997 -37.235088365,-6.461980649 -37.235580127,-6.46181675999998 -37.2360924,-6.46185771299997 -37.236420361,-6.46142741900002 -37.236830036,-6.46107902799997 -37.237281123,-6.460833149 -37.237772881,-6.46073064299998 -37.238285165,-6.46068968999998 -37.238797443,-6.46068969599997 -37.239330245,-6.46062821700002 -37.239822001,-6.460525711 -37.240272725,-6.46021835800002 -37.240662241,-6.45980850500001 -37.241010724,-6.45943968400002 -37.241133482,-6.45894782400001 -37.241277125,-6.45843554999999 -37.241745479,-6.45821081999998 -37.242260643,-6.45823061800002 -37.242772922,-6.45839451299997 -37.243182602,-6.45870195100002 -37.243633679,-6.458927308 -37.244145963,-6.45894782400001 -37.244514604,-6.458579009 -37.24463772,-6.45808715999999 -37.244678758,-6.45757487600002 -37.244699281,-6.457042081 -37.244719802,-6.45652970899999 -37.24463772,-6.45595596200002 -37.24453512,-6.45546419999999 -37.244309758,-6.45497235099998 -37.243961286,-6.45454196999998 -37.243694881,-6.45411168099997 -37.243838524,-6.45361983200002 -37.244022836,-6.45314859199999 -37.244268721,-6.45269768899999 -37.244596682,-6.45230835199999 -37.244945164,-6.45185754699997 -37.245232081,-6.45142724700003 -37.245416405,-6.45091488200001 -37.245703316,-6.45050502800001 -37.246174557,-6.45025913900002 -37.246584247,-6.44997222199999 -37.246700522,-6.44992875399998 -37.247076357,-6.44978781200001 -37.247568124,-6.44962391799999 -37.24810092,-6.44945994300002 -37.248633727,-6.449316479 -37.249125483,-6.44917310699998 -37.249494483,-6.44882472199998 -37.249863118,-6.44843537999998 -37.250191079,-6.44800499899998 -37.250559726,-6.44763618399998 -37.250682836,-6.44714433500002 -37.250846637,-6.44663205000001 -37.251113038,-6.44618123999999 -37.251502565,-6.44581233299999 -37.251871565,-6.44542298499999 -37.252383838,-6.44538203799999 -37.252363327,-6.44521806300003 -37.252446485,-6.44501564699999 -37.2526092,-6.44476725300001 -37.252977841,-6.444398433 -37.253244241,-6.44396805100001 -37.253777042,-6.44386563799998 -37.254289316,-6.44370165200002 -37.254719887,-6.44343525099998 -37.255130642,-6.44343525099998 -37.255150083,-6.44327135700001 -37.255211643,-6.44275899100001 -37.255436995,-6.44228765899999 -37.2557034,-6.44181641900002 -37.25590824,-6.44134508600001 -37.255928762,-6.44081228499999 -37.256072405,-6.44032043599998 -37.256236207,-6.43978764100001 -37.256379845,-6.439295878 -37.256625718,-6.43884498099999 -37.257055919,-6.438558151 -37.257588725,-6.438537629 -37.258142037,-6.43847616099998 -37.258633799,-6.43837373500003 -37.25910504,-6.438189244 -37.259596801,-6.43802534500003 -37.259945285,-6.43790240300001 -37.260273246,-6.43751307100001 -37.260601207,-6.43712364200002 -37.260867602,-6.43665239699999 -37.26115416,-6.436201504 -37.261441088,-6.43577120999998 -37.261789566,-6.43538186799998 -37.262301839,-6.43532039899998 -37.262834646,-6.43532039899998 -37.263346913,-6.43527935600002 -37.263756957,-6.43495149300003 -37.26408456,-6.43450067600003 -37.264269242,-6.43402934900001 -37.26457668,-6.43361949000001 -37.265047915,-6.43339412900002 -37.265519166,-6.433168679 -37.266010923,-6.43298426400003 -37.266523202,-6.43286132700001 -37.267056003,-6.43282028900001 -37.26760932,-6.432799859 -37.268121599,-6.43284081100001 -37.268135281,-6.43160007400002 -37.268417155,-6.43117697899999 -37.268734679,-6.43078908199999 -37.269052202,-6.430401179 -37.269298797,-6.429942719 -37.269475205,-6.42944907100002 -37.269757444,-6.429025895 -37.270039323,-6.42860280000002 -37.270074598,-6.42807387300002 -37.270039323,-6.42754485400002 -37.270004045,-6.42701592200001 -37.269898202,-6.42652226899997 -37.269871925,-6.42632399799999 -37.269828007,-6.42599333700002 -37.269828002,-6.42569139 -37.269828002,-6.42542912599998 -37.269651606,-6.42493548300001 -37.269334082,-6.424512306 -37.269016917,-6.42412439899999 -37.268840522,-6.42363075100002 -37.268840522,-6.42306653999998 -37.268840522,-6.42250232800001 -37.268840527,-6.421973396 -37.268840527,-6.42144446899999 -37.268840522,-6.420915444 -37.268840527,-6.42038652299999 -37.268628841,-6.41992814899999 -37.268346961,-6.41950496700002 -37.267958885,-6.419152344 -37.267606441,-6.418764452 -37.267359481,-6.418306073 -37.267288917,-6.41777705999999 -37.267253638,-6.41724812699999 -37.267253638,-6.41671920099998 -37.267430045,-6.41622554700001 -37.267676641,-6.41576709200001 -37.267888315,-6.41530871800001 -37.267958885,-6.414779796 -37.267958885,-6.41425085899999 -37.26764172,-6.41382768300002 -37.267359487,-6.413404501 -37.267218364,-6.41287557499999 -37.267112521,-6.41238192100002 -37.267112521,-6.41196908500001 -37.267112521,-6.41185298900001 -37.267218359,-6.41132397500002 -37.267535877,-6.41090087999999 -37.267923605,-6.41051297799999 -37.268311687,-6.41019563899999 -37.268523004,-6.409737183 -37.268734684,-6.409278723 -37.268840522,-6.40878507000002 -37.269157681,-6.40839717300003 -37.269228245,-6.40786824000003 -37.269228245,-6.40733930800002 -37.269206641,-6.40701135299997 -37.269097919,-6.40700793000002 -37.26850284,-6.40687922900003 -37.2679236,-6.40668609199997 -37.26734436,-6.40649303700002 -37.266732715,-6.40663784399999 -37.266169676,-6.40691136200002 -37.265558401,-6.406943582 -37.264947126,-6.406927467 -37.264335486,-6.406734417 -37.264222802,-6.40612304899997 -37.264110483,-6.405527699 -37.263772443,-6.40499678899999 -37.26354744,-6.40496637299998 -37.263177005,-6.40491633599999 -37.262565724,-6.40494845799998 -37.261986484,-6.40510938 -37.261359001,-6.40528641200001 -37.260747719,-6.405447235 -37.260168479,-6.40565639499999 -37.259557198,-6.40559204599998 -37.259345523,-6.40556351499998 -37.25896176,-6.40551158800002 -37.258286049,-6.405543814 -37.257674763,-6.405543808 -37.257031082,-6.405543808 -37.25650008,-6.40525419199997 -37.255937043,-6.40491633099998 -37.2553416,-6.40499678899999 -37.255091765,-6.40517175000002 -37.254875038,-6.40539900200002 -37.254472921,-6.405849547 -37.253941925,-6.40613907199997 -37.253346487,-6.40599426099999 -37.252783444,-6.40576907799999 -37.252220401,-6.40546335099998 -37.251872999,-6.40524618199998 -37.252011241,-6.40481976199999 -37.251689404,-6.404256632 -37.25136756,-6.40374182699998 -37.250868963,-6.40335564100002 -37.250370002,-6.40301778100002 -37.249919642,-6.40258334599997 -37.249755124,-6.40257929799998 -37.249275961,-6.40256733400003 -37.248761161,-6.40290519500002 -37.248149881,-6.40303388500001 -37.247506205,-6.40300166499998 -37.246862878,-6.40292130500001 -37.246202995,-6.40288907399997 -37.245591725,-6.40282472600001 -37.244996277,-6.40267992000003 -37.244385006,-6.40245464499998 -37.243789564,-6.40221336299999 -37.243226526,-6.40198809399999 -37.242840236,-6.401521532 -37.242245164,-6.40169847099997 -37.241843042,-6.40216502800001 -37.24155324,-6.402728158 -37.241456764,-6.40333962400001 -37.241183165,-6.40388663800002 -37.240603924,-6.404144041 -37.239992643,-6.404127931 -37.239397205,-6.40393488199999 -37.23881796,-6.40369349600002 -37.23866244,-6.40365146900001 -37.238705646,-6.40353266699998 -37.238415844,-6.40300166499998 -37.238238719,-6.40242252199999 -37.238238725,-6.40179503899998 -37.238415844,-6.401215799 -37.238464081,-6.40060442499998 -37.238142238,-6.40007342799998 -37.237933079,-6.399478171 -37.237723925,-6.39891504600001 -37.237636077,-6.39863630600001 -37.237498922,-6.39828756200001 -37.23696792,-6.39799793899999 -37.236624837,-6.39800675800001 -37.236662284,-6.39791748099998 -37.236324239,-6.397418797 -37.23584148,-6.39704871100002 -37.235326686,-6.39669474499999 -37.234779845,-6.39642123200002 -37.234200604,-6.39619595699997 -37.233701642,-6.395825876 -37.233460437,-6.395793303 -37.233408244,-6.39547155299999 -37.233424082,-6.39484406899999 -37.233633236,-6.394280939 -37.234099804,-6.39389474799998 -37.234502284,-6.39342819699999 -37.234904395,-6.392977739 -37.235258279,-6.392446742 -37.235306522,-6.39183536899998 -37.235387159,-6.391240106 -37.2354192,-6.39062865 -37.235660764,-6.39003339300001 -37.235768042,-6.390000542 -37.235773079,-6.38987247099999 -37.235805478,-6.38926109699997 -37.236062881,-6.38869796699998 -37.2364812,-6.38815095199999 -37.236400556,-6.38753957900002 -37.236014638,-6.38707292999999 -37.235580122,-6.38662248399999 -37.23496884,-6.386606368 -37.234566725,-6.38610759099998 -37.234035727,-6.38576972999999 -37.233488523,-6.38551233300001 -37.232925479,-6.38525492999997 -37.232378286,-6.38499743599999 -37.231783201,-6.38470781299998 -37.231252204,-6.38441828700002 -37.230769445,-6.38404821199998 -37.230531842,-6.38396864499998 -37.230447602,-6.38330804499998 -37.230206402,-6.38269668200002 -37.229916963,-6.38208531399999 -37.229817583,-6.38184041099998 -37.22967541,-6.38149005100001 -37.229121729,-6.381189447 -37.228533127,-6.38089470099999 -37.228146838,-6.38037990100003 -37.227648241,-6.38000982 -37.227048843,-6.37996248399998 -37.226765163,-6.379788152 -37.226344318,-6.37935065400001 -37.226159278,-6.37877844500002 -37.225806122,-6.37829037199998 -37.225536837,-6.377751811 -37.225659604,-6.377297398 -37.225301043,-6.377297398 -37.224695168,-6.37721333799999 -37.224308162,-6.37674209800002 -37.223937722,-6.37623719700002 -37.223651881,-6.37569864300002 -37.223550722,-6.37509276200001 -37.223264881,-6.37452062300002 -37.22286096,-6.37406622100002 -37.22245704,-6.37356132100001 -37.222521845,-6.37322705700001 -37.22210352,-6.37325838100003 -37.222153198,-6.37265987900003 -37.221992502,-6.37245682899999 -37.221867721,-6.37229916000001 -37.22153148,-6.37179426 -37.22116104,-6.37130619300001 -37.220639393,-6.37090227200002 -37.22053536,-6.37084052599999 -37.22048784,-6.370717227 -37.220487845,-6.37011135199998 -37.220151245,-6.36958962300002 -37.219814639,-6.36906789099999 -37.219444559,-6.368579823 -37.219124883,-6.368091843 -37.218918963,-6.36801362900002 -37.219260604,-6.36762932900001 -37.219529885,-6.36709076800003 -37.219597199,-6.36645123300002 -37.219597199,-6.36582861300002 -37.219597199,-6.36520589999998 -37.21954644,-6.36456635899998 -37.219311,-6.36399423099999 -37.219075205,-6.36342200500002 -37.2187386,-6.36290027799998 -37.218166565,-6.36271514499998 -37.217891166,-6.36271514499998 -37.217560684,-6.36271515099997 -37.216904403,-6.362647826 -37.216365843,-6.36227757 -37.215877678,-6.36192423 -37.215423368,-6.36152031 -37.214867883,-6.36120054200001 -37.214295842,-6.36098175000001 -37.213689962,-6.36094809000002 -37.213192087,-6.36096159200002 -37.21291596,-6.36069563699999 -37.212545521,-6.36019074199999 -37.21200012,-6.360146558 -37.211870522,-6.35967557800001 -37.211825522,-6.359062499 -37.211795644,-6.358449511 -37.21149648,-6.35791121699998 -37.211018046,-6.35732810799999 -37.211197686,-6.35673005699999 -37.211676125,-6.35635629299998 -37.212169322,-6.35598242499998 -37.212707882,-6.35569839300001 -37.213246084,-6.355414263 -37.21356,-6.354816218 -37.213544884,-6.35420321999999 -37.213260846,-6.35366493100003 -37.212827401,-6.353246248 -37.212528237,-6.35320142799998 -37.211900401,-6.35320142799998 -37.211257443,-6.35315652100002 -37.210674242,-6.35282757099998 -37.21027068,-6.35236407399998 -37.21009104,-6.35176601699999 -37.21009104,-6.35115302999998 -37.209989881,-6.35069169000002 -37.209956759,-6.35053995099997 -37.209418203,-6.35021100099999 -37.20882025,-6.35009138999999 -37.208425682,-6.35028372199997 -37.208425682,-6.35020577900002 -37.20818628,-6.34964759299999 -37.207688041,-6.34926878599998 -37.207169638,-6.34892985499999 -37.20703032,-6.348333239 -37.207249564,-6.34775364500001 -37.207249558,-6.34713570299999 -37.207249558,-6.34649768999998 -37.207369083,-6.34587975199997 -37.207528565,-6.345201868 -37.207488602,-6.34458383899999 -37.207010162,-6.34420511899998 -37.206571685,-6.34378644200001 -37.206013321,-6.343527327 -37.205415357,-6.34332789400003 -37.20521124,-6.34314960199998 -37.20497688,-6.342909298 -37.204777441,-6.34233113900001 -37.204578007,-6.34175297500002 -37.204239239,-6.34125465400001 -37.203920282,-6.34073624600001 -37.20387996,-6.34065911900001 -37.203640923,-6.34019805600002 -37.203640923,-6.33954015099999 -37.203640923,-6.33892211599999 -37.203640923,-6.33828419399998 -37.203601318,-6.33764619700003 -37.203581165,-6.33702825 -37.203581165,-6.336410226 -37.203916679,-6.33591674600001 -37.203880313,-6.33577229899998 -37.203786364,-6.33516444100002 -37.204119362,-6.33461597600001 -37.204438325,-6.33405780099997 -37.204757283,-6.33351951100002 -37.204831085,-6.33344939900002 -37.205196118,-6.33310092099998 -37.205754119,-6.33284172600003 -37.206412199,-6.33280185000001 -37.206830881,-6.33236328100003 -37.207109882,-6.331805008 -37.207548364,-6.33136644500001 -37.208106724,-6.331067459 -37.208684883,-6.33078827999998 -37.209302646,-6.330708539 -37.209880799,-6.33052917100002 -37.21017096,-6.33078135199997 -37.210239725,-6.33064383200002 -37.210733281,-6.33028500400002 -37.210909682,-6.33025836399997 -37.2109608,-6.33005306799998 -37.210856402,-6.32945502299998 -37.210572006,-6.32887182100001 -37.210108688,-6.32846817900003 -37.209585243,-6.32810934499997 -37.20942072,-6.32752623099998 -37.209136682,-6.326958058 -37.209136682,-6.32633004100001 -37.209390846,-6.32577681200002 -37.209656525,-6.32561895499998 -37.209495597,-6.3253881 -37.208942279,-6.32510397499999 -37.208359442,-6.32490966500001 -37.207791004,-6.32468537900002 -37.20731256,-6.32431152200002 -37.207088284,-6.32374334899998 -37.206819362,-6.32320515399999 -37.206550082,-6.32266685899998 -37.206385564,-6.32205377899999 -37.20639636,-6.32190536600001 -37.206430558,-6.32144078699997 -37.206490326,-6.32082780600001 -37.206535325,-6.32021471500002 -37.206804241,-6.31967652399999 -37.207130398,-6.31935044900001 -37.20696876,-6.319093323 -37.206923766,-6.318480325 -37.207177919,-6.31792710000002 -37.207701363,-6.317523451 -37.208090157,-6.31705994800001 -37.208613596,-6.31676088299997 -37.209166566,-6.31650671800003 -37.209645,-6.31611791900002 -37.209929401,-6.31557972299998 -37.210303079,-6.31507131299998 -37.210632127,-6.31454796000003 -37.210916164,-6.31397979299999 -37.211289847,-6.31347147000002 -37.211738403,-6.31306772900001 -37.21236624,-6.31290330299998 -37.21287528,-6.31295288899997 -37.21287528,-6.31265228500001 -37.212680873,-6.31205414700003 -37.212306842,-6.31156077000003 -37.211873397,-6.31111221499998 -37.211783392,-6.31096929400002 -37.21154436,-6.31058886300002 -37.211140798,-6.31011041800002 -37.210781882,-6.309572135 -37.210333321,-6.30915353900002 -37.209809882,-6.308839525 -37.209511083,-6.30830124200003 -37.209406321,-6.30767330800001 -37.209166919,-6.30710513999998 -37.208972886,-6.30653696899998 -37.208882882,-6.30593892299999 -37.209166919,-6.30540062900002 -37.209511083,-6.30486234 -37.209735357,-6.304159615 -37.20952584,-6.30359145300002 -37.209436204,-6.30299340200003 -37.208927876,-6.30266445299998 -37.208329923,-6.30248499200002 -37.208060637,-6.30194669799999 -37.208404806,-6.30166706799997 -37.208539077,-6.30155799200003 -37.2090924,-6.301243984 -37.209690363,-6.30088515599999 -37.210154046,-6.30048150699997 -37.21058748,-6.30001791199999 -37.210916517,-6.29950959299998 -37.210961159,-6.29889659600002 -37.210931279,-6.29826858500002 -37.210796998,-6.29764065500001 -37.210482724,-6.29711730399998 -37.210303438,-6.29650430499998 -37.210438083,-6.29590616799999 -37.210976285,-6.29562213100002 -37.211047924,-6.295607824 -37.210949287,-6.295410629 -37.210789799,-6.29482589600002 -37.210683603,-6.29418798 -37.210391274,-6.29365635300002 -37.209992402,-6.29317782599998 -37.209939116,-6.292566448 -37.210019048,-6.29195517199997 -37.210019048,-6.29149185400001 -37.210019041,-6.29134380400001 -37.210098598,-6.29073242999999 -37.210337999,-6.29017415700002 -37.210412519,-6.29013312000001 -37.21039128,-6.289988128 -37.210125243,-6.28942995300002 -37.20985956,-6.28887177399997 -37.209593524,-6.288313501 -37.209567243,-6.28770213199999 -37.209381121,-6.28711739900001 -37.209062163,-6.28658577200002 -37.20868992,-6.28610733199997 -37.208344685,-6.28560198600002 -37.208743199,-6.28515036099998 -37.209088797,-6.28464536799999 -37.209088802,-6.28403400600001 -37.208929321,-6.28344917999999 -37.208796121,-6.28283781200003 -37.209062163,-6.282253078 -37.209567237,-6.28188092699997 -37.210019041,-6.28145559400002 -37.21039128,-6.28095060200002 -37.210497482,-6.28031259300002 -37.21089636,-6.28007318599998 -37.210926602,-6.279955379 -37.211315406,-6.279476945 -37.211569565,-6.27892371399997 -37.2117042,-6.27832566299998 -37.211883481,-6.27772760699997 -37.211853603,-6.27711452699998 -37.21179384,-6.27650154000003 -37.211749205,-6.27588846600003 -37.2120912,-6.27555753299998 -37.211606279,-6.275511354 -37.210963321,-6.275630971 -37.21039524,-6.27542163800001 -37.210141082,-6.27485345999997 -37.209916801,-6.27428529899998 -37.209796924,-6.27365736399997 -37.209348363,-6.27322374400001 -37.208810161,-6.272864911 -37.208182319,-6.272760237 -37.207688758,-6.27241635000001 -37.207425602,-6.272305297 -37.207374842,-6.27187805599999 -37.207359721,-6.27125013199998 -37.20761388,-6.27068195999999 -37.207898282,-6.27012872900002 -37.208226965,-6.26962031900001 -37.208481124,-6.26906718700002 -37.208959564,-6.26869331900002 -37.209363484,-6.26822982599998 -37.209841918,-6.26785604600002 -37.210200844,-6.26736266900002 -37.210544643,-6.26682438099999 -37.210858559,-6.26630103399998 -37.210978083,-6.26570297799998 -37.21073904,-6.26514974700001 -37.210400283,-6.26494103900001 -37.210215601,-6.26483574399998 -37.209871796,-6.26432741600001 -37.20946824,-6.26387886600003 -37.20885516,-6.26383404000001 -37.2083616,-6.26347512000001 -37.208197081,-6.262847185 -37.208047679,-6.26218929599997 -37.207808282,-6.26163606 -37.207590484,-6.26166332999998 -37.207210324,-6.26171085099998 -37.206597239,-6.26190525300001 -37.206193682,-6.26235380899999 -37.205670244,-6.26269770099998 -37.205341196,-6.26322096000001 -37.204922883,-6.26369939400001 -37.204832883,-6.26431247900001 -37.204653602,-6.264895588 -37.204145285,-6.26528430000002 -37.203577205,-6.26508999100002 -37.203323046,-6.26450678399999 -37.202814358,-6.26414796099999 -37.202647325,-6.26422661599997 -37.202873403,-6.26362371300002 -37.203172198,-6.26310045299999 -37.202633996,-6.26274153200001 -37.202065922,-6.26253228000002 -37.201752,-6.262008928 -37.201228561,-6.26169492499997 -37.201156199,-6.26167637600003 -37.201288318,-6.26133609200002 -37.201438079,-6.26075297800003 -37.201452841,-6.26013989799998 -37.201143599,-6.25962456500002 -37.200615487,-6.25930262999998 -37.200062517,-6.25903352900002 -37.1994642,-6.25892886000003 -37.198851121,-6.25891392400001 -37.198342803,-6.25858496799998 -37.19796912,-6.25810652799998 -37.197475559,-6.25771772500002 -37.196862485,-6.25753836199999 -37.196414283,-6.25713461999999 -37.195920721,-6.25676085600003 -37.195277764,-6.25676085600003 -37.194664684,-6.25676085600003 -37.194021726,-6.25676084999998 -37.193453641,-6.25700006699998 -37.192900323,-6.25726916899998 -37.192335481,-6.25703328200001 -37.191895923,-6.25685858700001 -37.192450681,-6.256527839 -37.19279448,-6.25598954999998 -37.192899237,-6.25537655699998 -37.193018761,-6.25477850599998 -37.193288041,-6.25424021800001 -37.192824359,-6.25383648299999 -37.192331156,-6.25347764899999 -37.192016882,-6.25292441300002 -37.19195712,-6.25231143100001 -37.191688199,-6.25192533199998 -37.19161332,-6.25181805 -37.191015362,-6.25190769 -37.190417046,-6.25204232999999 -37.189774076,-6.25214699899999 -37.188981721,-6.25184792200002 -37.1887128,-6.25130963999999 -37.188383758,-6.25080132099998 -37.188797757,-6.25071015399999 -37.189378084,-6.250489378 -37.189762922,-6.25002264199998 -37.189680839,-6.24941702299998 -37.189258201,-6.24896918399998 -37.188715679,-6.248660132 -37.188160559,-6.24841416100003 -37.187794802,-6.24792212699998 -37.187536683,-6.247336856 -37.187721365,-6.24728114599998 -37.18830168,-6.24705407900001 -37.188882007,-6.24685221099998 -37.189361159,-6.246448563 -37.189857604,-6.246095309 -37.18984896,-6.24548133299999 -37.189462313,-6.245010364 -37.189176482,-6.24444686999999 -37.188907202,-6.243891749 -37.188743406,-6.24337928599999 -37.188713881,-6.24328623299999 -37.188234361,-6.24292460599997 -37.187528044,-6.24274793799998 -37.187426878,-6.24281588899998 -37.187098918,-6.24226860200002 -37.186754042,-6.241772341 -37.186582677,-6.24182948999999 -37.186482952,-6.24160008000001 -37.1861838,-6.24107682099998 -37.186153926,-6.24044880399998 -37.186124043,-6.23983581200002 -37.186094159,-6.23922272700003 -37.185869884,-6.23865455999999 -37.185346445,-6.23835558100001 -37.184733355,-6.23846025 -37.184208481,-6.23874393400001 -37.183881243,-6.23850506999997 -37.183268163,-6.23841533699999 -37.182745082,-6.23805650899999 -37.182400924,-6.23753315699997 -37.182116881,-6.23699496099999 -37.181563559,-6.236725767 -37.180920959,-6.236725767 -37.180322637,-6.23648655 -37.17976932,-6.23618756500002 -37.179222479,-6.23595726000002 -37.178648281,-6.23569409800001 -37.178094963,-6.23541005999999 -37.177541635,-6.23514087199999 -37.176928561,-6.23514087199999 -37.17627084,-6.23514087199999 -37.175762523,-6.23548475899997 -37.175358602,-6.23594834800002 -37.175134317,-6.236516521 -37.174685766,-6.23693510599998 -37.174222443,-6.23732391099998 -37.173617279,-6.23684861700002 -37.173402002,-6.23616650600002 -37.172863436,-6.23559203600001 -37.170960479,-6.235412489 -37.17035028,-6.23526893799999 -37.16956044,-6.23469447399998 -37.168698603,-6.23458674 -37.168268042,-6.234191823 -37.167801116,-6.23322252299999 -37.168339677,-6.23207357799998 -37.168303681,-6.23106836900001 -37.168734604,-6.23060162799999 -37.169237163,-6.23017080099999 -37.170421925,-6.22988351999999 -37.171929965,-6.22923731899999 -37.172504521,-6.22891421499997 -37.173007085,-6.22873466800002 -37.173473641,-6.22873466800002 -37.173734642,-6.22871838399999 -37.17383292,-6.22780118999998 -37.173681963,-6.22659382000001 -37.173612758,-6.22604030999997 -37.17354564,-6.22550349099998 -37.174227843,-6.22464182700003 -37.175017683,-6.22349289300001 -37.175879162,-6.222200402 -37.173854165,-6.21987642699997 -37.173274925,-6.22007432800001 -37.172911316,-6.21771147200002 -37.172487237,-6.215106327 -37.172911321,-6.21397538799999 -37.172749682,-6.21345033599999 -37.172891163,-6.21284444999998 -37.172956679,-6.21268037700003 -37.173052802,-6.21244062199997 -37.173153602,-6.21211743200001 -37.172911321,-6.21074420600002 -37.172937961,-6.21041382200002 -37.171711802,-6.20971857199999 -37.172055237,-6.20868860799999 -37.171792803,-6.20739611800002 -37.171045442,-6.20648729800001 -37.171025278,-6.20571987199997 -37.171227244,-6.20559873299999 -37.171792803,-6.203175294 -37.172612527,-6.20293059400001 -37.171857961,-6.20164880800002 -37.171068844,-6.201167043 -37.171297444,-6.20001297499999 -37.170668157,-6.19995834700001 -37.169940959,-6.20001216000003 -37.169106484,-6.19941978100002 -37.16840628,-6.19917741299997 -37.167436794,-6.19960823899999 -37.167221523,-6.19987751999997 -37.165902116,-6.198692763 -37.165336562,-6.19863884699998 -37.164528722,-6.19866585099999 -37.163667242,-6.19874658100002 -37.163209325,-6.19890813199999 -37.162362962,-6.20088903099997 -37.16361324,-6.20216631400001 -37.164501723,-6.204051182 -37.164994919,-6.20727794700002 -37.164603241,-6.20737586799999 -37.164441608,-6.209758889 -37.16440128,-6.21068786699999 -37.16446176,-6.21224288399998 -37.163532966,-6.21264681000002 -37.163391486,-6.21329309800001 -37.163329121,-6.21331548000001 -37.163056,-6.21341349900001 -37.16298772,-6.21343800400001 -37.162603798,-6.21357578800001 -37.161473044,-6.21385857000001 -37.160249042,-6.21174725899999 -37.159814162,-6.21168597500002 -37.159814115,-6.21168651200003 -37.159743962,-6.21249444 -37.159521839,-6.213584975 -37.159017118,-6.21501884899999 -37.158572882,-6.21635174800002 -37.157219641,-6.21532179500002 -37.154775962,-6.215523749 -37.154190238,-6.216089221 -37.154210761,-6.21816930199998 -37.153685518,-6.21822987299998 -37.153544042,-6.21915885200002 -37.152514084,-6.220107988 -37.151544964,-6.22008783000001 -37.149846841,-6.220251088 -37.149444726,-6.22028978999998 -37.148475247,-6.22069371100002 -37.147849202,-6.22071386900001 -37.147243322,-6.22105721700001 -37.14679908,-6.22160244399998 -37.146213358,-6.22182464899998 -37.146819239,-6.223238283 -37.146637436,-6.22360178899999 -37.146173037,-6.22386431500001 -37.145667957,-6.22416726099999 -37.146455645,-6.22479329999999 -37.146940208,-6.22594439599999 -37.147344123,-6.22675223599998 -37.147606927,-6.22762317000002 -37.146849481,-6.22771397899999 -37.146395166,-6.22789577499998 -37.145501641,-6.228334975 -37.145062083,-6.228334975 -37.144395723,-6.22889541500001 -37.143699121,-6.23024342999997 -37.143275043,-6.23089476000001 -37.143078119,-6.23236392299998 -37.142958964,-6.23251764100002 -37.142824319,-6.23232423299999 -37.142370004,-6.23219922599998 -37.141972201,-6.23137941599998 -37.141139166,-6.23094020600001 -37.140896879,-6.23071295900002 -37.139927759,-6.230743287 -37.139518797,-6.23100077700002 -37.139105515,-6.23155158499998 -37.138977726,-6.23135304200002 -37.138562646,-6.23091572800001 -37.137912119,-6.230870821 -37.137261961,-6.230982961 -37.136802241,-6.23139786299998 -37.136611446,-6.23200347 -37.136308674,-6.23253051199998 -37.135703163,-6.23258657899999 -37.135467728,-6.23314727600001 -37.135265762,-6.23371913800003 -37.134761041,-6.23406681099999 -37.134122044,-6.23422376600001 -37.133650804,-6.23467233299999 -37.133011796,-6.23467233299999 -37.132495915,-6.23432475099997 -37.131912719,-6.23415653799998 -37.131307203,-6.23415653799998 -37.130701681,-6.234313504 -37.130578202,-6.23493026699998 -37.130690521,-6.23555828899998 -37.130668201,-6.23620863100001 -37.1302308,-6.23665718699999 -37.129726084,-6.23700486000001 -37.129154038,-6.23726280099999 -37.128582361,-6.23746458199997 -37.128161885,-6.23752577800002 -37.128315238,-6.23803698199998 -37.128434762,-6.23863503199999 -37.128594238,-6.23923308299999 -37.128933006,-6.23973150099999 -37.129531318,-6.23989097700002 -37.130149087,-6.23993085299998 -37.130787366,-6.23999060900002 -37.131145918,-6.24050900700001 -37.13104836,-6.240927597 -37.131006605,-6.24110705800001 -37.130627885,-6.24158550200002 -37.130029562,-6.24172508700002 -37.129710604,-6.24224339699998 -37.129551123,-6.24284145299998 -37.129351679,-6.24341960700002 -37.128913196,-6.24385818100001 -37.128414957,-6.24423698800001 -37.127876397,-6.24465567099998 -37.127703239,-6.24480119899999 -37.127876397,-6.24497463400002 -37.127697121,-6.24555270000002 -37.127378159,-6.24607110300002 -37.127118962,-6.246629278 -37.126580761,-6.24696821999999 -37.126456564,-6.247127707 -37.126799999,-6.24728718300003 -37.127418121,-6.24750642200001 -37.127338201,-6.24812445100002 -37.127318401,-6.24876236599999 -37.127019237,-6.249300656 -37.126500841,-6.249619618 -37.126361523,-6.25021766399999 -37.126500841,-6.25083569899999 -37.126451157,-6.25106502099999 -37.12594284,-6.25089554800002 -37.125365045,-6.25119723300003 -37.124985961,-6.25163319400002 -37.124786522,-6.25221126000002 -37.124886236,-6.25282929000002 -37.124926204,-6.25344731899997 -37.124856727,-6.25387761299999 -37.12447692,-6.25397256299999 -37.12413312,-6.25448088000002 -37.124073359,-6.25509396000001 -37.124088121,-6.25570695300001 -37.123609682,-6.25608071699997 -37.123056723,-6.256394726 -37.122518157,-6.25670874399998 -37.121950083,-6.25703769400002 -37.121650924,-6.25756104099997 -37.121576399,-6.25815909099998 -37.121995088,-6.25860764700002 -37.122039723,-6.25922064000002 -37.121845321,-6.25980374900001 -37.121740923,-6.26047658499999 -37.121740928,-6.26117930999999 -37.121546521,-6.26185214700001 -37.121262484,-6.26243526100001 -37.120858558,-6.26295860699997 -37.120454997,-6.263407169 -37.120096081,-6.26390055000002 -37.119926162,-6.26398470300001 -37.120089241,-6.26456943099998 -37.120149002,-6.26516748199998 -37.120373283,-6.26575058499998 -37.120313521,-6.26634863599998 -37.120130285,-6.266389946 -37.120074484,-6.26630382100001 -37.119476161,-6.26622903100002 -37.118833561,-6.26622903100002 -37.118205366,-6.26643836900001 -37.11816072,-6.26705144800002 -37.11798108,-6.267634558 -37.117487878,-6.26803821099998 -37.116904677,-6.26823260800001 -37.116306718,-6.26850170900002 -37.115648639,-6.26854662099998 -37.11503556,-6.26862132000002 -37.114392597,-6.268711048 -37.113734876,-6.26886063000001 -37.113121802,-6.26902506099998 -37.112508717,-6.26923440000002 -37.112393881,-6.269397212 -37.112149796,-6.26974271799997 -37.112523838,-6.27022125000002 -37.112822638,-6.27080435900001 -37.113091918,-6.27134255999999 -37.113375961,-6.27191073199998 -37.11350232,-6.27198650700001 -37.113375955,-6.27243408499999 -37.113630125,-6.27301719399998 -37.113809765,-6.27361524499997 -37.113869521,-6.27421337599998 -37.113869521,-6.27431805100002 -37.113749644,-6.274377813 -37.113361198,-6.27485624799999 -37.113181559,-6.27545439099998 -37.11315168,-6.276082325 -37.113032162,-6.27679998100001 -37.112867643,-6.27738318299998 -37.112703124,-6.27798123399998 -37.112673246,-6.2786241 -37.112625726,-6.279280744 -37.112371197,-6.279144213 -37.112042524,-6.278996603 -37.111821841,-6.27889743200001 -37.111205164,-6.27888627300001 -37.110633123,-6.27909929499998 -37.110061441,-6.27936848799999 -37.109545559,-6.27974972999999 -37.108995844,-6.28006374199998 -37.108424162,-6.28031043099998 -37.108199881,-6.28089354000002 -37.108042926,-6.281510314 -37.10767284,-6.28202610300002 -37.107033479,-6.28203735 -37.106439123,-6.28212707799997 -37.105833596,-6.282227971 -37.1055996,-6.28245117 -37.10538504,-6.282665377 -37.10531772,-6.283304547 -37.105396195,-6.28392132200003 -37.105777441,-6.28439229100002 -37.106338322,-6.28525574700001 -37.106540282,-6.285838856 -37.106506443,-6.28646679000002 -37.106192522,-6.286993924 -37.105654326,-6.28726302000001 -37.105071125,-6.28749855299998 -37.104656039,-6.28800309000002 -37.104285969,-6.28853021700002 -37.104005881,-6.28912448699998 -37.103949721,-6.28973010099998 -37.103949721,-6.29034687000001 -37.103747761,-6.29091873700003 -37.103388846,-6.29143460799997 -37.10286576,-6.29180667700001 -37.103096165,-6.29206712799999 -37.10374668,-6.29262773599999 -37.104262561,-6.293031477 -37.104789603,-6.29332308300002 -37.105092358,-6.29385011900001 -37.1054286,-6.294377161 -37.10611296,-6.294848129 -37.106651162,-6.29521820500003 -37.106987398,-6.29573399899999 -37.107435965,-6.29616015300002 -37.10803032,-6.29636202099999 -37.108635837,-6.29639568099998 -37.109196723,-6.29673209700002 -37.1098134,-6.29697879499997 -37.110340441,-6.29729271000002 -37.110515767,-6.297862861 -37.11008268,-6.29832447799998 -37.109723764,-6.29880659700001 -37.10970108,-6.299423365 -37.109488324,-6.30002897999998 -37.109353678,-6.30064566099998 -37.109207878,-6.30122885700001 -37.108916283,-6.30181197100001 -37.108579683,-6.30232776000003 -37.108297444,-6.30270719800001 -37.108224723,-6.30263780799999 -37.107666727,-6.30237861099999 -37.107008643,-6.30217926 -37.10639088,-6.30217925400001 -37.105772763,-6.30209952400003 -37.105154647,-6.301840416 -37.10453652,-6.30174069100002 -37.10428812,-6.30188901700001 -37.104038276,-6.30209951799998 -37.104098037,-6.30269765700001 -37.104177963,-6.30331560399998 -37.104177963,-6.30395360699998 -37.10425752,-6.304571544 -37.104496916,-6.305189579 -37.104676196,-6.30582750500002 -37.104696001,-6.30648539999999 -37.104696001,-6.30710342899999 -37.104815884,-6.307741351 -37.105134842,-6.30829962400003 -37.105633076,-6.30865845099999 -37.105673049,-6.309276388 -37.105673043,-6.309894418 -37.105553519,-6.31053233900002 -37.105453805,-6.31113047700001 -37.105334281,-6.31176839800003 -37.105174799,-6.31240631899999 -37.104795726,-6.312904737 -37.104809043,-6.31303605199997 -37.104417001,-6.31294461300001 -37.10397528,-6.31305242799999 -37.103384516,-6.31274868399998 -37.102779,-6.312658951 -37.102173477,-6.31251315100002 -37.101579122,-6.31240100500003 -37.10096244,-6.31231127799998 -37.100580117,-6.31231128299999 -37.100334244,-6.31190762400001 -37.099672563,-6.31177299400002 -37.099055881,-6.31177299400002 -37.099347482,-6.31124594699997 -37.099582923,-6.31065168399999 -37.099706402,-6.31003491000001 -37.099414802,-6.30947420799998 -37.099212842,-6.30883502699999 -37.09894392,-6.30829674300003 -37.098674645,-6.307758449 -37.098091444,-6.30755658099997 -37.097474763,-6.30785943000001 -37.096869241,-6.30813969100001 -37.09670112,-6.30876770600003 -37.096689959,-6.30941814099998 -37.096308719,-6.30988910999997 -37.095702844,-6.31002366299998 -37.095018847,-6.31002365699999 -37.094346,-6.31010214299999 -37.093740483,-6.31016945699997 -37.093280762,-6.31059561199999 -37.092866046,-6.31112264799998 -37.092540606,-6.311672096 -37.092125884,-6.31210941000001 -37.091632318,-6.312546806 -37.091262242,-6.31306260000002 -37.091150281,-6.31365696099999 -37.091145967,-6.31378782000002 -37.090589401,-6.313488748 -37.09014084,-6.31306260500003 -37.089838079,-6.31253555799998 -37.089479522,-6.31205982 -37.089568081,-6.31183977199998 -37.089807119,-6.31128149900002 -37.089860404,-6.310670125 -37.089503999,-6.31013877499998 -37.0892754,-6.30958031799997 -37.08887688,-6.30910188399997 -37.088504637,-6.30862343899997 -37.088212325,-6.30809180599999 -37.087733879,-6.30763992499999 -37.08728208,-6.30724122100003 -37.086835322,-6.30682101100001 -37.086165725,-6.30660330000001 -37.085527803,-6.30655011200002 -37.084916158,-6.30649691899998 -37.084384803,-6.30615140800001 -37.083799803,-6.305938739 -37.083188522,-6.305938739 -37.082577246,-6.305938739 -37.081939325,-6.30580581499999 -37.081327685,-6.305672974 -37.080982441,-6.30514134100002 -37.08087588,-6.304529973 -37.080585003,-6.30445059599998 -37.080291244,-6.30437049599999 -37.079679958,-6.30442359199998 -37.079068318,-6.30442359199998 -37.078403763,-6.30447678000002 -37.07773956,-6.30447678000002 -37.077101281,-6.30445023200002 -37.076756046,-6.30394514699998 -37.076383803,-6.30346671299998 -37.07611812,-6.302908527 -37.075506481,-6.30280215699997 -37.075001406,-6.303147755 -37.074363479,-6.303147755 -37.073832124,-6.30285533900002 -37.073719805,-6.30285533900002 -37.073802957,-6.30258443999998 -37.073892603,-6.30195650600001 -37.073892603,-6.30129861099999 -37.073892603,-6.30065565299998 -37.0737882,-6.30004266100002 -37.073536921,-6.29947070700001 -37.073444042,-6.29920529999998 -37.073264761,-6.29862219199998 -37.073145242,-6.29802414099998 -37.07295084,-6.29741114900003 -37.072636919,-6.296842981 -37.072218242,-6.29640936200002 -37.071769681,-6.29597573799998 -37.071203405,-6.29578205799999 -37.070588521,-6.29558703700002 -37.070035203,-6.29528795900001 -37.069526886,-6.29495900400002 -37.068958441,-6.29474967099998 -37.068360483,-6.29464500099999 -37.067747403,-6.29464500099999 -37.067501884,-6.29501885799999 -37.067029921,-6.294689909 -37.066667767,-6.29442827899999 -37.066667762,-6.29431694800002 -37.066428365,-6.293732127 -37.065817079,-6.29335998200003 -37.065662639,-6.29352396199999 -37.065391925,-6.29381186799998 -37.064567876,-6.29397134999999 -37.063876681,-6.29399789799999 -37.06329204,-6.29381187400003 -37.06273368,-6.29351946399998 -37.062361442,-6.29301446599999 -37.061856363,-6.29256258499998 -37.061298361,-6.292296722 -37.060766642,-6.29192465800003 -37.060234922,-6.29157906 -37.059809763,-6.29110062000001 -37.059331318,-6.29070191599999 -37.058826238,-6.29030321699997 -37.058267879,-6.28998416799999 -37.057656604,-6.29006391399997 -37.057018682,-6.290170289 -37.056460681,-6.29043605999999 -37.055955602,-6.29078166300002 -37.055636644,-6.291339838 -37.05531768,-6.29187147599998 -37.054839246,-6.292243622 -37.054440363,-6.29272206100001 -37.053935277,-6.29306757099999 -37.053536763,-6.29351946399998 -37.053270722,-6.29407773100002 -37.052912877,-6.29480133099997 -37.053417603,-6.295146843 -37.05368364,-6.29578475800002 -37.053975964,-6.29634302599999 -37.054135445,-6.29692775900003 -37.054454403,-6.29745939200001 -37.054932837,-6.29783153699998 -37.055437922,-6.29817704800001 -37.055703594,-6.29873532099998 -37.05581016,-6.299346689 -37.056022562,-6.29995796999998 -37.056261959,-6.300516238 -37.056767045,-6.30086174799999 -37.057165558,-6.30136682800003 -37.057511162,-6.301925009 -37.05791004,-6.30240345300001 -37.058308559,-6.302908527 -37.058654162,-6.30344015999998 -37.059105967,-6.30389205199998 -37.059478205,-6.30442359199998 -37.059531485,-6.30522108100001 -37.059318723,-6.30583245000003 -37.059026406,-6.30636408300001 -37.058840279,-6.30694881599999 -37.05854796,-6.30748043699998 -37.058376607,-6.30787995100002 -37.058024516,-6.30781479400002 -37.057609799,-6.30828575700002 -37.057105079,-6.30866700899998 -37.056634208,-6.309093147 -37.056095642,-6.30939591200001 -37.055658605,-6.30984446799999 -37.055187365,-6.31022580199999 -37.054817278,-6.31075284399998 -37.054514518,-6.31129104500002 -37.054133282,-6.31177326 -37.053606246,-6.31215449699999 -37.053023045,-6.312367612 -37.052462523,-6.31260305799998 -37.051991641,-6.31298439099999 -37.051755842,-6.31339892800003 -37.05159636,-6.31337544000002 -37.0510578,-6.31364463300002 -37.050629038,-6.31407347599998 -37.050132962,-6.31441836300002 -37.049560921,-6.31469591799998 -37.049064844,-6.31509956600001 -37.048736525,-6.31563785999998 -37.048492803,-6.31620135399999 -37.048341244,-6.31679849800003 -37.047853442,-6.31715175099998 -37.047559326,-6.31770677999998 -37.04726484,-6.31827026899998 -37.047228844,-6.31850192799999 -37.046878921,-6.31870613799998 -37.046310841,-6.31890045300003 -37.045832396,-6.31928925199998 -37.045264322,-6.31952846899998 -37.044636121,-6.31952846899998 -37.04388876,-6.319573289 -37.043409962,-6.31919951399999 -37.042991643,-6.31876590500002 -37.042527966,-6.31836224599999 -37.042064642,-6.31791369600001 -37.041585844,-6.31828746000002 -37.041077521,-6.31863134600002 -37.040793478,-6.31922940300001 -37.040599081,-6.31979756999999 -37.04033016,-6.32035080100002 -37.040060879,-6.32088909399999 -37.039866483,-6.32147220299998 -37.039911477,-6.32211515500001 -37.040150526,-6.32269826999999 -37.040225398,-6.32331126299999 -37.040046117,-6.32389436599999 -37.039701959,-6.32440278199999 -37.039668119,-6.32459708599998 -37.039358159,-6.32459708599998 -37.038760201,-6.324776552 -37.038161879,-6.32467187700001 -37.037549168,-6.32459708599998 -37.037056683,-6.32459708599998 -37.036995841,-6.32452239899999 -37.036427766,-6.32422332099998 -37.035844564,-6.32398410399998 -37.035374759,-6.323883298 -37.035393488,-6.32379285299999 -37.035393483,-6.32328092799997 -37.035375845,-6.32276910000002 -37.035393488,-6.32223963000001 -37.035428761,-6.32172779699999 -37.035428761,-6.32119823900001 -37.035447838,-6.32067264300002 -37.035764275,-6.320280422 -37.036170357,-6.31998036099998 -37.036576082,-6.31966265800003 -37.036982165,-6.31932731799998 -37.037352598,-6.31897434199999 -37.037670475,-6.31856844399999 -37.037917434,-6.31812716899998 -37.037952725,-6.31759761199999 -37.0380942,-6.31710341500002 -37.038129479,-6.31659158799999 -37.037882161,-6.31615032399998 -37.037617559,-6.31569141099999 -37.037229124,-6.31530315100002 -37.036841042,-6.31496781200002 -37.036593724,-6.31452653600002 -37.036470239,-6.31403234999999 -37.036630079,-6.31354194099998 -37.036260004,-6.31296647699997 -37.035574562,-6.31215972299998 -37.035493919,-6.31207907999999 -37.035171,-6.31155474000002 -37.034848439,-6.31099007799997 -37.034243282,-6.31086903200003 -37.033638478,-6.31086902599998 -37.03303332,-6.31078838899998 -37.032428162,-6.31062701600001 -37.032186239,-6.31006236000002 -37.031581441,-6.31014300200002 -37.030976282,-6.31014300200002 -37.030492084,-6.30973962000002 -37.029846952,-6.30957833999997 -37.029524403,-6.30901368299999 -37.029282127,-6.30844893400001 -37.028798282,-6.30800522999999 -37.028475357,-6.30748088899998 -37.028183039,-6.30712296199999 -37.027124284,-6.30712296199999 -37.026035286,-6.307516174 -37.024976519,-6.30769769800003 -37.024189918,-6.307848987 -37.023675841,-6.30818171800001 -37.023070683,-6.30821195999999 -37.022380927,-6.30812006999997 -37.021769999,-6.30809100200003 -37.021164842,-6.30803042999997 -37.020529436,-6.30803042999997 -37.019954879,-6.307848992 -37.019349722,-6.307727935 -37.018744558,-6.30754650300003 -37.018170002,-6.307304493 -37.017988564,-6.30672965899998 -37.018200239,-6.30615492300001 -37.018230482,-6.30554985200001 -37.017837357,-6.30503558999999 -37.017474123,-6.30455157 -37.016899566,-6.30424907600002 -37.016324645,-6.304067551 -37.015749719,-6.30382553599998 -37.01547756,-6.30328103699998 -37.015386838,-6.30264572900001 -37.015296127,-6.30204075 -37.0147212,-6.30179874100003 -37.014207123,-6.30146600900002 -37.013995437,-6.30107270600001 -37.013571724,-6.30089117599999 -37.013118125,-6.30064917099998 -37.011212289,-6.30024083900003 -37.008187202,-6.29733672200001 -37.007783645,-6.29701397600002 -37.007582044,-6.29628803899999 -37.00677528,-6.29527958599999 -37.005404043,-6.29576361099998 -37.004879522,-6.29532 -37.003427642,-6.295118312 -37.002459592,-6.29451323500001 -37.002580562,-6.29406953799997 -37.00298376,-6.29338392099999 -37.00366956,-6.29298054499998 -37.00366956,-6.29249651999999 -37.003750198,-6.29116551200002 -37.00467792,-6.29023779400001 -37.005000481,-6.28931007099999 -37.004153759,-6.28805970000002 -37.004153759,-6.287212625 -37.003563,-6.28642476300001 -37.00197648,-6.28663986100003 -37.001304002,-6.28663986100003 -37.000604885,-6.286693679 -37.000013398,-6.286908778 -36.99947556,-6.28728524799999 -36.998830445,-6.28733897900003 -36.998346246,-6.28771545500001 -36.997969688,-6.288199475 -36.997324562,-6.28825329300003 -36.996732717,-6.28814564599998 -36.996141241,-6.28782299900001 -36.995603408,-6.287500352 -36.995280842,-6.28696251399998 -36.99490428,-6.28647848899999 -36.994366442,-6.28615584200003 -36.993721322,-6.28615584200003 -36.993075849,-6.28610201800001 -36.992645641,-6.28567182199998 -36.992000157,-6.28567182199998 -36.991355047,-6.28567182199998 -36.990763207,-6.28551044400001 -36.990222125,-6.28523217100002 -36.990010445,-6.28465004700001 -36.990010439,-6.284004665 -36.989902803,-6.28335926800003 -36.989902803,-6.28266015499997 -36.989849159,-6.282014758 -36.989364966,-6.28163838 -36.988988408,-6.28110054199999 -36.988558201,-6.280616522 -36.987966719,-6.28034760100002 -36.987751801,-6.27975603200002 -36.987697798,-6.27905691500001 -36.987644159,-6.278411522 -36.987590168,-6.27776622300001 -36.987321241,-6.27717465400002 -36.987159955,-6.27658308600002 -36.986891039,-6.27599141899998 -36.986460837,-6.27556121700002 -36.985977002,-6.27513102 -36.985768924,-6.273517051 -36.985738687,-6.27291198099999 -36.98570844,-6.27230700299998 -36.985466522,-6.27173225600001 -36.985224246,-6.271157432 -36.984982317,-6.27055244899998 -36.9847404,-6.26997762100001 -36.98431668,-6.26949360100002 -36.983923561,-6.269039916 -36.983469964,-6.26861637000002 -36.983076481,-6.26813234500003 -36.983167203,-6.26752728000002 -36.98362116,-6.26710382599998 -36.983863083,-6.266528999 -36.983863083,-6.26592402 -36.983621165,-6.265318949 -36.983348641,-6.26477445 -36.98356068,-6.26419970299997 -36.983893325,-6.26365521000002 -36.983893325,-6.26305014500002 -36.983893325,-6.26238459400003 -36.983832841,-6.26177961100001 -36.983893325,-6.26114429799998 -36.983893325,-6.26053932000002 -36.983923561,-6.25990401199999 -36.983863078,-6.25929902799999 -36.983742124,-6.25820994200001 -36.983923556,-6.25757472800001 -36.984225958,-6.25703013100002 -36.984256201,-6.25642514700002 -36.983984041,-6.25588064800002 -36.984074763,-6.25524533999999 -36.984256201,-6.25467059300001 -36.984286438,-6.25406552800001 -36.984195721,-6.25346054400001 -36.984014278,-6.25288580799997 -36.98340912,-6.25267404099998 -36.982774085,-6.252583227 -36.982199164,-6.25240179399998 -36.982078205,-6.25179672299998 -36.981473042,-6.25182696000002 -36.980868243,-6.25194801200001 -36.980293317,-6.25215977900001 -36.979960683,-6.25164543599999 -36.979415999,-6.25125222399998 -36.978841448,-6.25107068900002 -36.978236279,-6.25088915800001 -36.97775244,-6.25049594699999 -36.977177518,-6.25031442199997 -36.976542124,-6.25037490099999 -36.975937324,-6.25046571000001 -36.975332167,-6.25034466400001 -36.975346202,-6.25015880400002 -36.974710802,-6.250113457 -36.974847245,-6.249024453 -36.972510121,-6.24934206299997 -36.972192603,-6.24882023800001 -36.971217006,-6.24825296799997 -36.970674838,-6.24832110199998 -36.970311967,-6.24882024300001 -36.96994908,-6.24931937899999 -36.969585845,-6.24981852000002 -36.968996162,-6.25002272900002 -36.968383441,-6.25009077200002 -36.968043244,-6.24959162599998 -36.96813396,-6.24897899199999 -36.967816084,-6.24845718199998 -36.967679999,-6.247821956 -36.967725368,-6.24720932299999 -36.967702683,-6.24659679199999 -36.967816084,-6.24600684199999 -36.967816084,-6.24539429999999 -36.96777072,-6.24478167199999 -36.967383003,-6.24426227999999 -36.966908882,-6.24387411100003 -36.966386883,-6.243556501 -36.965819521,-6.24326157100001 -36.965229842,-6.24303467599998 -36.964662485,-6.242807787 -36.964231561,-6.24235400999999 -36.963641514,-6.24214980099998 -36.96307452,-6.241922999 -36.962529842,-6.24169250800003 -36.962368562,-6.24096647800002 -36.961198921,-6.240442137 -36.960714717,-6.24036150000001 -36.960311525,-6.24011949599998 -36.95881896,-6.23999843399997 -36.958456083,-6.239554828 -36.957891241,-6.23927241000001 -36.957407402,-6.23890944599998 -36.956802238,-6.238667432 -36.956197439,-6.23850605899997 -36.956116437,-6.23790108100002 -36.956197439,-6.237255694 -36.955995485,-6.23665070999999 -36.955390685,-6.236368379 -36.954785517,-6.23620701200002 -36.954301682,-6.235843956 -36.953777161,-6.23552129799998 -36.953171999,-6.23523896699999 -36.95272848,-6.23471463099997 -36.952325277,-6.23423061199998 -36.951800762,-6.23382722999997 -36.95123592,-6.23350457700002 -36.950631121,-6.23342394000002 -36.950025963,-6.23346426099999 -36.949421159,-6.23338353100002 -36.948816001,-6.23322225200002 -36.948210844,-6.23306087899999 -36.947606044,-6.23298024100001 -36.94696056,-6.232859185 -36.946355761,-6.232778548 -36.945750603,-6.23281886900003 -36.945145446,-6.23293991999998 -36.944841239,-6.23324133300002 -36.944455326,-6.231494338 -36.944750159,-6.23054142000001 -36.943400879,-6.23036466600001 -36.943098482,-6.23036466600001 -36.942705,-6.22988064600003 -36.942372366,-6.229366379 -36.941918767,-6.22894293000002 -36.941343842,-6.22876140599999 -36.940799157,-6.22845890999997 -36.940617725,-6.22785384000002 -36.940496761,-6.22724886200001 -36.940254844,-6.22667403299999 -36.940173119,-6.22656504399998 -36.939891956,-6.226190014 -36.939347284,-6.22585727699999 -36.93895416,-6.22537326299999 -36.938379245,-6.22513125299997 -36.937774082,-6.22501028800002 -36.937290241,-6.22220697099999 -36.936654841,-6.22093643800002 -36.936654841,-6.22084572099999 -36.93650364,-6.22024065599999 -36.93623148,-6.21969614599999 -36.936019805,-6.21909108099999 -36.935837997,-6.21851633400001 -36.935717044,-6.21791136100001 -36.935323926,-6.21745758399999 -36.934839721,-6.21709452300001 -36.933660002,-6.21685754499998 -36.933095523,-6.21669627 -36.932490366,-6.21669627 -36.931885198,-6.21661554000002 -36.931401362,-6.21625257699998 -36.930755884,-6.21633320900003 -36.930191406,-6.216091199 -36.929949119,-6.21548622099999 -36.929787844,-6.21488115 -36.929586237,-6.21423585000002 -36.929223361,-6.21375182999998 -36.928658519,-6.21346941299998 -36.928295637,-6.21294507200002 -36.928134363,-6.21234008800002 -36.927972719,-6.21173501700002 -36.927811444,-6.21113004400002 -36.927569521,-6.21056538099998 -36.927166324,-6.21004095299998 -36.926641799,-6.20967798499998 -36.926319238,-6.20915363400002 -36.926117283,-6.20854857299997 -36.92668212,-6.20830655899999 -36.927327604,-6.20842760900001 -36.927932403,-6.20846792999998 -36.928537566,-6.20834688000002 -36.929183045,-6.20834688500003 -36.929747523,-6.208588889 -36.930312359,-6.20883090500001 -36.930917164,-6.20903259300002 -36.931482006,-6.20931491900001 -36.932127479,-6.20955693399998 -36.932732278,-6.20963765900001 -36.933337446,-6.20955693399998 -36.93394224,-6.209597342 -36.934054202,-6.20956935499999 -36.934587719,-6.20943596400002 -36.93511224,-6.209113317 -36.93575736,-6.20895195000003 -36.936362518,-6.20887130800003 -36.936927359,-6.20862929700002 -36.937370884,-6.20818559999998 -36.937370884,-6.20597385100001 -36.9385542,-6.20473697800003 -36.938661483,-6.20462942900002 -36.939091679,-6.20419914000001 -36.939414603,-6.20366138899999 -36.939629522,-6.20301600200003 -36.939683525,-6.20237061 -36.939790802,-6.20172530999997 -36.940221363,-6.20124128999998 -36.940651564,-6.20081100200002 -36.941189402,-6.20048835 -36.941619603,-6.20005815299999 -36.94221108,-6.19973540900003 -36.942802562,-6.19952031600002 -36.943394043,-6.19941276100002 -36.943749003,-6.19895637600001 -36.944200803,-6.19844472199998 -36.94457736,-6.19796070199999 -36.944846282,-6.19736912799999 -36.944953924,-6.196777559 -36.944792643,-6.19613217199998 -36.94489992,-6.19543304899997 -36.945115204,-6.19484148599997 -36.945545405,-6.194411285 -36.946190884,-6.19435746099998 -36.94678236,-6.19424990700003 -36.947212557,-6.19381961800002 -36.947642763,-6.19333559799998 -36.948288243,-6.19355078900003 -36.948933369,-6.19360452000001 -36.9494712,-6.19328187299999 -36.950063036,-6.19301295100001 -36.950600878,-6.19258274999999 -36.950977077,-6.19204491199997 -36.951676195,-6.19209873 -36.95226552,-6.19143182699997 -36.951823082,-6.19090092200003 -36.951292085,-6.19054704400003 -36.950938201,-6.19001612900001 -36.950584323,-6.18948522400001 -36.950053321,-6.18913124800002 -36.949522682,-6.18877737499997 -36.949080239,-6.18833493199998 -36.948637807,-6.18780402099998 -36.948195364,-6.18727311200001 -36.947841486,-6.18674219600001 -36.947310483,-6.18638832300002 -36.946690921,-6.186299851 -36.946160278,-6.186742202 -36.945540727,-6.187096172 -36.944921524,-6.18736157799998 -36.944479081,-6.18789248899998 -36.944125202,-6.18842339899999 -36.943770965,-6.188954314 -36.943151762,-6.18913125300003 -36.9425322,-6.18921980699997 -36.941913003,-6.18921980699997 -36.941293441,-6.188954309 -36.940674243,-6.18877737499997 -36.94032036,-6.188157993 -36.939966481,-6.18753861499999 -36.939524044,-6.18691923300003 -36.939081601,-6.18647678999997 -36.938727722,-6.18594588000002 -36.93810816,-6.18576894099999 -36.937488957,-6.18559191499997 -36.937046525,-6.18514956400003 -36.936426964,-6.18523803099998 -36.93580776,-6.18523803099998 -36.935276763,-6.18559191499997 -36.935099634,-6.18621137899999 -36.934834326,-6.18683075500002 -36.934745761,-6.18745013799997 -36.934657201,-6.188069525 -36.934303324,-6.18860043000001 -36.933772321,-6.188954314 -36.933330242,-6.18939674699999 -36.932887804,-6.18983918999999 -36.932799234,-6.19045857200001 -36.932975999,-6.19107794799999 -36.932975999,-6.19178579200002 -36.932975999,-6.19240517999998 -36.932710685,-6.19302456200001 -36.932268242,-6.193467 -36.931649039,-6.19373240599998 -36.93127572,-6.193785779 -36.931029483,-6.19382088399999 -36.93041028,-6.19382088399999 -36.929702159,-6.19364394500002 -36.929171157,-6.19329005600002 -36.92855196,-6.19329006100003 -36.928263603,-6.19337240499999 -36.927932403,-6.193467005 -36.927755638,-6.19408638300001 -36.927578519,-6.19470575999998 -36.927136087,-6.19514819699998 -36.926516878,-6.19514819699998 -36.925897323,-6.19497117100002 -36.925366684,-6.19461729199998 -36.924835687,-6.19426332199998 -36.924216126,-6.19426332199998 -36.9239508,-6.19497117600002 -36.923727242,-6.19515863999999 -36.92330424,-6.19551314900002 -36.922640766,-6.19524774299998 -36.92197728,-6.195114993 -36.921446278,-6.19471682800003 -36.92098152,-6.19431867200001 -36.920450882,-6.19398684200002 -36.919986124,-6.19358867699998 -36.91985364,-6.19299135400001 -36.919587957,-6.19232778100002 -36.919388882,-6.19173054599997 -36.918990722,-6.19126596199999 -36.918659158,-6.19066872000002 -36.917995325,-6.190403221 -36.91753092,-6.19000506100002 -36.916933679,-6.18960690599999 -36.916535523,-6.18907598499999 -36.91607076,-6.18867783000002 -36.915606366,-6.18821325099998 -36.915274438,-6.18761600900001 -36.914810044,-6.18715143499998 -36.914279041,-6.18681968700002 -36.913681801,-6.18668694399997 -36.913018321,-6.18668693799998 -36.912421085,-6.18648785800002 -36.912089163,-6.18595694800001 -36.911757235,-6.185426038 -36.91116,-6.18516063099997 -36.910562764,-6.18502787199998 -36.909899284,-6.18502787699998 -36.909368276,-6.18462972200001 -36.908771046,-6.18436421799998 -36.908173799,-6.18423156099999 -36.907576558,-6.184430636 -36.907045561,-6.18482880200003 -36.90644832,-6.18509420800001 -36.905851079,-6.18535971300003 -36.905253843,-6.18555878699999 -36.904656602,-6.185426038 -36.90432468,-6.18489512799999 -36.903926524,-6.184430636 -36.903528359,-6.18389973199999 -36.903130197,-6.18343514700001 -36.902665445,-6.18303699199998 -36.90240012,-6.18237333299999 -36.90220104,-6.18177609100002 -36.901869123,-6.18124518100001 -36.901404718,-6.18078068900002 -36.900873721,-6.18111243200002 -36.900542158,-6.18164333700003 -36.900210242,-6.18224067 -36.899878331,-6.182771581 -36.899281084,-6.18283791599998 -36.898683842,-6.182904237 -36.898020363,-6.182904237 -36.897356524,-6.18290424200001 -36.896759278,-6.182771586 -36.896294878,-6.18237333299999 -36.895962956,-6.18184241699998 -36.895498556,-6.18144425600002 -36.894834723,-6.18117884399999 -36.894237481,-6.181046106 -36.894171243,-6.180382436 -36.894104999,-6.17978520600002 -36.894237481,-6.17918796499998 -36.894304079,-6.17852429999999 -36.894104999,-6.17792705900001 -36.893773077,-6.177396155 -36.893374922,-6.17693166200002 -36.893109244,-6.17633432899999 -36.892711083,-6.17580341799999 -36.892246684,-6.17533892699998 -36.891649442,-6.175206183 -36.891052207,-6.17507342900001 -36.89045496,-6.17494076600002 -36.889857718,-6.17467527299999 -36.88919388,-6.17467527299999 -36.888596644,-6.17454261099999 -36.887999409,-6.17467526799999 -36.887402162,-6.17480802300003 -36.886804921,-6.17487435300001 -36.886141441,-6.174874348 -36.885411359,-6.17487435300001 -36.884747525,-6.17487435300001 -36.884150284,-6.17460893600003 -36.883685884,-6.174210776 -36.883420565,-6.17361344800003 -36.88322148,-6.173016217 -36.883154882,-6.17235263399999 -36.883088644,-6.17175530600002 -36.883154882,-6.17115806999999 -36.883420565,-6.17056082300002 -36.88381872,-6.17002992499999 -36.883752123,-6.16943268300003 -36.88361964,-6.168835355 -36.88361964,-6.16817177799999 -36.883553043,-6.16757444900003 -36.883781638,-6.16660856700003 -36.883383482,-6.16614399399998 -36.882786241,-6.16574583300002 -36.882189,-6.16567950199999 -36.881591759,-6.16574583300002 -36.880928284,-6.16567950699999 -36.88026444,-6.16554674700001 -36.87966721,-6.16528134100002 -36.879069963,-6.16514858599999 -36.878472722,-6.16488309300001 -36.877809242,-6.16488308800001 -36.877212001,-6.16475043100002 -36.87707916,-6.16415310299999 -36.877344479,-6.16348953099998 -36.877742644,-6.16302494600001 -36.8781408,-6.16242771100002 -36.878074561,-6.16183047499999 -36.877875475,-6.16123314100003 -36.877543564,-6.16070223100002 -36.877212007,-6.160171408 -36.876880079,-6.15957408600002 -36.876614401,-6.15897683899999 -36.876282843,-6.15844593499997 -36.875884682,-6.15791501899997 -36.875486521,-6.15745053299997 -36.87535368,-6.15685319800002 -36.875287441,-6.15618963200001 -36.875287436,-6.15552597300001 -36.875154605,-6.15492873099998 -36.875088361,-6.15433149 -36.874424522,-6.15413240999999 -36.873761043,-6.15386691100002 -36.873097204,-6.15380058599999 -36.872632804,-6.15340242000002 -36.871969319,-6.15320325200003 -36.871438322,-6.152805097 -36.870973922,-6.15240692999998 -36.870509164,-6.15200877500001 -36.870177242,-6.15147785400001 -36.869845679,-6.150946949 -36.869513762,-6.15028337699999 -36.869049362,-6.14988513499998 -36.868452122,-6.149486975 -36.867921119,-6.14915514500001 -36.867522964,-6.14869065300002 -36.866925717,-6.14842515399999 -36.866328476,-6.14829249299999 -36.865731245,-6.14802699400002 -36.864540001,-6.14816909899997 -36.86402988,-6.14811815500002 -36.863520127,-6.14771028500002 -36.86311224,-6.14725136800001 -36.862551366,-6.14694546099997 -36.861939721,-6.146741518 -36.861378845,-6.14643561100002 -36.860817959,-6.14612978600002 -36.86020632,-6.146027817 -36.859594326,-6.14592584799999 -36.859237563,-6.14531402900002 -36.859186445,-6.14465117899999 -36.858880441,-6.14398841600001 -36.858319924,-6.14373344799998 -36.857759043,-6.14337659799997 -36.857147039,-6.14317265900002 -36.856535399,-6.14307069099999 -36.855974519,-6.14276477800001 -36.855515514,-6.14235690200002 -36.854954639,-6.14205099100002 -36.854343,-6.14205099100002 -36.853731001,-6.14210192299998 -36.853068244,-6.141847052 -36.85255848,-6.14149011500001 -36.852252482,-6.14092932099999 -36.852405481,-6.14031749700001 -36.852507358,-6.13970568299999 -36.852507363,-6.13909386400002 -36.852507363,-6.13843100899999 -36.85271148,-6.137768252 -36.852915239,-6.13710540199997 -36.852915239,-6.13644264499999 -36.852609599,-6.13588176399998 -36.852150605,-6.13537191400002 -36.851742724,-6.134913095 -36.851487837,-6.13430126999998 -36.851283726,-6.13368944600001 -36.851028838,-6.13312856499999 -36.85067208,-6.13256778200002 -36.850314958,-6.13205792600002 -36.849754436,-6.13180296299998 -36.84909132,-6.13159901500001 -36.848479685,-6.13180296299998 -36.848173676,-6.13236383899999 -36.847612805,-6.13266975099998 -36.847103043,-6.13302660099998 -36.846338403,-6.13261871999998 -36.845828282,-6.13221083899998 -36.845318523,-6.13185399399998 -36.844757643,-6.13154808199999 -36.84409488,-6.13129310800002 -36.843687005,-6.13078325800001 -36.843126118,-6.13047734499997 -36.842565243,-6.13017143799999 -36.842004726,-6.129865532 -36.841392717,-6.12966159400003 -36.84072996,-6.12955962000001 -36.840169079,-6.12925371300003 -36.839557445,-6.12904976999999 -36.839506322,-6.12843794999998 -36.839812326,-6.12787715600001 -36.839914203,-6.12726533799997 -36.839863079,-6.126653519 -36.839659321,-6.12604170499998 -36.839455199,-6.125429881 -36.839353327,-6.12481805599998 -36.839659321,-6.124257274 -36.840169079,-6.12384939200001 -36.840628083,-6.12344150600001 -36.84072996,-6.12282969199998 -36.840628083,-6.12221787300001 -36.840118314,-6.12186092500002 -36.839608198,-6.12140211000002 -36.839149564,-6.12099422900002 -36.838588682,-6.12068832199998 -36.838129684,-6.12017846700002 -36.837518044,-6.11997453499998 -36.836855281,-6.11987255399998 -36.836243283,-6.11997453499998 -36.835700762,-6.11980812000002 -36.834936123,-6.11854623099998 -36.834936128,-6.11843148200001 -36.834821277,-6.117781412 -36.834783123,-6.11713142899998 -36.834630118,-6.11651961500002 -36.834171483,-6.116098943 -36.833788802,-6.11560188300001 -36.833559485,-6.11502822400001 -36.833444649,-6.114378246 -36.83340648,-6.11376642099998 -36.833292003,-6.11311635099997 -36.833100481,-6.11254278299998 -36.832871163,-6.11193095900001 -36.832259518,-6.11177795899999 -36.831647525,-6.11170145599999 -36.830997358,-6.11154854900002 -36.830500559,-6.11112789399999 -36.830156406,-6.11063082300001 -36.830003401,-6.11001900500003 -36.829888565,-6.10936893399997 -36.829812242,-6.10875711 -36.829200244,-6.10883360700001 -36.828588604,-6.10879536099998 -36.828014765,-6.108565951 -36.827517966,-6.10822179299998 -36.826982285,-6.10780112700002 -36.826485486,-6.10741880500001 -36.825950164,-6.10711289800003 -36.82533816,-6.106959899 -36.824726521,-6.106959899 -36.824114522,-6.10680699699998 -36.823808523,-6.10627158300002 -36.823885205,-6.10565976300001 -36.824114522,-6.10508619000001 -36.824038199,-6.10447436599998 -36.823579201,-6.104053798 -36.823005719,-6.10374789100001 -36.822584885,-6.10325073299998 -36.822126245,-6.102830165 -36.82182024,-6.10225658600001 -36.821629082,-6.10164476699998 -36.821323082,-6.10099469699998 -36.820348203,-6.09961805900002 -36.820137603,-6.09904449099997 -36.819640804,-6.09870033300001 -36.819258118,-6.09820326300002 -36.818761319,-6.097859099 -36.818302321,-6.09740027999999 -36.818073003,-6.09678846100002 -36.81757584,-6.096444303 -36.817843321,-6.09587073 -36.81818748,-6.09537356700002 -36.818646484,-6.09495300399999 -36.819066959,-6.09445584100001 -36.819525963,-6.09399702100001 -36.819602276,-6.09338519699998 -36.819411123,-6.09273513199997 -36.818837642,-6.09254396799997 -36.818302321,-6.09219981000001 -36.817958162,-6.09170265199998 -36.817767004,-6.09112907299999 -36.817537681,-6.09055550599999 -36.817422846,-6.08994369200002 -36.817155,-6.08933186799999 -36.816810842,-6.088834803 -36.816390367,-6.088375885 -36.815855039,-6.08806999000001 -36.815319727,-6.08776407200003 -36.814707724,-6.08741991400001 -36.814134243,-6.08722875000001 -36.813751921,-6.08673167900002 -36.813484081,-6.08611986 -36.813369604,-6.08550804100003 -36.813254763,-6.084896222 -36.813063604,-6.08428440300003 -36.813025446,-6.08367257800001 -36.812719441,-6.08306076500003 -36.812413448,-6.08252543700002 -36.812069279,-6.081990034 -36.811954801,-6.07896917300002 -36.812451601,-6.077936792 -36.810845287,-6.075525599 -36.810186116,-6.075525605 -36.809503923,-6.07550211099999 -36.808891925,-6.07547853 -36.808256519,-6.075525599 -36.807503399,-6.075572669 -36.806820843,-6.07559624999999 -36.806209197,-6.07564331999998 -36.805667762,-6.07564331999998 -36.805267803,-6.07594923200003 -36.804797286,-6.07627872500001 -36.804279237,-6.07658463199999 -36.803761562,-6.07698467799997 -36.803243883,-6.07722002600002 -36.8027496,-6.07698468400002 -36.802561321,-6.07651406299999 -36.802420199,-6.07599629600003 -36.802326244,-6.075313827 -36.802208524,-6.07472550099999 -36.802020244,-6.07418424100001 -36.801973083,-6.07354884099999 -36.801925926,-6.07293692899998 -36.801667083,-6.072442744 -36.801173159,-6.07218390100002 -36.80104788,-6.07096979900001 -36.801526684,-6.06966084499999 -36.802420562,-6.06841569099998 -36.799123679,-6.066456211 -36.795069367,-6.06572190100002 -36.791557201,-6.06511529800002 -36.788300645,-6.06495563700003 -36.785108165,-6.06329549399999 -36.783511924,-6.06275271300001 -36.782681764,-6.06265695399998 -36.781875722,-6.06357063199999 -36.781357684,-6.06350007899999 -36.780840004,-6.06357063199999 -36.780298923,-6.06373542199998 -36.779875202,-6.06406482300002 -36.779569204,-6.064464961 -36.779048275,-6.06430458300002 -36.778957559,-6.06427668200001 -36.77843952,-6.06392361399998 -36.777945606,-6.063617701 -36.777521882,-6.06331178900001 -36.777303719,-6.063154199 -36.777098162,-6.06300587700002 -36.776557085,-6.06281760299998 -36.775992244,-6.06267638899999 -36.775427397,-6.06251169199999 -36.774909723,-6.06251169199999 -36.774392043,-6.06218220300002 -36.77399172,-6.06173508199998 -36.77347404,-6.061405589 -36.772979762,-6.06128786900001 -36.772462088,-6.06119382100002 -36.771944398,-6.06093489199998 -36.771426723,-6.06093489199998 -36.770838485,-6.06084075799998 -36.770179325,-6.06079368299999 -36.769591082,-6.06081726399998 -36.769591082,-6.06135852 -36.769591082,-6.06189978600003 -36.76902624,-6.06222926800001 -36.768531967,-6.062417552 -36.76808484,-6.06277052799999 -36.767684881,-6.063405929 -36.767426044,-6.06385304999998 -36.766814046,-6.06397068299998 -36.766272959,-6.06382955499998 -36.766143362,-6.06374315900001 -36.765778681,-6.063500073 -36.765378727,-6.06305294700002 -36.765213839,-6.06248811 -36.764673845,-6.06237561199998 -36.764084161,-6.06239397100001 -36.763613639,-6.062652808 -36.763189919,-6.06295881300002 -36.762742803,-6.06267638399999 -36.762413402,-6.06218220300002 -36.762060246,-6.06178215199998 -36.761684042,-6.061429078 -36.761636875,-6.06086432799998 -36.761401439,-6.06037013700001 -36.760954324,-6.06008771900002 -36.760413242,-6.06025242200002 -36.759871807,-6.060558329 -36.759330368,-6.06098196200003 -36.759024721,-6.06138200800001 -36.758648164,-6.06175857099998 -36.758106718,-6.06189977999998 -36.757589044,-6.06197033799998 -36.75697704,-6.06201741299998 -36.756811799,-6.06200993700003 -36.756459361,-6.06199391899997 -36.755988838,-6.061664431 -36.75549456,-6.061523217 -36.754953484,-6.06152322200001 -36.754364882,-6.06152322200001 -36.754082637,-6.06105261300002 -36.753776649,-6.060652468 -36.753188406,-6.06055833400001 -36.752670726,-6.060605399 -36.752152682,-6.06086433399997 -36.751870449,-6.06128786900001 -36.751376166,-6.06159387299999 -36.751023363,-6.06197034399997 -36.750576242,-6.06227634300001 -36.75012912,-6.06258224999999 -36.749493721,-6.062629319 -36.748858326,-6.06262931399999 -36.748340282,-6.062629319 -36.747681486,-6.062605738 -36.747093237,-6.06229983200001 -36.7465284,-6.06218220300002 -36.746010721,-6.06208806400002 -36.745493047,-6.06175857099998 -36.745069321,-6.061452659 -36.744622201,-6.06114674600002 -36.744127923,-6.06086433399997 -36.74386908,-6.06032306700001 -36.743821923,-6.05980530099998 -36.743821923,-6.05919338899997 -36.743610243,-6.05862864599999 -36.743186518,-6.05825208200002 -36.742688284,-6.05811627499997 -36.74205684,-6.05799323999997 -36.741680282,-6.05766374699999 -36.741233162,-6.05735783400002 -36.740715481,-6.05754611899999 -36.740386086,-6.05794617100003 -36.74015064,-6.05844035600001 -36.74015064,-6.05902869200003 -36.740033278,-6.05954645899999 -36.73951524,-6.05985237099998 -36.738974164,-6.05994650999997 -36.738432724,-6.06015828300002 -36.737915039,-6.06008771900002 -36.737562241,-6.05968767299998 -36.737067958,-6.059475808 -36.736668004,-6.05980530099998 -36.736536967,-6.05981015899999 -36.736399447,-6.059815206 -36.736032604,-6.05982888199998 -36.735350037,-6.05985237099998 -36.734808602,-6.05985237599998 -36.734314319,-6.059711161 -36.733655517,-6.05966409199999 -36.733161244,-6.05947581300001 -36.732737878,-6.05914640700001 -36.7322436,-6.05905227800002 -36.731772724,-6.05933460400001 -36.731537636,-6.05982888199998 -36.731419916,-6.060346557 -36.731019962,-6.06072311899999 -36.730549081,-6.06093489199998 -36.729937441,-6.06105260700002 -36.729443163,-6.06131144900002 -36.728901723,-6.06171150099999 -36.728478362,-6.06222926800001 -36.728101804,-6.062605744 -36.727785004,-6.06301280999998 -36.727466404,-6.063452998 -36.726948366,-6.06380597999998 -36.726289564,-6.06399425900003 -36.725724723,-6.06411188700002 -36.725183641,-6.064441386 -36.724665956,-6.06472380299999 -36.724383364,-6.06524157000001 -36.724030562,-6.06564161599999 -36.723677401,-6.06608873800002 -36.723206888,-6.06655943499999 -36.722947682,-6.06705363100002 -36.722383199,-6.06707712000002 -36.721676881,-6.06717126400002 -36.721112404,-6.06721832900001 -36.72059436,-6.06724191000001 -36.720029524,-6.06724191000001 -36.720268208,-6.06795408400001 -36.719921524,-6.06959307400001 -36.720425881,-6.07009743100002 -36.721812602,-6.07063329099998 -36.722222636,-6.07189409900002 -36.722474648,-6.07233537399998 -36.722348642,-6.07340700200001 -36.722852999,-6.07432113499999 -36.722285641,-6.07523517200002 -36.721434606,-6.07542426100002 -36.721119239,-6.07605470499999 -36.720709565,-6.07687415700002 -36.72124524,-6.078198058 -36.720741242,-6.07860782900002 -36.720583558,-6.07914359699998 -36.719637839,-6.07933278399997 -36.718786798,-6.079931644 -36.718219441,-6.081413043 -36.717242404,-6.08216948900002 -36.717179398,-6.08273684599999 -36.716706723,-6.08368248300002 -36.719196484,-6.08453352499998 -36.720583564,-6.08428133799998 -36.720993244,-6.08573124100002 -36.720709565,-6.08601492499997 -36.720488876,-6.08714963900002 -36.721686597,-6.088662629 -36.721805039,-6.08986952599997 -36.720883081,-6.09003503899999 -36.720173885,-6.09064965099998 -36.720008279,-6.09145343799997 -36.719393765,-6.09223356199999 -36.719180998,-6.094219318 -36.719488084,-6.09537762000002 -36.719039164,-6.096819692 -36.718660797,-6.09712703899999 -36.716486039,-6.09743430399999 -36.715091042,-6.09717428800002 -36.71401176,-6.09743169000001 -36.715075562,-6.09948837399998 -36.714862806,-6.10102494500001 -36.716895719,-6.101923236 -36.71677764,-6.102135992 -36.716186523,-6.10251426100001 -36.715926599,-6.10265609999999 -36.715028037,-6.10249058699998 -36.712758601,-6.103034374 -36.710820355,-6.09981930200001 -36.709732808,-6.09977204699999 -36.708858,-6.10017389799998 -36.707274366,-6.09970112500002 -36.706777925,-6.09989021899997 -36.706683243,-6.10059942100003 -36.70578504,-6.10282160700001 -36.7049574,-6.10277426599998 -36.703326239,-6.10319979399998 -36.701907845,-6.104145421 -36.69613992,-6.10319979399998 -36.6948396,-6.10223057600001 -36.693965163,-6.102939779 -36.692168403,-6.103341634 -36.69143544,-6.10386174199999 -36.691009922,-6.10390899200002 -36.6898518,-6.10428726100002 -36.688835159,-6.10246701199998 -36.688906081,-6.10121412000001 -36.688527719,-6.10017389799998 -36.687558605,-6.09946470699998 -36.687109321,-6.09903918399999 -36.687029759,-6.09846426199999 -36.685180447,-6.09913664800001 -36.683583484,-6.09825410899998 -36.68160816,-6.09892649400001 -36.680935682,-6.09808599299998 -36.679590717,-6.09783380699997 -36.677783882,-6.09758171800001 -36.676733043,-6.09846425699999 -36.675598318,-6.09800192799997 -36.674673844,-6.097161422 -36.673581243,-6.09644700299998 -36.671648039,-6.09510213499999 -36.671227569,-6.09501807499998 -36.670891322,-6.09413553000002 -36.669420365,-6.09426161800002 -36.667445406,-6.09388335400001 -36.664461362,-6.09367320000001 -36.663788884,-6.09430364999997 -36.66294828,-6.094891975 -36.661603684,-6.09569046000001 -36.661351323,-6.09821207599998 -36.660342968,-6.09863238299999 -36.658913762,-6.09821208199997 -36.658121043,-6.09846623999999 -36.655557122,-6.098802482 -36.655010999,-6.09922268600002 -36.655263,-6.10069365300001 -36.655431116,-6.10128198299998 -36.656187839,-6.10245873100001 -36.656008199,-6.10285761400002 -36.654737404,-6.10345701900002 -36.653413324,-6.10286606900002 -36.653106238,-6.10374068599998 -36.652278604,-6.10277147900001 -36.651285723,-6.10326791900002 -36.650482202,-6.10345701900002 -36.649489321,-6.10345701900002 -36.648141839,-6.10239321500001 -36.646345085,-6.10336251000001 -36.644761081,-6.10329159299999 -36.644217478,-6.10385895000002 -36.64249164,-6.10411896599999 -36.642326405,-6.10444988799998 -36.642036244,-6.10518032900001 -36.641210408,-6.10562502200003 -36.640384561,-6.10575209899997 -36.640066679,-6.10695918599998 -36.639939597,-6.10797555099998 -36.639685444,-6.10873793600001 -36.638986684,-6.10905555099998 -36.638605801,-6.10956378200001 -36.637779601,-6.10950023800001 -36.63714456,-6.10880147900002 -36.636509161,-6.10791209899998 -36.635619965,-6.107467407 -36.635365801,-6.10702263299999 -36.634603318,-6.10746741200001 -36.634412883,-6.10772147900002 -36.633459965,-6.10822970999999 -36.632570406,-6.10848378200001 -36.631897559,-6.10811667299998 -36.631427047,-6.10778502300002 -36.630918718,-6.10702262699999 -36.630601199,-6.10626032900001 -36.630347041,-6.10498980099999 -36.629584559,-6.10454511500001 -36.627932887,-6.10448157000002 -36.627234122,-6.10435448300001 -36.626725799,-6.10568855999998 -36.625836604,-6.106133253 -36.624947045,-6.10613324799999 -36.625566607,-6.10753887200002 -36.626138284,-6.108825239 -36.626042884,-6.10977824999998 -36.625709521,-6.11096940200002 -36.625518722,-6.11111231699999 -36.624851639,-6.11106462200001 -36.624470763,-6.11135055 -36.624137048,-6.111779318 -36.623755796,-6.11139815799999 -36.622135801,-6.10949232199999 -36.621087842,-6.10906346799999 -36.619849082,-6.108348777 -36.619562887,-6.109254088 -36.619706166,-6.11039762600001 -36.619324926,-6.11077878100002 -36.618181202,-6.11096940200002 -36.61632324,-6.11096940700003 -36.615918602,-6.11110422100001 -36.615227401,-6.11158878399999 -36.614846165,-6.11196992700002 -36.613512001,-6.11187461999998 -36.613035365,-6.11120763000002 -36.612177842,-6.110635866 -36.612273242,-6.10992117000001 -36.612606603,-6.10944470300001 -36.612797404,-6.108825239 -36.612559083,-6.10815824999997 -36.611796601,-6.10696709799998 -36.610605726,-6.10668117 -36.609890759,-6.10644294100001 -36.607937402,-6.107110019 -36.606841558,-6.10749116699998 -36.605078643,-6.10672887499999 -36.603935284,-6.10653825399999 -36.602410325,-6.10544241000002 -36.601028639,-6.105108874 -36.59969448,-6.10429887200002 -36.598741557,-6.10448949200003 -36.597550676,-6.104108344 -36.595739887,-6.10391771799999 -36.595454046,-6.10253595099999 -36.596025728,-6.10148780600002 -36.596216523,-6.10096364999998 -36.597074041,-6.10134480400001 -36.597741118,-6.10148781200002 -36.598122364,-6.101058964 -36.5984082,-6.09924843499999 -36.59798592,-6.09854516600001 -36.597889798,-6.09648021200002 -36.596352966,-6.09527961200001 -36.595488603,-6.09566382499997 -36.594432357,-6.09604803299999 -36.592559284,-6.09662420900003 -36.591212879,-6.097039295 -36.590572806,-6.09774363399998 -36.590252403,-6.09876809899998 -36.587307241,-6.09755156799997 -36.585706322,-6.0969753 -36.583145287,-6.09543864199998 -36.580263842,-6.09364575000001 -36.578919241,-6.09326163600002 -36.577382762,-6.09396587700002 -36.577190522,-6.09524649000002 -36.575781844,-6.09607890000001 -36.575333636,-6.09729542600002 -36.574757281,-6.098127836 -36.573797164,-6.09876809899998 -36.573220803,-6.09998471699998 -36.572260322,-6.10075305100003 -36.57072348,-6.10139330800001 -36.569442965,-6.101201248 -36.568378439,-6.101584565 -36.5678424,-6.10177752200002 -36.567457921,-6.10100918799998 -36.5678424,-6.09960051000002 -36.566689678,-6.09864002799998 -36.565409158,-6.09844796700003 -36.56380824,-6.09851204900002 -36.562079517,-6.097039295 -36.559390323,-6.09691131 -36.558636122,-6.09622469999999 -36.556672675,-6.096480837 -36.555306839,-6.09656625000002 -36.551721245,-6.095797834 -36.550355046,-6.09434657999998 -36.548732883,-6.09289523799998 -36.548306284,-6.09221223100002 -36.546513479,-6.09289523799998 -36.544976648,-6.09332211499998 -36.543354479,-6.091699952 -36.542842207,-6.08973642400002 -36.541647001,-6.088626632 -36.54156168,-6.08708987699998 -36.541220396,-6.085297078 -36.540622802,-6.084443341 -36.54087876,-6.08316273399998 -36.542586243,-6.081369929 -36.541647001,-6.08077232900001 -36.540708123,-6.07846725100001 -36.539427597,-6.07846725100001 -36.538317718,-6.07863798 -36.534475798,-6.07778423799999 -36.534219841,-6.075735302 -36.533536926,-6.07616216700001 -36.5314878,-6.07513769600001 -36.531402484,-6.07633298899998 -36.529012085,-6.07650372299997 -36.527987522,-6.07607685200003 -36.527902206,-6.07385718099999 -36.527816885,-6.07283271099999 -36.526707007,-6.07206429000001 -36.525351961,-6.072026397 -36.525266287,-6.07399001800002 -36.523985767,-6.07501448800002 -36.522961203,-6.075355957 -36.520997762,-6.07509980399999 -36.520314842,-6.07467293899998 -36.518863321,-6.076209694 -36.517668121,-6.07706342500001 -36.515363396,-6.07646583600001 -36.51322896,-6.07544136000001 -36.512887323,-6.07279482400003 -36.513484923,-6.07134348199997 -36.512204403,-6.07083120300001 -36.510753246,-6.06946526899998 -36.510240967,-6.07185566800001 -36.508191846,-6.072624002 -36.506228399,-6.07177034799997 -36.5044356,-6.07151421100002 -36.502557485,-6.07151421100002 -36.502130527,-6.07066046900002 -36.501140157,-6.07083821800001 -36.500468043,-6.07107834200002 -36.499699443,-6.07079025100001 -36.499459324,-6.072807152 -36.499277886,-6.07470732100001 -36.498881887,-6.07549968699999 -36.497981526,-6.07661621599999 -36.496792798,-6.07622003900002 -36.496252798,-6.07658021999998 -36.496144445,-6.07740857700003 -36.496324796,-6.07816494100001 -36.496576798,-6.07888530399998 -36.498269524,-6.07949757400002 -36.498557518,-6.07982166599999 -36.497477159,-6.08007384199999 -36.496504805,-6.08065010399997 -36.495856441,-6.08140638200001 -36.495352084,-6.08191064599998 -36.494776083,-6.08137038000001 -36.493947725,-6.08140637700001 -36.493047,-6.08180256499998 -36.492110638,-6.08187465499998 -36.491030285,-6.08187465499998 -36.490201922,-6.08183865400002 -36.489157565,-6.08137038000001 -36.488581204,-6.08158647200003 -36.487932841,-6.08234283100001 -36.487284487,-6.08270300700002 -36.486564119,-6.082270833 -36.485951767,-6.08201873899998 -36.485627762,-6.08417972900003 -36.483863049,-6.08403563899998 -36.482674326,-6.08223483099999 -36.48198996,-6.08075810999998 -36.4810176,-6.07830903000001 -36.481809961,-6.07722848600002 -36.48033324,-6.07668821999999 -36.478964883,-6.07676031099999 -36.47835252,-6.07661621599999 -36.477416163,-6.07733657799997 -36.476587437,-6.07722848600002 -36.475471082,-6.07726449299997 -36.474858719,-6.07650812899999 -36.474138357,-6.07445522699999 -36.473598357,-6.07391496100001 -36.472337641,-6.07405904400002 -36.471869281,-6.073590868 -36.473238002,-6.07222223899998 -36.473129996,-6.07168197300001 -36.472734009,-6.07132178699999 -36.472301651,-6.07024124899999 -36.471365283,-6.06966506700002 -36.470104561,-6.070313344 -36.469636565,-6.07182606200001 -36.468231842,-6.07056542800001 -36.466431121,-6.070313344 -36.465890761,-6.06970107400002 -36.46563876,-6.06768408099998 -36.464441398,-6.06828474000002 -36.463672803,-6.068732942 -36.462648598,-6.06886100899999 -36.461111762,-6.06943728200002 -36.4599594,-6.06969341299998 -36.458806684,-6.07007763199999 -36.458294405,-6.06918113900002 -36.45778212,-6.068092675 -36.456181561,-6.06828474000002 -36.455605195,-6.06969341299998 -36.454644719,-6.06982148999998 -36.45413244,-6.06860487699998 -36.452531881,-6.06988547899999 -36.451187279,-6.07078188399998 -36.449842681,-6.07155030500002 -36.449202239,-6.072318634 -36.447857643,-6.07276683600003 -36.447281282,-6.073599242 -36.446513046,-6.074495641 -36.44555257,-6.07494384300003 -36.444464279,-6.07494383800002 -36.442863366,-6.075584101 -36.441326882,-6.07494384300003 -36.439854122,-6.07468769500002 -36.437997241,-6.07564818200001 -36.437677208,-6.07744097599999 -36.437420886,-6.07865750799999 -36.435499923,-6.07692869800002 -36.434283479,-6.076672653 -36.4328748,-6.07686470900001 -36.431337959,-6.077761108 -36.430505641,-6.07942584199998 -36.430185601,-6.08102658000001 -36.429929644,-6.08217912800001 -36.428712847,-6.082115133 -36.42775236,-6.08230718800002 -36.426600003,-6.08288346199998 -36.426064322,-6.082983904 -36.42557544,-6.083075522 -36.424935367,-6.08179499599999 -36.424999084,-6.08013017600001 -36.425255406,-6.07731291099998 -36.424294924,-6.07635242999999 -36.42339852,-6.07635242999999 -36.423142198,-6.07443156400001 -36.423782646,-6.07257477100001 -36.425639521,-6.07212657299999 -36.426087718,-6.07097403099999 -36.425895479,-6.06834882200002 -36.425191324,-6.067836543 -36.424679045,-6.06713219900001 -36.424807203,-6.065787602 -36.425383564,-6.06476313100001 -36.425511363,-6.06226598699999 -36.425447281,-6.06079331900003 -36.426047767,-6.059046964 -36.425441522,-6.058931401 -36.423136444,-6.05777895199998 -36.421471803,-6.05790693099999 -36.420319082,-6.05803500100001 -36.419102643,-6.058931401 -36.418590364,-6.06046815000002 -36.415260717,-6.06027609 -36.412891563,-6.05963574100002 -36.413467923,-6.059187544 -36.413276042,-6.05784293599999 -36.412891563,-6.05675448099998 -36.41282784,-6.05605013600001 -36.413532005,-6.05400120000002 -36.41282784,-6.05400120000002 -36.41253444,-6.05415959999999 -36.412279918,-6.05429424099998 -36.41162185,-6.05394945199998 -36.411384964,-6.05386008900001 -36.410960522,-6.05360303999998 -36.410492519,-6.05335788399998 -36.410151964,-6.05352815600003 -36.410055483,-6.05356217500002 -36.409799167,-6.05365262999999 -36.409428357,-6.05378349400002 -36.40823676,-6.05378349400002 -36.407791079,-6.05374298800001 -36.406832401,-6.05365578099997 -36.406151285,-6.053102556 -36.405342727,-6.05169801300002 -36.40453417,-6.05105963599999 -36.404118366,-6.050381577 -36.403725601,-6.04974033100001 -36.403446242,-6.049281511 -36.403310162,-6.04905786199998 -36.403129799,-6.048761404 -36.403044843,-6.04778175199999 -36.401129286,-6.0468462 -36.400962599,-6.046883815 -36.400817522,-6.04694466400002 -36.400320723,-6.04710161899999 -36.399737885,-6.04723869399999 -36.399597128,-6.04727180499998 -36.398721956,-6.04670112299999 -36.397639441,-6.04599506599999 -36.397284486,-6.045940438 -36.396609123,-6.04583657900002 -36.396532801,-6.04582920000001 -36.394723081,-6.04582479300001 -36.394532635,-6.045824788 -36.393426,-6.04629297000002 -36.392502242,-6.047500324 -36.391993925,-6.04820025100003 -36.39240468,-6.04974033600001 -36.392542917,-6.05038536400002 -36.392659926,-6.05093202099999 -36.39258,-6.05103381100002 -36.392021641,-6.051953427 -36.391295888,-6.05309373300003 -36.391125241,-6.05334662600001 -36.390098526,-6.05354571200002 -36.390024724,-6.05359863299998 -36.390005642,-6.05389248300003 -36.389606406,-6.05580093200001 -36.389679485,-6.05595735000003 -36.390206163,-6.05725685499999 -36.387768959,-6.05758373899999 -36.386672051,-6.05833866500001 -36.386105759,-6.05860578199997 -36.385829279,-6.058905745 -36.385269484,-6.05924298100001 -36.385033686,-6.05951243999999 -36.384872042,-6.059697024 -36.384474961,-6.06020768899998 -36.384247801,-6.060775138 -36.383913358,-6.06128733000003 -36.38351016,-6.06179663699999 -36.383356444,-6.06247992200002 -36.382959723,-6.06323888899999 -36.382897081,-6.063284796 -36.381178084,-6.06409596200001 -36.380153521,-6.06536459400002 -36.379994762,-6.06557492600001 -36.37976508,-6.06588237699998 -36.379821599,-6.06650651899997 -36.379821599,-6.06681665299999 -36.379756442,-6.06729366299999 -36.379626121,-6.06761982 -36.37915632,-6.06805478699999 -36.380550242,-6.06976749199998 -36.380342164,-6.07038497799999 -36.38019456,-6.07057497400001 -36.378357483,-6.07086756299998 -36.37798812,-6.07092642399999 -36.377494553,-6.07138361900002 -36.376671961,-6.072783028 -36.37564848,-6.07373118100003 -36.375271922,-6.07433111699999 -36.374474889,-6.07554882199997 -36.373749843,-6.07558175899999 -36.372750121,-6.07553793300002 -36.372106087,-6.07632525100001 -36.371383568,-6.07721697300002 -36.371170442,-6.07789016800001 -36.371107442,-6.07808969899997 -36.370882444,-6.07829796200002 -36.37027872,-6.07885739800003 -36.370150204,-6.079396229 -36.37000512,-6.080005261 -36.369386646,-6.08029721999998 -36.369230402,-6.08037102200001 -36.369194765,-6.080446537 -36.368616247,-6.08167233099999 -36.367621563,-6.08164541899998 -36.366778443,-6.08159952300002 -36.365509805,-6.08227074000001 -36.364034524,-6.08257656000001 -36.363060719,-6.08278311200002 -36.361661403,-6.08305022899998 -36.360724676,-6.08337854899997 -36.3589956,-6.08347367699997 -36.359052482,-6.08449518200001 -36.359125203,-6.08492096600003 -36.358775645,-6.08513076600002 -36.358017482,-6.085585804 -36.357900479,-6.08565581900001 -36.356738037,-6.08607440899999 -36.355845599,-6.08659110600001 -36.354970438,-6.08709761400002 -36.354153605,-6.08804333799998 -36.353621886,-6.08863238599997 -36.353338561,-6.08895333300001 -36.352924202,-6.08942303499998 -36.352772284,-6.08971131099997 -36.352206367,-6.09088949800002 -36.351597243,-6.09176925499997 -36.35073828,-6.09300414000001 -36.3503664,-6.09416684799999 -36.350085607,-6.09470981999999 -36.349994167,-6.09486453099998 -36.348312242,-6.095014918 -36.347994365,-6.09505056099999 -36.347823366,-6.09543224700002 -36.347203804,-6.09681788900002 -36.346394159,-6.096672001 -36.34603776,-6.09610221399998 -36.344722324,-6.09610221399998 -36.344181243,-6.09615962399999 -36.34435909,-6.096726542 -36.344496603,-6.09692687699999 -36.342878402,-6.09700392299999 -36.342528479,-6.097488204 -36.342444962,-6.09750414500002 -36.342037798,-6.09794361600001 -36.341204046,-6.09830613399998 -36.340552443,-6.09855237599999 -36.339738485,-6.09870770700002 -36.339114957,-6.09910244999998 -36.339040443,-6.09915852300003 -36.338605922,-6.09943913699999 -36.337214162,-6.10057179199998 -36.336638883,-6.10054893400002 -36.33653448,-6.10062894100002 -36.334118522,-6.10246799499998 -36.331621922,-6.10277723799999 -36.33028848,-6.10348284299999 -36.329370841,-6.10391124099999 -36.328916167,-6.104130392 -36.328716005,-6.10450865600001 -36.32859684,-6.10461836799999 -36.32856769,-6.10478918899997 -36.328210921,-6.10546338900002 -36.328407838,-6.10572006400002 -36.328309928,-6.10629263700002 -36.328224602,-6.106788811 -36.329092922,-6.10889715100001 -36.329259244,-6.10972938200001 -36.3294648,-6.11075753599999 -36.326674442,-6.110881565 -36.326260802,-6.11084393800002 -36.324628202,-6.110695443 -36.324227525,-6.11064278800001 -36.322271647,-6.11038539100002 -36.32177556,-6.114850198 -36.321588368,-6.11506259999999 -36.320845321,-6.11590445899998 -36.320128561,-6.11631053799999 -36.318985201,-6.11695862900001 -36.317930766,-6.11689662399999 -36.316504445,-6.11633853000001 -36.314548926,-6.11689734100003 -36.314348041,-6.116982662 -36.3138714,-6.11695862900001 -36.313776006,-6.11695862900001 -36.313560358,-6.116622742 -36.313217999,-6.11609048999998 -36.312339242,-6.115571278 -36.311853603,-6.11528436100002 -36.311533199,-6.11532711000001 -36.310923722,-6.11540838299999 -36.3093732,-6.11528436100002 -36.308009162,-6.114788197 -36.306345965,-6.11403128400002 -36.304536605,-6.11329995199998 -36.304288564,-6.11329995199998 -36.301880164,-6.11430336199999 -36.301311726,-6.11454015100003 -36.30146184,-6.11510724700003 -36.301807797,-6.116214512 -36.302924158,-6.117516717 -36.303327725,-6.118058158 -36.303854402,-6.118818928 -36.303798601,-6.11898056699999 -36.303457687,-6.11996868300002 -36.303234118,-6.12061730800002 -36.303005876,-6.12073746200002 -36.302055843,-6.12123740800001 -36.301954325,-6.12137276999999 -36.30131172,-6.12222957099999 -36.301230724,-6.122343151 -36.300691805,-6.12309771100001 -36.299880362,-6.12424871600001 -36.299823486,-6.12433799799999 -36.299699642,-6.12601227300001 -36.299575445,-6.12743849499998 -36.299623324,-6.12815723799997 -36.299637364,-6.128368739 -36.299771281,-6.128703454 -36.299976486,-6.129216364 -36.300133799,-6.12960893299999 -36.299849403,-6.130240926 -36.299575439,-6.13084914299998 -36.298397165,-6.13246148299999 -36.298330198,-6.13255977300003 -36.297173885,-6.13425177099998 -36.295854842,-6.13618208499997 -36.293997961,-6.13765665 -36.293746318,-6.13785645299998 -36.292381916,-6.13890891099999 -36.289698846,-6.13955456899998 -36.289537924,-6.13959327100002 -36.289281603,-6.13965474499997 -36.289931761,-6.14016557799999 -36.290149923,-6.14033684999998 -36.290211842,-6.14176317200003 -36.290149917,-6.14343744000001 -36.290646005,-6.14430558100003 -36.291142081,-6.14566989000002 -36.291076207,-6.145922251 -36.290769838,-6.14709611900003 -36.291017878,-6.14858435899998 -36.291436561,-6.14882348899999 -36.292754165,-6.149576518 -36.292971246,-6.15046176200002 -36.293064478,-6.150878815 -36.292493524,-6.15198699299998 -36.292091761,-6.15276638400002 -36.292010042,-6.152925154 -36.291249728,-6.15280239100002 -36.289653841,-6.15255309499997 -36.28828944,-6.15280113599999 -36.287451362,-6.15347946000003 -36.287232124,-6.153619327 -36.286987321,-6.15385529500003 -36.287173443,-6.15577769700002 -36.28766953,-6.158196084 -36.288103323,-6.16005647999998 -36.288838079,-6.16135617600003 -36.288909724,-6.16148270899998 -36.288860046,-6.16191470899997 -36.288661682,-6.16365315199999 -36.289715761,-6.16557546299998 -36.289992603,-6.16587219299998 -36.290646005,-6.16662962700002 -36.291956762,-6.16784120900002 -36.294738481,-6.170412328 -36.295234557,-6.17171463199998 -36.294971401,-6.17308460800001 -36.294924603,-6.17332688900001 -36.294949086,-6.173644228 -36.294986523,-6.17413301800002 -36.294957002,-6.174378451 -36.294805079,-6.17563080399998 -36.294738481,-6.17617943900001 -36.294089758,-6.17617943300002 -36.293311801,-6.176182047 -36.291934441,-6.17593194099999 -36.29192508,-6.17603715299998 -36.291513961,-6.177915719 -36.2914074,-6.17887521199998 -36.291390122,-6.17903190599998 -36.290960285,-6.17903190599998 -36.289901882,-6.17903190599998 -36.289775158,-6.17905566100001 -36.288909718,-6.17921793599999 -36.288092885,-6.18001424699997 -36.287836923,-6.180260309 -36.286801205,-6.18114033299997 -36.286317006,-6.18087951199999 -36.285991924,-6.180709229 -36.284953686,-6.18015852000002 -36.283452476,-6.18083028000001 -36.283339439,-6.181131601 -36.283080602,-6.18182243899997 -36.283173845,-6.18266123799998 -36.283204441,-6.18293861400002 -36.282708358,-6.18368274199997 -36.28242036,-6.18347420800001 -36.280910164,-6.18238052700002 -36.280560241,-6.18194214200003 -36.279918,-6.18107831600003 -36.279669965,-6.18003171499998 -36.279049686,-6.17934195300001 -36.278799846,-6.179366969 -36.278043847,-6.179442575 -36.277809481,-6.17946597100001 -36.276321247,-6.180210176 -36.276209998,-6.18139079700001 -36.275744522,-6.18263316399998 -36.275701316,-6.182752591 -36.274771082,-6.18368274199997 -36.274510441,-6.18395715700001 -36.273592802,-6.184923029 -36.273077285,-6.18555203900002 -36.272951284,-6.185705848 -36.272882524,-6.185655263 -36.27225396,-6.185194287 -36.270934927,-6.18409520900002 -36.270299163,-6.18351579 -36.270407521,-6.18337628699999 -36.270718922,-6.18282233899998 -36.27225396,-6.18175268900001 -36.273047042,-6.18118604400001 -36.273230643,-6.18105501100001 -36.273277083,-6.18049691800002 -36.273107875,-6.17980572300002 -36.27290484,-6.17891561499999 -36.272432523,-6.17878088800001 -36.2716956,-6.17859009400001 -36.271447201,-6.17844662900001 -36.270481682,-6.17789924499999 -36.269746199,-6.17755941199999 -36.269556486,-6.17747391199998 -36.269160841,-6.17777172299998 -36.267882118,-6.17872958599997 -36.267787805,-6.17861295199998 -36.266897882,-6.17724612199999 -36.266068079,-6.176264667 -36.265602963,-6.17598557999997 -36.264440521,-6.17589260900002 -36.263138045,-6.17510196400002 -36.262179356,-6.17414310300001 -36.26188236,-6.17384618800003 -36.261091803,-6.17319512900002 -36.260529841,-6.17314229900001 -36.259504925,-6.17281775700002 -36.258576844,-6.17231817499999 -36.258491886,-6.17230665099999 -36.257494686,-6.17277249099999 -36.256672083,-6.17333859299998 -36.256159087,-6.17351129899998 -36.255560765,-6.17369039599998 -36.255713042,-6.17425343299999 -36.255841564,-6.17472386999998 -36.255883314,-6.17482998399998 -36.25615944,-6.17535368400002 -36.255771722,-6.175604072 -36.254733842,-6.17628887799998 -36.25468668,-6.17741955600002 -36.254861283,-6.177916708</coordinates></LinearRing></outerBoundaryIs></Polygon></MultiGeometry>
  </Placemark>
</Folder>
</Document></kml>
