<?xml version="1.0" encoding="utf-8" ?>
<kml xmlns="http://www.opengis.net/kml/2.2">
<Document id="root_doc">
<Schema name="campus_uepbshp" id="campus_uepbshp">
	<SimpleField name="fid" type="float"></SimpleField>
	<SimpleField name="CD_MUN" type="string"></SimpleField>
	<SimpleField name="NM_MUN" type="string"></SimpleField>
	<SimpleField name="SIGLA_UF" type="string"></SimpleField>
	<SimpleField name="AREA_KM2" type="float"></SimpleField>
	<SimpleField name="POP" type="float"></SimpleField>
	<SimpleField name="DENS" type="float"></SimpleField>
	<SimpleField name="LAT" type="float"></SimpleField>
	<SimpleField name="LONG_GMS" type="string"></SimpleField>
	<SimpleField name="LAT_GMS" type="string"></SimpleField>
	<SimpleField name="LONG" type="string"></SimpleField>
	<SimpleField name="MESO" type="string"></SimpleField>
	<SimpleField name="MICRO" type="string"></SimpleField>
	<SimpleField name="GENTILICO" type="string"></SimpleField>
	<SimpleField name="layer" type="string"></SimpleField>
	<SimpleField name="path" type="string"></SimpleField>
</Schema>
<Folder><name>campus_uepbshp</name>
  <Placemark>
	<Style><LineStyle><color>ff0000ff</color></LineStyle><PolyStyle><fill>0</fill></PolyStyle></Style>
	<ExtendedData><SchemaData schemaUrl="#campus_uepbshp">
		<SimpleData name="fid">1</SimpleData>
		<SimpleData name="CD_MUN">2501005</SimpleData>
		<SimpleData name="NM_MUN">Araruna</SimpleData>
		<SimpleData name="SIGLA_UF">PB</SimpleData>
		<SimpleData name="AREA_KM2">246.717000000000013</SimpleData>
		<SimpleData name="POP">20312</SimpleData>
		<SimpleData name="DENS">76.829999999999998</SimpleData>
		<SimpleData name="LAT">-6.524300000000000</SimpleData>
		<SimpleData name="LONG_GMS">-35º45'14&quot;</SimpleData>
		<SimpleData name="LAT_GMS">-6º31'27&quot;</SimpleData>
		<SimpleData name="LONG">-35.7539</SimpleData>
		<SimpleData name="MESO">Agreste Pa</SimpleData>
		<SimpleData name="MICRO">Curimataú</SimpleData>
		<SimpleData name="GENTILICO">Ararunense</SimpleData>
		<SimpleData name="layer">NM_MUN_Araruna</SimpleData>
		<SimpleData name="path">C:\Users\damas\OneDrive\2025_1\EAD\MAPAS\NM_MUN_Araruna.gpkg|layername=NM_MUN_Araruna</SimpleData>
	</SchemaData></ExtendedData>
      <MultiGeometry><Polygon><outerBoundaryIs><LinearRing><coordinates>-35.7371421789999,-6.60165736399995 -35.737326458,-6.60126404999994 -35.737446287,-6.60110064599996 -35.7381325819999,-6.60078473299995 -35.7389387059999,-6.60061043599995 -35.739374449,-6.60056686099995 -35.739831979,-6.60034898999993 -35.740147892,-6.60025094799994 -35.7403984439999,-6.60022916099996 -35.740768825,-6.60001128899995 -35.7409213349999,-6.59972805699994 -35.7410629519999,-6.59937946299993 -35.741058344,-6.59927348999997 -35.7410302709999,-6.59862780599997 -35.740866867,-6.59805044699993 -35.740801506,-6.59776721499998 -35.7408062769999,-6.59770042699995 -35.7408124,-6.59761470499996 -35.7409540159999,-6.59744040799995 -35.741704769,-6.59720036999994 -35.76146198,-6.59088340999995 -35.7734346239999,-6.58586639499993 -35.7735688289999,-6.58586295399994 -35.773550636,-6.58582508199993 -35.78912983,-6.58517220099998 -35.7892483009999,-6.58510375899994 -35.8037888339999,-6.57690373599996 -35.8044979119999,-6.57658251099997 -35.8270085079999,-6.56634533799996 -35.8310365369999,-6.56451264399993 -35.8318506699999,-6.56376047799995 -35.8318876239999,-6.56372130099993 -35.8319434489999,-6.56367026899994 -35.843243328,-6.55316871399998 -35.8565637689999,-6.54793000699993 -35.8672295599999,-6.54471713599997 -35.8653688269999,-6.49263370899996 -35.870360596,-6.48863700899994 -35.869482363,-6.48858494599995 -35.8600957469999,-6.48802848899993 -35.853090655,-6.48761381299994 -35.817318797,-6.48549405199998 -35.8137440529999,-6.48528201099998 -35.7826295159999,-6.48343641199995 -35.782578467,-6.48343311599996 -35.77992606,-6.48327587599994 -35.773323702,-6.48284409099995 -35.763356115,-6.48219196999997 -35.757757899,-6.47903353899994 -35.752520478,-6.47826679399998 -35.750227015,-6.47849150099995 -35.748243106,-6.47739680499996 -35.7447557209999,-6.47425571799994 -35.743560907,-6.47388492499994 -35.742972429,-6.47433595399997 -35.7423480539999,-6.47592361199997 -35.7411551829999,-6.47630397899997 -35.735220495,-6.47307404599997 -35.730309941,-6.47286114799994 -35.7275123329999,-6.47131665799998 -35.7261916059999,-6.46961173699998 -35.7243743889999,-6.47099476499994 -35.722596419,-6.47146883999994 -35.72185537,-6.47166643199995 -35.721549787,-6.47174780299997 -35.718602693,-6.47253255799995 -35.716922009,-6.47250512599993 -35.715028569,-6.47131461599997 -35.711256337,-6.47109409499996 -35.7071665679999,-6.46953642099993 -35.7023722659999,-6.46444705299996 -35.698181135,-6.46289133099998 -35.6977412319999,-6.46272804199998 -35.6970557389999,-6.46216290299998 -35.69584759,-6.45971806499995 -35.6927501289999,-6.45762711999993 -35.689942001,-6.45502859099997 -35.6864218069999,-6.45296979399996 -35.684519124,-6.45103009499996 -35.6830391679999,-6.44866831099995 -35.6819729969999,-6.44792834899994 -35.6790705779999,-6.44916032799995 -35.676339538,-6.44972304599997 -35.673721117,-6.45158804799996 -35.6723295859999,-6.45125455899995 -35.6713478529999,-6.45172380599996 -35.6690439119999,-6.45026213399996 -35.6651574529999,-6.45051484699997 -35.665151324,-6.45050805999995 -35.664047097,-6.44928520599996 -35.663603731,-6.44682995099993 -35.6601642599999,-6.44527871899993 -35.659320634,-6.44582929699993 -35.657263562,-6.44578215399997 -35.656930439,-6.44591023199996 -35.655663879,-6.44720396699995 -35.6539281299999,-6.44724872599994 -35.652809449,-6.44901670999997 -35.6514903789999,-6.44999434499994 -35.6460636469999,-6.45060480199993 -35.6436444519999,-6.45197426699997 -35.639384783,-6.45313853299996 -35.6367998859999,-6.45438942999994 -35.652757788,-6.49200508999996 -35.6582236849999,-6.49771218499995 -35.6599759439999,-6.49875166099997 -35.661520308,-6.49925654899994 -35.6625003849999,-6.49943474499997 -35.6629458739999,-6.49961293999996 -35.663213168,-6.49979113599994 -35.6657079089999,-6.50240467499998 -35.666331594,-6.50287986299998 -35.6670740769999,-6.50326595399997 -35.6684402449999,-6.50472121999996 -35.6703706989999,-6.50593889099997 -35.671707168,-6.50665167399995 -35.6727169439999,-6.50715656299997 -35.673519981,-6.50747966699993 -35.6779403909999,-6.52028725199995 -35.688443886,-6.55071981199995 -35.692996985,-6.55359001099993 -35.70667879,-6.56223983299998 -35.7085509529999,-6.56342343999995 -35.720634618,-6.56605297399994 -35.721180707,-6.56617180799998 -35.721062619,-6.56649570499997 -35.7203396199999,-6.56756298999994 -35.720016684,-6.56804988199997 -35.719685477,-6.56844665599994 -35.719203477,-6.56902046499994 -35.7187903349999,-6.56945656099998 -35.7186411439999,-6.56964017899998 -35.7185034299999,-6.56986970299994 -35.7184001439999,-6.57001889399993 -35.7180788109999,-6.57042055999995 -35.717987002,-6.57058122699993 -35.717757478,-6.57123536899996 -35.717562383,-6.57161408299993 -35.7174935259999,-6.57178622599997 -35.717275478,-6.57249774999997 -35.71690824,-6.57338141599996 -35.7166557639999,-6.57415031999994 -35.716472145,-6.57460936799993 -35.7163688589999,-6.57502250999994 -35.7162196689999,-6.57538974799996 -35.7159327639999,-6.57594060499997 -35.7158065259999,-6.57620455699993 -35.7156688119999,-6.57642260499995 -35.715565526,-6.57692755699998 -35.7155081449999,-6.57761612799993 -35.715565526,-6.57790303299993 -35.7156343839999,-6.57809812799997 -35.715714717,-6.57825879499995 -35.715714104,-6.57829160299997 -35.715691764,-6.57948674699998 -35.7156343839999,-6.57971626999995 -35.715473717,-6.57995726999997 -35.7152097649999,-6.58007203199998 -35.71516206,-6.58007203199998 -35.715003193,-6.58007203199998 -35.714903845,-6.58009376399997 -35.7146359549999,-6.58015236499995 -35.714463813,-6.57989988899993 -35.7143720029999,-6.57983103199996 -35.714142479,-6.57948674699998 -35.713990286,-6.57931379899998 -35.713890003,-6.57919984199998 -35.7136604799999,-6.57910803199997 -35.71341948,-6.57910803199997 -35.713270289,-6.57900474699994 -35.713098147,-6.57909655599997 -35.712994861,-6.57939493699996 -35.712847331,-6.57970053399993 -35.712834194,-6.57972774599995 -35.712685004,-6.57989988899993 -35.7124784329999,-6.58000317499994 -35.712340718,-6.58012941299995 -35.7122218009999,-6.58046112899996 -35.712122671,-6.58073765099994 -35.712030861,-6.58116226999994 -35.711904623,-6.58209184099996 -35.712019385,-6.58236726899997 -35.712157099,-6.58257383999995 -35.712167687,-6.58258178099993 -35.712432528,-6.58278041199998 -35.7125358129999,-6.58317060199994 -35.712570242,-6.58401983999994 -35.7123751469999,-6.58450183999997 -35.712294814,-6.58532812499993 -35.7121915279999,-6.58594783899997 -35.711996433,-6.58611998199996 -35.711388195,-6.58642983899995 -35.7113628879999,-6.58645184499994 -35.711124243,-6.58665936199998 -35.7107570049999,-6.58682002899997 -35.71056191,-6.58715283799995 -35.7102290999999,-6.58762336199993 -35.709861862,-6.58802502799995 -35.7095175769999,-6.58848407599993 -35.7092421479999,-6.58888574199995 -35.709216004,-6.58901833199997 -35.7090814819999,-6.58970055099996 -35.709150339,-6.59006778899993 -35.709288053,-6.59035469399993 -35.709414291,-6.59071045599995 -35.7094831479999,-6.59115802699995 -35.709529053,-6.59234007399994 -35.709563481,-6.59250074099998 -35.709425767,-6.59266140699998 -35.7093339579999,-6.59273026399995 -35.709127386,-6.59258107399995 -35.708955244,-6.59243188399995 -35.70824372,-6.59205316899994 -35.707566625,-6.59146788399994 -35.7070731489999,-6.59114655099995 -35.7067747679999,-6.59084816999996 -35.706682959,-6.59065307499998 -35.706556721,-6.59050388399993 -35.705982912,-6.59004483699994 -35.7057763399999,-6.58973497999995 -35.7054894359999,-6.58962021799994 -35.704970913,-6.58924984499993 -35.7049271029999,-6.58921855199998 -35.704559865,-6.58904640899993 -35.704100817,-6.58892017099993 -35.702700723,-6.58883983799996 -35.701817056,-6.58911526599996 -35.701576056,-6.58931036099995 -35.701438342,-6.58931036099995 -35.70132358,-6.58926445599997 -35.701094057,-6.58912674199996 -35.7007497709999,-6.58916117099994 -35.70045139,-6.58924150399997 -35.700026771,-6.58944807499995 -35.699716914,-6.58953988499997 -35.6994873909999,-6.58963169399993 -35.698970962,-6.58965464699997 -35.6987643909999,-6.58964317099998 -35.698397153,-6.58976940899993 -35.697995487,-6.58982678999996 -35.6977889149999,-6.58979236099998 -35.69759382,-6.58973497999995 -35.6973069159999,-6.58953988499997 -35.697077392,-6.58947102799993 -35.695562535,-6.58960874199994 -35.694403441,-6.58965464699997 -35.69410506,-6.58971202799995 -35.693841108,-6.58962021799994 -35.6934853459999,-6.58960874199994 -35.6932099169999,-6.58965464699997 -35.692923013,-6.58962021799994 -35.6926131559999,-6.58974645599994 -35.692234442,-6.58982678999996 -35.6919016319999,-6.58983826599996 -35.6916262039999,-6.58987269399995 -35.6912015849999,-6.59003336099994 -35.6901343,-6.59050388399993 -35.689778538,-6.59067602699997 -35.6894916329999,-6.59076783699993 -35.6893324059999,-6.59085217599994 -35.689880358,-6.59140597099997 -35.690117108,-6.59193865799995 -35.69029467,-6.59253053199996 -35.6911528869999,-6.59365509199995 -35.691951917,-6.59454290299993 -35.692159073,-6.59489802799993 -35.6928693209999,-6.59519396499996 -35.693520383,-6.59578583899997 -35.693905101,-6.59602258799993 -35.6943785999999,-6.59620014999996 -35.6947337239999,-6.59628893099995 -35.6954143789999,-6.59625933799992 -35.6962134089999,-6.59599299399997 -35.6965685329999,-6.59617055699994 -35.696834877,-6.59658486799998 -35.696953252,-6.59708796099994 -35.697308376,-6.59800536599994 -35.6978114689999,-6.59800536599994 -35.698936029,-6.59794617799997 -35.699928938,-6.59782039399994 -35.700504495,-6.59762064799997 -35.7010371819999,-6.59735430399996 -35.701244338,-6.59696958599994 -35.7014219,-6.59617055699994 -35.7014677879999,-6.59612819899996 -35.701806618,-6.59581543199994 -35.7022801169999,-6.59569705699994 -35.702664835,-6.59584502599995 -35.7029903659999,-6.59617055699994 -35.703286303,-6.59673283699993 -35.703297579,-6.59675961899995 -35.703523052,-6.59729511699993 -35.7036710209999,-6.59785739699993 -35.703730208,-6.59830130299997 -35.703878177,-6.59892276999994 -35.704410863,-6.59951464399995 -35.705091518,-6.59960342499994 -35.7059845759999,-6.59960342499994 -35.706127298,-6.59960342499994 -35.706670096,-6.59966801199994 -35.7073702329999,-6.59975139399995 -35.707798731,-6.59986825699997 -35.7080212939999,-6.59992895599993 -35.7086131679999,-6.59995854999994 -35.709205042,-6.59992895599993 -35.7097673219999,-6.60022489299996 -35.7114837569999,-6.60078717299996 -35.711837384,-6.60079337699995 -35.712539614,-6.60080569699994 -35.7131705969999,-6.60081676699997 -35.713555315,-6.60072798599998 -35.7135959,-6.60064681699993 -35.7136440969999,-6.60055042399995 -35.7137624709999,-6.60010651799996 -35.714176783,-6.59998814299996 -35.714613454,-6.60049376199993 -35.714739063,-6.60063920499994 -35.714827844,-6.60084636099998 -35.715449312,-6.60131985999993 -35.716129967,-6.60143823499993 -35.7165442789999,-6.60158620299995 -35.716928997,-6.60176376499993 -35.717254528,-6.60276995099997 -35.7175504639999,-6.60315466899993 -35.718053557,-6.60315466899993 -35.7187934,-6.60291791899994 -35.719089337,-6.60291791899994 -35.7195036479999,-6.60321385599997 -35.719474055,-6.60353938699996 -35.719237305,-6.60380572999998 -35.719237305,-6.60407207399993 -35.719444461,-6.60433841699995 -35.720746584,-6.60552216499997 -35.7217823629999,-6.60623241299993 -35.721989519,-6.60658753799993 -35.721989519,-6.60697225599995 -35.721752769,-6.60726819299992 -35.720006741,-6.60786006699993 -35.7195036479999,-6.60830397199993 -35.719533242,-6.60904381499995 -35.720036335,-6.60963568899996 -35.720933752,-6.61039953899996 -35.72127927,-6.61117456099993 -35.721456807,-6.61180352999997 -35.721604801,-6.61200318399995 -35.7223446429999,-6.61223993399994 -35.722699768,-6.61223993399994 -35.723262048,-6.61215115299996 -35.723824328,-6.61226952799996 -35.7251264509999,-6.61303896399994 -35.7255999499999,-6.61318693199996 -35.726872479,-6.61330530699996 -35.7276419149999,-6.61434108599997 -35.7276419149999,-6.61549524099996 -35.727493947,-6.61590955199995 -35.7275531339999,-6.61617589599996 -35.7277602899999,-6.61623508299994 -35.729062413,-6.61596873999997 -35.7301573789999,-6.61602792699995 -35.7309860029999,-6.61576158399993 -35.7311043779999,-6.61596873999997 -35.731133971,-6.61656061399998 -35.7310747839999,-6.61774436199994 -35.7311043779999,-6.61830664199994 -35.7314299079999,-6.61869135999996 -35.731725845,-6.61866176599995 -35.7320911809999,-6.61881672999993 -35.731814314,-6.61831248099998 -35.731846994,-6.61810550299998 -35.7319341429999,-6.61800746099993 -35.732304524,-6.61794209999994 -35.7327402669999,-6.61746278299995 -35.73320869,-6.61702703999993 -35.7336848269999,-6.61652233499996 -35.733753368,-6.61644968099995 -35.733777915,-6.61638831599993 -35.733905878,-6.61606840599995 -35.73400392,-6.61573070599997 -35.734254473,-6.61528406999997 -35.734494131,-6.61508798499995 -35.73476647,-6.61491368799994 -35.7348231679999,-6.61488344899993 -35.735093277,-6.61473939099994 -35.7354527649999,-6.61439079699994 -35.735757785,-6.61358467299993 -35.7360410169999,-6.61258246499995 -35.736269782,-6.61213582899995 -35.736411399,-6.61172187299996 -35.7369451829999,-6.61107915299993 -35.737184842,-6.61086128199997 -35.737413607,-6.61058894199994 -35.7375770099999,-6.61042553899995 -35.737707733,-6.61036017799995 -35.7381434759999,-6.61028392299994 -35.738394028,-6.61019677399997 -35.7385574309999,-6.60994622199996 -35.7386990479999,-6.60967388299997 -35.7386554729999,-6.60940154399998 -35.738437602,-6.60916188499993 -35.738404921,-6.60905294999998 -35.738295986,-6.60875882299996 -35.738252411,-6.60855184599995 -35.738121689,-6.60834486799996 -35.738001859,-6.60825771899994 -35.7378493489999,-6.60783286999992 -35.737740414,-6.60771304099995 -35.737457181,-6.60747338199997 -35.7370650129999,-6.60730997899998 -35.736614188,-6.60722610499994 -35.7365965889999,-6.60722282999996 -35.736106379,-6.60678708799998 -35.7359429749999,-6.60630777099993 -35.7359102949999,-6.60601364499996 -35.7358013589999,-6.60577398599997 -35.735648849,-6.60525109499997 -35.735681617,-6.60512002199994 -35.735844933,-6.60446675799994 -35.73598655,-6.60420531299997 -35.7362262079999,-6.60386761199993 -35.736335144,-6.60338829499995 -35.7363324469999,-6.60331277399996 -35.7363242499999,-6.60308327499996 -35.736361702,-6.60303512299993 -35.73647676,-6.60288719099998 -35.736749099,-6.60248412899995 -35.7369560769999,-6.60209196099993 -35.7371421789999,-6.60165736399995</coordinates></LinearRing></outerBoundaryIs></Polygon></MultiGeometry>
  </Placemark>
  <Placemark>
	<Style><LineStyle><color>ff0000ff</color></LineStyle><PolyStyle><fill>0</fill></PolyStyle></Style>
	<ExtendedData><SchemaData schemaUrl="#campus_uepbshp">
		<SimpleData name="fid">1</SimpleData>
		<SimpleData name="CD_MUN">2504009</SimpleData>
		<SimpleData name="NM_MUN">Campina Grande</SimpleData>
		<SimpleData name="SIGLA_UF">PB</SimpleData>
		<SimpleData name="AREA_KM2">591.658000000000015</SimpleData>
		<SimpleData name="POP">409731</SimpleData>
		<SimpleData name="DENS">648.309999999999945</SimpleData>
		<SimpleData name="LAT">-7.263480000000000</SimpleData>
		<SimpleData name="LONG_GMS">-35º57'59&quot;</SimpleData>
		<SimpleData name="LAT_GMS">-7º15'49&quot;</SimpleData>
		<SimpleData name="LONG">-35.96636</SimpleData>
		<SimpleData name="MESO">Agreste Pa</SimpleData>
		<SimpleData name="MICRO">Campina Gr</SimpleData>
		<SimpleData name="GENTILICO">Campinense</SimpleData>
		<SimpleData name="layer">NM_MUN_Campina Grande</SimpleData>
		<SimpleData name="path">C:\Users\damas\OneDrive\2025_1\EAD\MAPAS\NM_MUN_Campina Grande.gpkg|layername=NM_MUN_Campina Grande</SimpleData>
	</SchemaData></ExtendedData>
      <MultiGeometry><Polygon><outerBoundaryIs><LinearRing><coordinates>-35.871668848,-7.19374591099995 -35.8715833589999,-7.19378549199996 -35.871589058,-7.19384769099997 -35.871598557,-7.19389858099993 -35.871619455,-7.19400412999994 -35.8716479509999,-7.19406067399996 -35.8716707479999,-7.19412098799995 -35.87165365,-7.19421899799994 -35.871632753,-7.19426611799997 -35.871668848,-7.19433397099993 -35.87173344,-7.19443763499993 -35.871839827,-7.19454506899996 -35.8718949199999,-7.19458841899996 -35.871944314,-7.19463553899993 -35.87194785,-7.19476010299996 -35.871948113,-7.19476935999995 -35.871943143,-7.19478183199993 -35.8719158169999,-7.19485040699993 -35.871874023,-7.19494841599993 -35.87181133,-7.19500307599998 -35.871798032,-7.19502757799995 -35.871801832,-7.19506715899996 -35.871805631,-7.19514255099995 -35.871716342,-7.19533291599993 -35.87165555,-7.19549123899998 -35.871590958,-7.19568160399996 -35.871554863,-7.19577395899995 -35.8715149679999,-7.19581353999996 -35.8715016689999,-7.19585311999998 -35.87149787,-7.19588704699993 -35.8715016689999,-7.19594924499995 -35.87149977,-7.19600578899997 -35.871486471,-7.19607364199993 -35.87141808,-7.19615468799998 -35.871370586,-7.19618861399994 -35.871355388,-7.19625835199997 -35.871370586,-7.19630170199997 -35.87141428,-7.19632808899996 -35.871443319,-7.19635593899994 -35.8714712729999,-7.19638274799996 -35.871476973,-7.19645813999995 -35.8714408769999,-7.19649583599994 -35.8713933829999,-7.19650714499994 -35.8712904409999,-7.19651867599993 -35.871275598,-7.19652033799997 -35.871195808,-7.19655426499997 -35.871180803,-7.19656815899998 -35.871167311,-7.19658065199997 -35.871076123,-7.19663154099993 -35.870974442,-7.19662237099993 -35.870950739,-7.19662023299998 -35.87086335,-7.19656557399998 -35.8708139559999,-7.19653918599994 -35.870768362,-7.19652599299997 -35.870618281,-7.19649583599994 -35.8704909969999,-7.19654107099996 -35.8703922089999,-7.19662211699995 -35.870316219,-7.19671447199994 -35.8702535259999,-7.19681059699997 -35.8701965339999,-7.19689541299994 -35.870112944,-7.19696514999993 -35.8701043889999,-7.19697800999995 -35.8700502519999,-7.19705938999994 -35.86998756,-7.19708200699995 -35.8699419659999,-7.19707635299994 -35.869884973,-7.19708200699995 -35.869769087,-7.19705938999994 -35.869691197,-7.19704054199997 -35.869579111,-7.19700284599998 -35.869516419,-7.19697268899995 -35.869421431,-7.19693310799994 -35.8693853359999,-7.19691237599994 -35.8693511399999,-7.19687844899994 -35.869209648,-7.19679902599995 -35.869206758,-7.19679740299995 -35.869064276,-7.19685960099997 -35.8690433789999,-7.19691614499993 -35.869037679,-7.19703677199993 -35.8690452779999,-7.19704996599995 -35.8691079709999,-7.19709520099997 -35.869119369,-7.19717624699996 -35.869132667,-7.19723467499995 -35.8691991589999,-7.19726483199997 -35.8692295549999,-7.19731383699997 -35.8692257559999,-7.19742126999995 -35.869235255,-7.19749289199996 -35.86919346,-7.19755885899997 -35.869187761,-7.19762671199993 -35.8691440659999,-7.19772660599995 -35.8691003719999,-7.19773225999995 -35.869071509,-7.19771243599996 -35.869050978,-7.19769833399994 -35.868976887,-7.19766817699997 -35.868904696,-7.19762859699995 -35.8688331779999,-7.19759529099997 -35.8688116079999,-7.19758524699995 -35.868769813,-7.19757393799995 -35.868653928,-7.19756828299995 -35.868631131,-7.19761351799997 -35.868570338,-7.19766252299996 -35.868545641,-7.19773602999993 -35.868532343,-7.19781707599998 -35.86847725,-7.19796031999994 -35.8684563529999,-7.19804324999996 -35.868429756,-7.19807717699996 -35.8684354549999,-7.19816010699998 -35.868481049,-7.19821665099994 -35.868507646,-7.19827884899996 -35.8685475409999,-7.19835047099997 -35.868566539,-7.19842397799994 -35.8685779369999,-7.19853517999996 -35.868549441,-7.19864449799996 -35.868425956,-7.19875946999997 -35.868384162,-7.19882355199996 -35.868308171,-7.19883863099994 -35.868196085,-7.19888386599996 -35.868140992,-7.19891402199994 -35.8680289059999,-7.19894229399995 -35.867945317,-7.19909496099996 -35.867924419,-7.19918731599995 -35.8679263189999,-7.19927966999995 -35.867914921,-7.19933621399997 -35.867888324,-7.19937202499995 -35.867875026,-7.19945495499996 -35.8678655269999,-7.19952092299997 -35.86784463,-7.19957746599994 -35.867859828,-7.19964531799997 -35.867857928,-7.19971693999997 -35.867793336,-7.19974144199995 -35.8677173459999,-7.19975463599997 -35.8676755509999,-7.19973955699993 -35.867609059,-7.19972259399998 -35.86752167,-7.19973201799996 -35.867419083,-7.19978102299996 -35.867276601,-7.19990918799994 -35.867181613,-7.20001473499997 -35.8670752259999,-7.20015986299995 -35.867035331,-7.20027106599997 -35.866970739,-7.20038603699993 -35.866927045,-7.20045011999997 -35.866894749,-7.20048027599995 -35.866778864,-7.20054812799998 -35.866623083,-7.20065179099993 -35.866579389,-7.20074791499997 -35.8665698899999,-7.20082518999993 -35.866524296,-7.20096277899995 -35.8664749019999,-7.20104947899995 -35.8664179089999,-7.20114183299995 -35.8663837129999,-7.20124926499994 -35.8663362189999,-7.20135104299993 -35.8662374319999,-7.20144716699997 -35.8661690399999,-7.20149993999996 -35.866117747,-7.20152632699995 -35.8660683529999,-7.20155459899996 -35.8660170589999,-7.20159040899995 -35.865920172,-7.20164695299997 -35.8658061859999,-7.20176192399992 -35.865764391,-7.20182223699993 -35.865635207,-7.20197678799997 -35.8655858139999,-7.20206348699998 -35.865513623,-7.20213510899993 -35.865475628,-7.20228965999996 -35.865487026,-7.20247059799993 -35.865418635,-7.20257614499997 -35.865426234,-7.20272692699996 -35.865384439,-7.20285509099995 -35.865354043,-7.20301341199996 -35.8653654409999,-7.20316796299994 -35.8654300329999,-7.20328481799993 -35.8655630169999,-7.20338282599994 -35.86561241,-7.20351475999996 -35.8656504059999,-7.20372585299998 -35.865673203,-7.20388040399996 -35.8656922,-7.20400479899996 -35.8656884009999,-7.20414804099994 -35.865627608,-7.20423473999995 -35.865601012,-7.20432520799994 -35.86553642,-7.20443075499998 -35.8655250209999,-7.20454384099997 -35.865350243,-7.20468331299998 -35.865357842,-7.20482655499995 -35.86537684,-7.20485294199995 -35.865426234,-7.20510549999995 -35.865350243,-7.20525627999996 -35.865285651,-7.20532790099998 -35.865251456,-7.20554653299996 -35.865293251,-7.20578401299997 -35.8654034369999,-7.20599887499998 -35.865479427,-7.20611195999993 -35.8655934129999,-7.20618358099995 -35.865768191,-7.20626274099993 -35.8658707779999,-7.20626274099993 -35.86601136,-7.20623635399994 -35.8662203339999,-7.20620619799996 -35.866338119,-7.20619865899994 -35.8665660899999,-7.20627404899994 -35.866778864,-7.20637959499993 -35.866900448,-7.20649268099993 -35.866930844,-7.20670754199995 -35.866976439,-7.20681308899998 -35.866972639,-7.20694879099995 -35.8668890499999,-7.20709203199993 -35.866797861,-7.20721642499996 -35.866683876,-7.20730312399996 -35.866588887,-7.20740866999995 -35.8664863,-7.20758206699998 -35.8664103099999,-7.20768761299996 -35.866362941,-7.20777912899996 -35.866338119,-7.20782708399997 -35.866235532,-7.20785347099996 -35.866155487,-7.20782459299994 -35.8661519419999,-7.20782331499993 -35.8660569539999,-7.20779692799994 -35.8659999619999,-7.20784216199996 -35.866014686,-7.20787137799994 -35.8660303579999,-7.20790247399998 -35.866083551,-7.20798163399996 -35.866110148,-7.20805325399994 -35.866110148,-7.20815879999998 -35.86601516,-7.20820403399995 -35.865885976,-7.20810602699993 -35.865863179,-7.20804948399996 -35.8657833889999,-7.20808717899996 -35.865703599,-7.20805702299998 -35.865661804,-7.20810602699993 -35.865627608,-7.20812487399996 -35.865426234,-7.20806456199995 -35.865323647,-7.20803063699998 -35.8652600409999,-7.20805247999994 -35.865224859,-7.20806456199995 -35.865171666,-7.20795901699995 -35.8649892889999,-7.20797786399993 -35.8648259089999,-7.20804948399996 -35.864746119,-7.20804571499997 -35.864651131,-7.20799294199998 -35.864567542,-7.20794393899996 -35.864377566,-7.20784970099993 -35.864206587,-7.20766499599995 -35.864119198,-7.20758960599994 -35.863963418,-7.20752929399993 -35.86386463,-7.20752552399995 -35.8638228359999,-7.20752929399993 -35.8636632559999,-7.20754814099996 -35.863556869,-7.20760468399993 -35.863427685,-7.20766122599997 -35.863260506,-7.20773661599998 -35.8631541199999,-7.20783085399995 -35.86308579,-7.20794383699996 -35.86307433,-7.20796278599994 -35.8629679429999,-7.20803817599995 -35.862846358,-7.20819649499998 -35.862728573,-7.20824549799994 -35.862610788,-7.20826057599993 -35.862530998,-7.20824926799997 -35.8624892029999,-7.20820403399995 -35.8624805219999,-7.20818875299994 -35.8624703959999,-7.20817092999994 -35.862371418,-7.20799671199995 -35.862371418,-7.20793262999996 -35.862344821,-7.20777808099996 -35.862257432,-7.20761976199998 -35.862162444,-7.20750667699997 -35.8620446589999,-7.20740489999997 -35.8619610699999,-7.20735589699996 -35.861839485,-7.20730312399996 -35.861748297,-7.20725788999994 -35.861660908,-7.20717119099993 -35.8616077139999,-7.20707318399997 -35.8615355229999,-7.20700910299996 -35.8613569459999,-7.20690732599996 -35.861208764,-7.20679047199997 -35.861182629,-7.20679275899994 -35.861079581,-7.20680177999998 -35.860897204,-7.20688847899993 -35.860851609,-7.20704302799993 -35.860798416,-7.20720134699997 -35.860737624,-7.20728804599997 -35.860689701,-7.20732925099998 -35.8605666449999,-7.20743505599995 -35.860384268,-7.20750290699993 -35.860232287,-7.20748028999998 -35.860143899,-7.20740904299993 -35.860110703,-7.20738228299996 -35.860076507,-7.20732574099998 -35.859943524,-7.20713726599996 -35.859825738,-7.20703925899994 -35.859669958,-7.20695255999993 -35.859542194,-7.20689655199993 -35.859506579,-7.20688093999996 -35.859381194,-7.20677162399994 -35.859248211,-7.20667361699998 -35.859271008,-7.20650398899994 -35.8593457219999,-7.20643913099997 -35.8593621969999,-7.20642482899996 -35.8593621969999,-7.20634566999996 -35.859271008,-7.20625897099995 -35.8592064159999,-7.20620242799993 -35.859157023,-7.20617981099997 -35.859005042,-7.20609688199994 -35.8588492609999,-7.20602149199993 -35.8587276769999,-7.20605164799997 -35.8585376999999,-7.20612326899993 -35.858362922,-7.20620996699995 -35.858260335,-7.20630797499996 -35.858119753,-7.20640975099997 -35.85798677,-7.20648891099995 -35.857932755,-7.20650039399993 -35.857880383,-7.20651152799996 -35.857815791,-7.20644744599997 -35.8577758279999,-7.20639228399995 -35.857728402,-7.20632682199994 -35.8576790079999,-7.20588955899996 -35.857671409,-7.20573123899993 -35.857610617,-7.20562946199993 -35.8575270279999,-7.20550506799998 -35.8573940439999,-7.20539952199994 -35.857287658,-7.20534297899997 -35.857154674,-7.20525251099997 -35.857010293,-7.20513565599992 -35.8569836959999,-7.20500372299995 -35.857010293,-7.20490571499994 -35.856979896,-7.20479639899997 -35.8569495,-7.20469085199994 -35.8569950949999,-7.20464561799997 -35.857040689,-7.20452499299995 -35.856964698,-7.20438175099997 -35.8568963069999,-7.20414050199997 -35.856782321,-7.20410280599998 -35.856660737,-7.20400479899996 -35.856592345,-7.20394448599995 -35.856599944,-7.20386909599995 -35.8566455389999,-7.20379370499995 -35.856647027,-7.20378484299994 -35.856660737,-7.20370323599997 -35.8566455389999,-7.20361276799997 -35.856493558,-7.20362784599996 -35.85639477,-7.20378616599993 -35.85631878,-7.20392186899994 -35.856219992,-7.20412542399993 -35.856121204,-7.20421589199998 -35.856007163,-7.20423744299995 -35.855961625,-7.20424604799996 -35.8558476389999,-7.20425358699993 -35.8556652619999,-7.20418573599994 -35.855452489,-7.20398972099997 -35.855308107,-7.20391432999998 -35.855171324,-7.20371077499993 -35.855049739,-7.20355245499996 -35.8548977579999,-7.20349214299995 -35.8546241929999,-7.20334889999998 -35.854479811,-7.20317550199997 -35.8542746369999,-7.20304733699993 -35.854099859,-7.20286639999995 -35.8537655009999,-7.20261007099998 -35.8536971089999,-7.20248190699994 -35.8536363169999,-7.20231604699995 -35.8536059209999,-7.20215772599994 -35.853621119,-7.20203710099997 -35.8536971089999,-7.20187877999996 -35.853719907,-7.20178831099997 -35.853788298,-7.20167522399993 -35.853833892,-7.20156213799993 -35.853803496,-7.20143397299995 -35.8537721499999,-7.20136733399994 -35.853750303,-7.20132088699995 -35.853598322,-7.20126811299997 -35.853400747,-7.20127565199994 -35.8530967849999,-7.20135858199995 -35.8529372049999,-7.20146412899993 -35.85276407,-7.20162842999997 -35.852762427,-7.20162998999996 -35.852633243,-7.20173553699993 -35.8525572529999,-7.20177323199994 -35.852382475,-7.20182600599998 -35.852192499,-7.20175815399995 -35.8520253199999,-7.20147920799997 -35.851934131,-7.20138873799993 -35.8518657399999,-7.20126057399995 -35.8518657399999,-7.20101178299996 -35.8517061599999,-7.20090623599998 -35.851500986,-7.20077807099995 -35.851500986,-7.20063482799998 -35.85147059,-7.20052174099993 -35.851440193,-7.20044634999994 -35.851389389,-7.20039258599996 -35.8513262079999,-7.20032572399998 -35.8511134349999,-7.20028048899997 -35.8510979229999,-7.20028608599995 -35.851029845,-7.20031064599993 -35.85074868,-7.20022771599997 -35.850680289,-7.20013724599994 -35.850611898,-7.20008447199996 -35.850418582,-7.19998172699997 -35.850399124,-7.19997138499997 -35.850292738,-7.19992615099994 -35.8501255589999,-7.19991861199998 -35.8500343699999,-7.19997138499997 -35.8500343699999,-7.20002756199995 -35.8500343699999,-7.20005268499995 -35.8500343699999,-7.20008447199996 -35.8500951629999,-7.20020509799997 -35.8502243459999,-7.20032572399998 -35.85027754,-7.20046896699995 -35.8502851389999,-7.20061221099996 -35.850269941,-7.20075545399993 -35.8502167469999,-7.20095900999996 -35.85011796,-7.20120026099994 -35.8499355829999,-7.20136612099998 -35.84982895,-7.20137619699995 -35.8497760029999,-7.20138119899997 -35.849662017,-7.20129072999993 -35.8496289679999,-7.20126340599995 -35.849570829,-7.20121533899993 -35.8495221549999,-7.20116704899993 -35.849510036,-7.20115502599998 -35.8494036499999,-7.20100424399993 -35.849297263,-7.20068006299994 -35.849168079,-7.20041619399996 -35.849069292,-7.20025033299993 -35.8489553059999,-7.20015232399993 -35.8488565179999,-7.20000154199994 -35.848757731,-7.19985829899997 -35.848658943,-7.19955673299995 -35.8485145619999,-7.19946626399997 -35.8483625809999,-7.19930040299994 -35.8483245849999,-7.19914961999996 -35.848301788,-7.19900637699993 -35.8482637929999,-7.19868973299998 -35.8482637929999,-7.19845601899993 -35.8482865899999,-7.19829769699993 -35.848248595,-7.19803382699996 -35.8482030009999,-7.19792827799995 -35.8481954019999,-7.19775487799996 -35.848142208,-7.19761163399994 -35.8480434209999,-7.19746084999997 -35.84795703,-7.19736799699996 -35.847952232,-7.19736284099997 -35.847754009,-7.19734548899993 -35.8476938649999,-7.19734022399996 -35.847648799,-7.19732283599996 -35.847420299,-7.19723467499995 -35.847292672,-7.19721357199995 -35.8472835159999,-7.19721205799993 -35.8468123759999,-7.19706127399996 -35.846607201,-7.19697834299996 -35.8463640319999,-7.19685017799998 -35.846212051,-7.19665415899993 -35.846212051,-7.19648829699997 -35.8462044519999,-7.19638274799996 -35.8463336359999,-7.19622442599996 -35.8466148009999,-7.19613395499994 -35.84669839,-7.19593039699993 -35.84669839,-7.19556851599998 -35.8466148009999,-7.19542527099998 -35.8466148009999,-7.19530464399998 -35.846432423,-7.19517647699996 -35.846295641,-7.19510108499998 -35.8461132639999,-7.19492768399994 -35.8458624949999,-7.19467135099995 -35.8457257119999,-7.19442255599995 -35.845398953,-7.19413606599994 -35.8453533589999,-7.19401543899994 -35.8451253879999,-7.19394004599997 -35.844958209,-7.19377418299996 -35.844730238,-7.19358570299994 -35.844692242,-7.19348015399993 -35.8446706249999,-7.19345618299997 -35.8445630589999,-7.19333690799994 -35.844451508,-7.19322623499994 -35.8444338749999,-7.19320874099998 -35.844000729,-7.19285439699996 -35.84395968,-7.19274850899995 -35.843886744,-7.19256036599995 -35.8437655989999,-7.19246845499993 -35.84375756,-7.19246235599996 -35.843628376,-7.19238696399998 -35.843430801,-7.19229649299996 -35.843347212,-7.19217586499997 -35.8432332259999,-7.19209293299997 -35.843210429,-7.19199492199994 -35.843149636,-7.19184413699998 -35.843088844,-7.19176120499998 -35.842936863,-7.19173858799996 -35.842862532,-7.19175702399997 -35.84277351,-7.19177910499997 -35.842754052,-7.19178393099997 -35.8427240899999,-7.19179136299994 -35.842686095,-7.19190445099997 -35.842708892,-7.19207031499997 -35.842777283,-7.19235680699995 -35.8427620849999,-7.19252266999996 -35.842746887,-7.19264329799995 -35.8427544859999,-7.19277146499996 -35.842769684,-7.19289209299995 -35.8427848819999,-7.19308811299993 -35.8427240899999,-7.19325397699993 -35.8426632979999,-7.19335198699997 -35.842518916,-7.19351030999997 -35.842458123,-7.19358570299994 -35.842336539,-7.19375156599995 -35.8423517369999,-7.19394758599998 -35.8423441379999,-7.19406067399996 -35.8423137419999,-7.19444517399995 -35.8422833449999,-7.19458841899996 -35.84216936,-7.19476935999995 -35.842055374,-7.19483721299997 -35.8420021809999,-7.19496537999993 -35.841895794,-7.19513124199995 -35.841840845,-7.19515368999993 -35.84176661,-7.19518401699997 -35.841660224,-7.19512370299998 -35.8415842329999,-7.19501815399997 -35.8415234409999,-7.19490506599993 -35.841356262,-7.19473166399996 -35.8412422759999,-7.19460349799994 -35.84113589,-7.19449794899998 -35.8411158979999,-7.19448124599995 -35.8409915079999,-7.19437732099993 -35.8408851209999,-7.19433962499994 -35.840679947,-7.19439239999997 -35.8405431639999,-7.19446779199995 -35.840467174,-7.19459595799998 -35.8403835839999,-7.19474674299994 -35.840368386,-7.19489752699997 -35.8403531879999,-7.19512370299998 -35.840330391,-7.19532726099993 -35.840315193,-7.19541019299993 -35.840239203,-7.19562128999996 -35.840254401,-7.19583238799993 -35.8402746469999,-7.19591273599997 -35.840284797,-7.19595301499993 -35.8402316039999,-7.19617165099993 -35.840201207,-7.19632997399998 -35.840094821,-7.19659384499994 -35.8400036319999,-7.19677478599993 -35.8398516509999,-7.19691049099993 -35.8396996709999,-7.19695572599994 -35.839578086,-7.19689541299994 -35.8393121189999,-7.19653353199993 -35.839205733,-7.19649583599994 -35.8390613509999,-7.19636013099995 -35.83898536,-7.19618672999997 -35.838886573,-7.19593039699993 -35.83882578,-7.19569668199995 -35.838878974,-7.19544788899998 -35.839015757,-7.19534987899993 -35.839099346,-7.19510108499998 -35.8391676099999,-7.19499949499993 -35.8391905349999,-7.19496537999993 -35.8391905349999,-7.19482967399995 -35.8391552319999,-7.19466155699996 -35.8391525389999,-7.19464873299995 -35.839084148,-7.19452056599994 -35.839015757,-7.19442255599995 -35.83898536,-7.19424161499995 -35.839008158,-7.19398528199997 -35.838977761,-7.19373648699997 -35.8389727639999,-7.19371541799995 -35.838947365,-7.19360831999995 -35.8388029829999,-7.19351784999998 -35.8386738,-7.19353292799997 -35.838625468,-7.19355036499996 -35.8385902099999,-7.19356308499994 -35.838496753,-7.19353380499996 -35.838445828,-7.19351784999998 -35.838385036,-7.19351784999998 -35.838381391,-7.19351896199993 -35.838286248,-7.19354800699995 -35.8381494659999,-7.19359324199996 -35.838011375,-7.19356714599996 -35.8379898859999,-7.19356308499994 -35.8378531029999,-7.19359324199996 -35.837769513,-7.19371386999995 -35.8376669259999,-7.19381187999994 -35.837590936,-7.19387219299995 -35.837564339,-7.19396643399995 -35.8375111459999,-7.19408706099995 -35.837473151,-7.19420768899994 -35.837343967,-7.19435093399994 -35.837233781,-7.19441878699996 -35.837146392,-7.19449417899995 -35.8371045969999,-7.19455072299996 -35.837059003,-7.19459218899993 -35.8370275299999,-7.19463382199996 -35.837024807,-7.19463742399995 -35.836891824,-7.19472789499997 -35.8367436419999,-7.19479197799996 -35.8366904489999,-7.19473543399994 -35.836675251,-7.19470527699997 -35.8366562529999,-7.19465250299993 -35.836633456,-7.19452433599997 -35.83660306,-7.19444517399995 -35.8365574659999,-7.19435847299997 -35.836424483,-7.19423407599993 -35.8363750889999,-7.19415491399997 -35.836314296,-7.19412475699994 -35.836131919,-7.19407575199995 -35.8361509169999,-7.19403051699993 -35.8361211939999,-7.19398968699994 -35.836101523,-7.19396266399997 -35.8360521289999,-7.19390988999993 -35.8360150789999,-7.19391540299995 -35.835976139,-7.19392119799994 -35.8359267449999,-7.19392496799998 -35.835858354,-7.19389104099997 -35.835850455,-7.19389300099994 -35.835782363,-7.19390988999993 -35.835744368,-7.19398528199997 -35.835721571,-7.19407198299996 -35.8357035079999,-7.19410782399996 -35.8356759769999,-7.19416245299993 -35.835618984,-7.19420014999997 -35.8355809889999,-7.19421899799994 -35.835474602,-7.19429438999992 -35.8353606159999,-7.19433585499996 -35.8352580289999,-7.19435847299997 -35.8352010369999,-7.19434339499998 -35.835159242,-7.19433585499996 -35.835087051,-7.19432077699997 -35.8350377629999,-7.19432620999993 -35.8349844639999,-7.19433208599997 -35.8349122729999,-7.19437732099993 -35.83493127,-7.19441878699996 -35.8350072609999,-7.19449040899997 -35.8349768649999,-7.19455449299994 -35.834957867,-7.19464119399993 -35.834957867,-7.19473166399996 -35.834988263,-7.19486359999996 -35.8349730649999,-7.19506715899996 -35.8349540679999,-7.19515762899994 -35.83493507,-7.19526694799993 -35.8349160719999,-7.19533480099994 -35.8348894759999,-7.19542527099998 -35.834802087,-7.19548935399996 -35.834783089,-7.19549689299993 -35.834722735,-7.19556483399998 -35.834631386,-7.19554698999997 -35.834593949,-7.19559156099996 -35.834583966,-7.19565098799995 -35.834578974,-7.19573022499998 -35.8345140829999,-7.19577231899996 -35.8344367139999,-7.19577974799995 -35.834411756,-7.19582926999993 -35.8344067639999,-7.19589117399994 -35.83437931,-7.19592831599994 -35.834326898,-7.19593822099995 -35.834296949,-7.19595802999993 -35.8342694949999,-7.19602240899997 -35.834264504,-7.19608183699995 -35.8342021089999,-7.19611154999996 -35.834147201,-7.19617097799994 -35.834122243,-7.19619326299994 -35.83411226,-7.19625021399997 -35.834069831,-7.19630468899993 -35.834032394,-7.19635916399994 -35.8339974529999,-7.19638887799994 -35.833950033,-7.19640621099995 -35.8338976209999,-7.19645078099995 -35.8338526969999,-7.19653744599998 -35.8338452089999,-7.19658696899995 -35.833810268,-7.19662658699997 -35.8337628479999,-7.19664144399997 -35.8337154279999,-7.19663896799995 -35.8337004529999,-7.19670829899997 -35.8336854779999,-7.19678010699994 -35.833712932,-7.19683953499998 -35.833727907,-7.19692124699998 -35.8336705039999,-7.19694353199998 -35.8336180919999,-7.19694848399996 -35.833600621,-7.19689648599996 -35.833608109,-7.19682220199996 -35.833563184,-7.19679248799997 -35.833523252,-7.19683210599993 -35.8334908059999,-7.19689648599996 -35.833453369,-7.19694105599996 -35.8333310749999,-7.19697819799995 -35.83325121,-7.19701781599997 -35.833213773,-7.19705248199995 -35.8331339069999,-7.19712924199996 -35.833059033,-7.19721095499995 -35.833009117,-7.19725057299996 -35.832891815,-7.19728276199993 -35.832831916,-7.19729514299996 -35.8327770079999,-7.19732980899994 -35.832757042,-7.19736447499997 -35.832709622,-7.19741399699996 -35.832659706,-7.19743132999997 -35.832619773,-7.19748085299995 -35.832529924,-7.19749323399998 -35.832517445,-7.19755513699994 -35.8325473949999,-7.19759227899993 -35.832562369,-7.19763932499995 -35.832522437,-7.19767399099993 -35.832482504,-7.19767894299997 -35.832462538,-7.19762942099993 -35.8324126219999,-7.19764922999997 -35.832417613,-7.19769132399995 -35.832432588,-7.19771608499997 -35.832400143,-7.19774827499998 -35.832300311,-7.19780522599996 -35.8322379159999,-7.19783989199993 -35.832180512,-7.19797607899994 -35.832138084,-7.19803798199996 -35.832130596,-7.19807017199997 -35.832093159,-7.19811969399996 -35.832075689,-7.19817169299995 -35.832055722,-7.19821378699993 -35.831993328,-7.19824597699994 -35.8319184539999,-7.19829302299996 -35.8318510669999,-7.19829549999997 -35.83179616,-7.19827321399993 -35.8317212859999,-7.19828064299998 -35.8316788569999,-7.19830045199996 -35.831591504,-7.19834006999997 -35.831544084,-7.19834997399994 -35.83149916,-7.19833264099998 -35.8314192939999,-7.19832521299998 -35.8313444199999,-7.19836978299998 -35.831264555,-7.19840692499997 -35.831194672,-7.19843416299994 -35.831127286,-7.19843663899996 -35.831064891,-7.19837968799993 -35.8309500839999,-7.19835492699997 -35.830867723,-7.19835492699997 -35.8308203029999,-7.19832273699996 -35.830787857,-7.19826826199994 -35.830762899,-7.19818902599997 -35.8307678909999,-7.19809740899996 -35.8307204709999,-7.19805779099994 -35.8306855289999,-7.19805283899996 -35.830628126,-7.19806769599995 -35.8305856979999,-7.19803302999998 -35.8305856979999,-7.19798845999998 -35.830605664,-7.19788693799995 -35.830603168,-7.19784731999994 -35.83056074,-7.19782255899997 -35.83050084,-7.19784979599996 -35.8304708909999,-7.19790674699993 -35.8304883609999,-7.19797360299998 -35.830468395,-7.19804045799998 -35.830423471,-7.19805036299994 -35.830371059,-7.19801569699996 -35.8302512609999,-7.19802064899994 -35.8301688989999,-7.19807017199997 -35.830143941,-7.19810731399997 -35.8301464369999,-7.19816426499995 -35.830126471,-7.19823359599997 -35.830084042,-7.19826330999996 -35.8299941939999,-7.19831530899995 -35.829976723,-7.19836235499997 -35.8298594199999,-7.19845892399997 -35.8297595889999,-7.19850349399997 -35.8296447819999,-7.19852082699992 -35.829594866,-7.19854311199992 -35.8295773949999,-7.19860749099996 -35.8295699079999,-7.19865206199995 -35.8295474459999,-7.19870158399993 -35.829492538,-7.19879815299993 -35.8293952019999,-7.19888481699996 -35.82924795,-7.19897643399997 -35.8291456219999,-7.19901109999995 -35.8290383029999,-7.19907795499995 -35.8290083529999,-7.19911509699995 -35.82895095,-7.19916957199996 -35.828945958,-7.19926118799998 -35.828960933,-7.19929337799994 -35.828960933,-7.19933299599995 -35.828916009,-7.19938004199997 -35.828876076,-7.19939985099995 -35.82880869,-7.19943946899997 -35.8286838999999,-7.19952365699993 -35.828586564,-7.19958555999995 -35.8285391429999,-7.19964003399997 -35.828459278,-7.19965241499995 -35.828376917,-7.19971431799996 -35.82833948,-7.19979355399994 -35.828351959,-7.19986783699994 -35.828411858,-7.19993716899995 -35.828421841,-7.19999164299998 -35.828449295,-7.20017982799993 -35.828444303,-7.20025411199993 -35.828406242,-7.20034077599996 -35.8284262089999,-7.20040020299996 -35.828421217,-7.20045467699993 -35.8283812839999,-7.20055124599997 -35.828291435,-7.20061810099998 -35.8282515029999,-7.20066267099998 -35.828201587,-7.20070724099998 -35.828161654,-7.20068990799996 -35.8281466789999,-7.20066267099998 -35.828111738,-7.20056362599996 -35.8280767969999,-7.20050667599997 -35.828014402,-7.20037296499993 -35.827956999,-7.20032344299995 -35.8278796289999,-7.20027392099996 -35.8278097469999,-7.20027144499994 -35.827744856,-7.20019716099995 -35.8277124099999,-7.20015011499993 -35.827517738,-7.20006592699997 -35.827467822,-7.20000402399995 -35.82739794,-7.19996935799998 -35.82732057,-7.19994459699996 -35.8271882929999,-7.19989012199994 -35.827108427,-7.19985298099994 -35.826996116,-7.19985298099994 -35.8269162509999,-7.19990002699996 -35.826866335,-7.20000154799993 -35.826836385,-7.20002878499997 -35.826754024,-7.20008325999993 -35.826724074,-7.20014516299995 -35.8266991159999,-7.20021449399997 -35.826619251,-7.20026896799993 -35.826566839,-7.20025658799995 -35.8265368899999,-7.20021449399997 -35.8265169229999,-7.20015506699997 -35.8264844779999,-7.20013030599995 -35.826442049,-7.20011544899995 -35.8263621839999,-7.20011792499997 -35.826167512,-7.20011544899995 -35.826130075,-7.20011297299993 -35.8260452169999,-7.20011049699997 -35.8259628559999,-7.20008821199997 -35.825905453,-7.20004611799993 -35.825896068,-7.20004320799995 -35.8258255869999,-7.20002135699997 -35.8257806629999,-7.20003868999993 -35.8257182679999,-7.20008325999993 -35.825655873,-7.20015011499993 -35.8255909819999,-7.20020706599996 -35.8255595749999,-7.20024796299998 -35.8255510499999,-7.20025906399997 -35.825563528,-7.20033582399998 -35.8255460579999,-7.20034820399997 -35.825488655,-7.20041505899997 -35.8253638649999,-7.20041753499993 -35.825276512,-7.20043981999993 -35.8252531599999,-7.20043441499996 -35.825201638,-7.20042248799996 -35.825011957,-7.20034572799995 -35.824919613,-7.20034572799995 -35.8248472349999,-7.20035315599995 -35.8247573859999,-7.20037791799996 -35.824697487,-7.20041010699993 -35.824647571,-7.20040020299996 -35.824587672,-7.20044972499994 -35.824510302,-7.20046705799996 -35.8244753609999,-7.20046458199994 -35.824390504,-7.20044477299996 -35.824305646,-7.20044724899998 -35.8242257809999,-7.20045715299995 -35.8241359319999,-7.20047696199993 -35.8240660499999,-7.20050419899997 -35.82401863,-7.20053886499994 -35.8239986629999,-7.20058591099996 -35.824001159,-7.20063048099996 -35.824026117,-7.20066762299996 -35.824033604,-7.20069485999994 -35.824041092,-7.20077904799996 -35.824041092,-7.20083352299997 -35.824048579,-7.20087066399998 -35.824078529,-7.20089047299996 -35.8241134699999,-7.20093751899998 -35.824170873,-7.20100437399998 -35.824188034,-7.20108253799998 -35.8242257809999,-7.20125446199995 -35.824220789,-7.20131636399998 -35.82419084,-7.20136836299997 -35.824148411,-7.20141293299997 -35.824145915,-7.20144264599998 -35.8241583939999,-7.20152930999996 -35.824130941,-7.20157883199994 -35.824061058,-7.20166549599998 -35.8239836879999,-7.20170016099996 -35.8239163019999,-7.20171006599998 -35.823856403,-7.20168778099998 -35.823818966,-7.20166549599998 -35.823711647,-7.20160854499994 -35.82364426,-7.20154168999994 -35.823606823,-7.20151197699994 -35.8235135039999,-7.20149298599995 -35.823509487,-7.20149216799996 -35.823449588,-7.20149959699995 -35.823382201,-7.20149959699995 -35.823329789,-7.20152188099996 -35.823304831,-7.20155159499996 -35.8232474279999,-7.20160854499994 -35.823240545,-7.20165907999996 -35.823234949,-7.20170016099996 -35.823207495,-7.20179672999996 -35.823207495,-7.20184872799996 -35.8232399409999,-7.20189082199994 -35.823312319,-7.20190072599996 -35.823457075,-7.20190072599996 -35.823524462,-7.20193786799996 -35.823571882,-7.20200224599995 -35.823624294,-7.20206910099995 -35.823586857,-7.20216566899995 -35.823541932,-7.20225480899995 -35.8234920159999,-7.20234642499997 -35.823449588,-7.20243308899995 -35.823379705,-7.20251232399994 -35.8232698899999,-7.20258660699994 -35.8231725539999,-7.20260641599998 -35.8231176469999,-7.20260146399994 -35.822980378,-7.20262374899994 -35.8229604109999,-7.20271041199993 -35.822870563,-7.20274260199994 -35.8227931929999,-7.20274260199994 -35.82267589,-7.20275498199993 -35.822608504,-7.20276983899993 -35.822531134,-7.20282431299995 -35.82243879,-7.20286640699993 -35.8223614199999,-7.20284412199993 -35.8222541009999,-7.20278469599998 -35.822166748,-7.20278221899997 -35.822121823,-7.20283421799996 -35.822024487,-7.20285650199997 -35.8218822269999,-7.20281688499995 -35.821832311,-7.20276488699994 -35.821729983,-7.20280202799995 -35.821729983,-7.20300011599994 -35.8215652599999,-7.20309420799992 -35.821455445,-7.20305459099995 -35.8214354789999,-7.20293573799995 -35.8212907229999,-7.20286640699993 -35.821255412,-7.20286702099997 -35.821006202,-7.20287135899997 -35.8208913949999,-7.20290602499995 -35.820831496,-7.20301497299994 -35.820826755,-7.20312785699997 -35.8208215129999,-7.20325267899995 -35.820846471,-7.20349533599995 -35.820816521,-7.20356466699997 -35.820816521,-7.20370332899995 -35.820796555,-7.20378751599998 -35.8206468069999,-7.20383703799996 -35.8205569579999,-7.20383703799996 -35.820457126,-7.20383703799996 -35.820372269,-7.20381722899998 -35.820227513,-7.20382218099996 -35.82018758,-7.20373799399994 -35.82018758,-7.20362904599995 -35.820156266,-7.20353584599997 -35.8201476469999,-7.20351019299994 -35.820052807,-7.20338638799996 -35.8198731099999,-7.20335667499995 -35.819793244,-7.20347552799996 -35.8196385049999,-7.20357952399996 -35.8196185379999,-7.20373304199995 -35.819418874,-7.20388160799996 -35.819458577,-7.20396038599995 -35.819508723,-7.20405988599992 -35.8193739499999,-7.20420845199993 -35.8192242019999,-7.20415397799997 -35.819170576,-7.20413563199997 -35.8190794459999,-7.20410445599992 -35.8189346899999,-7.20415397799997 -35.818884774,-7.20426292599996 -35.8188799399999,-7.20431248299997 -35.818869799,-7.20441644399995 -35.818794925,-7.20450558299996 -35.8186751269999,-7.20451548799997 -35.818635194,-7.20450063099997 -35.818603901,-7.20448045099994 -35.818535362,-7.20443625299993 -35.8185403539999,-7.20438177899996 -35.818515396,-7.20429759199993 -35.818445513,-7.20428273499994 -35.8183506729999,-7.20439168299993 -35.8183057489999,-7.20454520099997 -35.818240858,-7.20460462699998 -35.818220891,-7.20456005799997 -35.818230875,-7.20445606199996 -35.8182059169999,-7.20436692199996 -35.818076135,-7.20431244799994 -35.81799627,-7.20444615699995 -35.8179413619999,-7.20459472299996 -35.81793637,-7.20468881399995 -35.8178664879999,-7.20471357499997 -35.817731715,-7.20476309699995 -35.8176368749999,-7.20483737999996 -35.81759195,-7.20490175799995 -35.817432219,-7.20493642299994 -35.8173423709999,-7.20493642299994 -35.81727748,-7.20488690199994 -35.817172656,-7.20491661499995 -35.8171377149999,-7.20499584999993 -35.8171058089999,-7.20509513199994 -35.8170778159999,-7.20517412799995 -35.8170279,-7.20521374599997 -35.8169480349999,-7.20514441499995 -35.816868169,-7.20506517999996 -35.816793295,-7.20496613699993 -35.816733396,-7.20491166299996 -35.8167433789999,-7.20485718899994 -35.816803278,-7.20478785799997 -35.816838219,-7.20476804899994 -35.8168881349999,-7.20474824099995 -35.816868169,-7.20466900599996 -35.816793295,-7.20463929199997 -35.816663514,-7.20463929199997 -35.8165936309999,-7.20466900599996 -35.816513766,-7.20469376599993 -35.816483816,-7.20465910099995 -35.816468841,-7.20457986599996 -35.816453867,-7.20453529699995 -35.8163640179999,-7.20451053599993 -35.816249211,-7.20456996199994 -35.8162042869999,-7.20464424499994 -35.816224253,-7.20474824099995 -35.816234236,-7.20482252299996 -35.816234236,-7.20491166299996 -35.8161893119999,-7.20497604099995 -35.816159362,-7.20499584999993 -35.8161294129999,-7.20499584999993 -35.816109446,-7.20497604099995 -35.816094472,-7.20489185399992 -35.8160395639999,-7.20486214099998 -35.815999631,-7.20492651899997 -35.816034573,-7.20498594499998 -35.816079497,-7.20506022799998 -35.816104455,-7.20514936699993 -35.8160994629999,-7.20522860199998 -35.816044556,-7.20526326699996 -35.815959699,-7.20534745399993 -35.815889816,-7.20537716699994 -35.8158199339999,-7.20548611499993 -35.8158049589999,-7.20554554099994 -35.815770018,-7.20566439399994 -35.815814942,-7.20573867599995 -35.815919766,-7.20576343699997 -35.816019598,-7.20572381999995 -35.8161443879999,-7.20568915399997 -35.8162042869999,-7.20570896299995 -35.8162741689999,-7.20577334099994 -35.8162142699999,-7.20591200199993 -35.8161837439999,-7.20595310299996 -35.8161443879999,-7.20600609299993 -35.816169346,-7.20617446699993 -35.816124421,-7.20626855799998 -35.8161294129999,-7.20632798399993 -35.8160844889999,-7.20640721899997 -35.816034573,-7.20643197999993 -35.816004623,-7.20644683599994 -35.8159247569999,-7.20650130999996 -35.81586985,-7.20652111899994 -35.8158199339999,-7.20651616699996 -35.815730085,-7.20646664499998 -35.8156003039999,-7.20637255399993 -35.815608047,-7.20630341099996 -35.815610287,-7.20628341499997 -35.8155703539999,-7.20622894099995 -35.815435581,-7.20625865399995 -35.815390657,-7.20632303199994 -35.8153107909999,-7.20632303199994 -35.815195984,-7.20623389299993 -35.815111127,-7.20626360599994 -35.8150761859999,-7.20636264899997 -35.815126102,-7.20647159699996 -35.814991329,-7.20662511399996 -35.814866539,-7.20666968399996 -35.8148415809999,-7.20660035299994 -35.81477669,-7.20640721899997 -35.814676859,-7.20646169299994 -35.814641917,-7.20652111899994 -35.81458701,-7.20665482699997 -35.8145520689999,-7.20674891799996 -35.814527111,-7.20683310499993 -35.814502153,-7.20694205199993 -35.814489446,-7.20698407399993 -35.814487178,-7.20699157399997 -35.814453855,-7.20701733599998 -35.81442114,-7.20703547099993 -35.8143804429999,-7.20705040099995 -35.836136009,-7.24151233199996 -35.8416396699999,-7.25021521199994 -35.841120541,-7.25048491299998 -35.841040608,-7.25040187599996 -35.8410052749999,-7.25033177499995 -35.840887499,-7.25025583299993 -35.840706418,-7.25027627899993 -35.840450255,-7.25032593299994 -35.839720063,-7.25049666099994 -35.8393814369999,-7.25057128499998 -35.8389486099999,-7.25068811999995 -35.838751335,-7.25074945799997 -35.8382507869999,-7.25089257999997 -35.838115344,-7.25095683899997 -35.837841515,-7.25112916899997 -35.837640934,-7.25124421999993 -35.83757063,-7.25128397399993 -35.8372732449999,-7.25141249199993 -35.837183335,-7.25145641199992 -35.837037693,-7.25152932599997 -35.836733802,-7.25177179199994 -35.8367183829999,-7.25178334699996 -35.8360130409999,-7.25233547999994 -35.8359522879999,-7.25248775399996 -35.835834596,-7.25251852299994 -35.8350658489999,-7.25272686099993 -35.832256899,-7.25351354499998 -35.831857665,-7.25358462899993 -35.829953625,-7.25412283599996 -35.829584129,-7.25421017899993 -35.826718805,-7.25498599599996 -35.825480155,-7.25522971199996 -35.824579319,-7.25537187899994 -35.823576115,-7.25547342699997 -35.822828831,-7.25562574899993 -35.82118071,-7.25587961899993 -35.8190002769999,-7.25622488199997 -35.817741154,-7.25641782299994 -35.815919008,-7.25672246599993 -35.8130936589999,-7.25738252699995 -35.812254243,-7.25760593099994 -35.811578616,-7.25785979999995 -35.810790385,-7.25828629999995 -35.809899785,-7.25880419099997 -35.80909108,-7.25935254599995 -35.808200481,-7.25989074599994 -35.806920884,-7.26073358599996 -35.806050759,-7.26123116499997 -35.8048325829999,-7.26201307499997 -35.8040955349999,-7.26248018899997 -35.8035325119999,-7.26301838499995 -35.8024985979999,-7.26432833099994 -35.801966286,-7.26499853499996 -35.8013418429999,-7.26578043799998 -35.8006559789999,-7.26661311199996 -35.800431137,-7.26688049399996 -35.7998267999999,-7.26759810299995 -35.7992740139999,-7.26797381999995 -35.799061904,-7.26803549099998 -35.798680282,-7.26814644699994 -35.7983897239999,-7.26819448399993 -35.7980046549999,-7.26825814699993 -35.7944934409999,-7.26856278199995 -35.7927327159999,-7.26889788099993 -35.7909924649999,-7.26932436999994 -35.789753815,-7.26958838699994 -35.7887852809999,-7.26982106799994 -35.787235569,-7.27021796399993 -35.786805624,-7.27046167199995 -35.7867570189999,-7.27052129199996 -35.785853604,-7.27162943399998 -35.78450235,-7.27349784699993 -35.78383696,-7.27448282299997 -35.783304648,-7.27513270299994 -35.782864466,-7.27564042099993 -35.782475469,-7.27580288999997 -35.7813289499999,-7.27590443399993 -35.7796091719999,-7.27590443399993 -35.778157741,-7.27597192199994 -35.7776437119999,-7.27599582299996 -35.7766916919999,-7.27593489699996 -35.775412095,-7.27605674899996 -35.774613627,-7.27630045299998 -35.773467108,-7.27673708899994 -35.772330826,-7.27729557699996 -35.771542595,-7.27810792099996 -35.7710205189999,-7.27898118999997 -35.7703141819999,-7.28015908399993 -35.769727366,-7.28095872999995 -35.7693007409999,-7.28154005999994 -35.7686558249999,-7.28186499499998 -35.768092802,-7.28191576599994 -35.7667517849999,-7.28180406899997 -35.7644382739999,-7.28159083099996 -35.763803594,-7.28143851799996 -35.761449136,-7.28018954699996 -35.758562366,-7.27867656099994 -35.757569399,-7.27799622399993 -35.7543141049999,-7.27449297799996 -35.753167586,-7.27315259799997 -35.752573943,-7.27264785499995 -35.752522669,-7.27260425899993 -35.75198012,-7.27241132499995 -35.7513761509999,-7.27237070799993 -35.7507926549999,-7.27252302399995 -35.750500748,-7.27270951899993 -35.750188685,-7.27290889199998 -35.7500149479999,-7.27307825999998 -35.749001219,-7.27406649299996 -35.748090146,-7.27499054199995 -35.7474657029999,-7.27557949499993 -35.74614516,-7.27677770599996 -35.745295507,-7.27708233599998 -35.742777261,-7.27723465099996 -35.7394912569999,-7.27733619399993 -35.736604487,-7.27737681099995 -35.735283943,-7.27729557699996 -35.734413817,-7.27732603999993 -35.7331019059999,-7.27749496399997 -35.732284568,-7.27760020599993 -35.7315065729999,-7.27754943499997 -35.7302167399999,-7.27675739799997 -35.728445778,-7.27556933999995 -35.726787421,-7.27446251399994 -35.725948005,-7.27382278799996 -35.725446403,-7.27331506799993 -35.719529548,-7.26654202999993 -35.7190688929999,-7.26600383799996 -35.7178404809999,-7.26483606099993 -35.716243544,-7.26362766299997 -35.7145544759999,-7.26251065299994 -35.7137048239999,-7.26214508499993 -35.7131827489999,-7.26200291999993 -35.711422023,-7.26140379499998 -35.710388109,-7.26102807199993 -35.70499333,-7.26029693399994 -35.704322487,-7.26009205999998 -35.714508165,-7.27949553999997 -35.7217900429999,-7.29709438799995 -35.726121028,-7.30563169899995 -35.7262138249999,-7.30582396899996 -35.735381622,-7.32387032399993 -35.735515952,-7.32377327699993 -35.735598194,-7.32366239399994 -35.7356709979999,-7.32351477399993 -35.735762397,-7.32339463699998 -35.735835987,-7.32337579199998 -35.735982382,-7.32320932699997 -35.736137933,-7.32303360899994 -35.7362112989999,-7.32297797099994 -35.736293652,-7.32288548499997 -35.736366737,-7.32278385599994 -35.736393758,-7.32268250699997 -35.736420779,-7.32258115899998 -35.736484483,-7.32245199099998 -35.736447127,-7.32236943199996 -35.7362713549999,-7.32225091899994 -35.736068393,-7.32220616099994 -35.7359393579999,-7.32219774699996 -35.7357550469999,-7.32218966899995 -35.7356721319999,-7.32219017299997 -35.735561466,-7.32217244899994 -35.735459509,-7.32207188399997 -35.735421872,-7.32194333299998 -35.73537536,-7.32187002699993 -35.7352822779999,-7.32171421699996 -35.735253911,-7.32159480799993 -35.7352258239999,-7.32152138999993 -35.73514218,-7.32140231699998 -35.735113644,-7.32125531399993 -35.73511314,-7.32117252899997 -35.73508494,-7.32108071499994 -35.7350838749999,-7.32090594899995 -35.734953719,-7.32071356999995 -35.734870412,-7.32064968599997 -35.7347505339999,-7.32063201699998 -35.734601896,-7.32043055199995 -35.734656107,-7.32025544899994 -35.7347934009999,-7.32010743799998 -35.7350137779999,-7.31998651699996 -35.735436723,-7.31984596799998 -35.7355567119999,-7.31988203299994 -35.735658109,-7.31989061599995 -35.735815342,-7.31999084399996 -35.735917355,-7.32010060699997 -35.736037401,-7.32014586999998 -35.7361004319999,-7.31990632399993 -35.736155315,-7.31984159999996 -35.7362476669999,-7.31987783299996 -35.736479163,-7.32006959599994 -35.7366736399999,-7.32023398699994 -35.736775205,-7.32027016399996 -35.736840704,-7.32043533999996 -35.7369796799999,-7.32056327499993 -35.7370911309999,-7.32070977399997 -35.737165562,-7.32082890199996 -35.737267744,-7.32096625899993 -35.737462222,-7.32113064999993 -35.737591649,-7.32120345099997 -35.7377759039999,-7.32120232999995 -35.737913815,-7.32115549799994 -35.738051276,-7.32103508099993 -35.738142785,-7.32093333999995 -35.7382799659999,-7.32076693099998 -35.738260474,-7.32059227799994 -35.7383049649999,-7.32033444799993 -35.738285473,-7.32015979399995 -35.738330526,-7.31999394599995 -35.738329235,-7.31978238699998 -35.7381799789999,-7.31947974299993 -35.73807791,-7.31936078199993 -35.738012242,-7.31916801199998 -35.738039095,-7.31903906899993 -35.737955507,-7.31892919499995 -35.737751874,-7.31877405799997 -35.737668062,-7.31862739099995 -35.7377038459999,-7.31845240099994 -35.7377765379999,-7.31828638499996 -35.73766346,-7.31787313699994 -35.737791428,-7.31770678499993 -35.737965963,-7.31762293699995 -35.7382140879999,-7.31752024399998 -35.7383983409999,-7.31751912299995 -35.738656632,-7.31757274299997 -35.73878589,-7.31761794999994 -35.7389707049999,-7.31770881099993 -35.739146475,-7.31782732299996 -35.739174506,-7.31789154199993 -35.739313313,-7.31799188099995 -35.739433639,-7.31808313399995 -35.739524375,-7.31818753199997 -35.739544977,-7.31821123699996 -35.7396382269999,-7.31839463999995 -35.7399529739999,-7.31864108499997 -35.740221939,-7.31893380099996 -35.740243173,-7.31939359799998 -35.7404654009999,-7.31957621599997 -35.740705942,-7.31974032499994 -35.7409847389999,-7.32013416399997 -35.741172364,-7.32068493299994 -35.741434199,-7.32131803699997 -35.74155447,-7.32140009099993 -35.74170221,-7.32145438199996 -35.741997692,-7.32156296399995 -35.7421360509999,-7.32158971599995 -35.7423019359999,-7.32159790399993 -35.7422839609999,-7.32167160099993 -35.7421922839999,-7.32174574799996 -35.74214667,-7.32181961399993 -35.742166051,-7.32197587099995 -35.7422217769999,-7.32204911999997 -35.742268403,-7.32214082099995 -35.742269022,-7.32224200099995 -35.742334242,-7.32236118399993 -35.742418057,-7.32250784899998 -35.742464345,-7.32254436099993 -35.7425934359999,-7.32256197099997 -35.742684944,-7.32246022999993 -35.7427578589999,-7.32233100599996 -35.742821954,-7.32226622599995 -35.7430054769999,-7.32214552599993 -35.743114905,-7.32196088899997 -35.7431232169999,-7.32181366199995 -35.743103779,-7.32164820699995 -35.743084285,-7.32147355399997 -35.742991371,-7.32134534199997 -35.742880256,-7.32125403399994 -35.7429254199999,-7.32110658199997 -35.7428968249999,-7.32095038199998 -35.7428960939999,-7.32083080599995 -35.742923057,-7.32072025899993 -35.74294929,-7.32049013599993 -35.742966478,-7.32028766399998 -35.742954734,-7.32020901799996 -35.7429472649999,-7.32015900199997 -35.74286317,-7.31996634599994 -35.742862327,-7.31982837299995 -35.74289794,-7.31962578899993 -35.742980404,-7.31955169799994 -35.743108875,-7.31946812799993 -35.743228471,-7.31943980399996 -35.7433205419999,-7.31943004399994 -35.743412275,-7.31936509599996 -35.743587315,-7.31936402899993 -35.744077161,-7.31961860099995 -35.7444337479999,-7.31986123099995 -35.744465724,-7.31988298799996 -35.744845469,-7.32021181899995 -35.745135057,-7.32086314599997 -35.745432002,-7.32121087699994 -35.745682433,-7.32148530399996 -35.7457947309999,-7.32176977199993 -35.7458884339999,-7.32202675799994 -35.745945175,-7.32226557299998 -35.74604826,-7.32255009699998 -35.7461048879999,-7.32277051499995 -35.7462635319999,-7.32310069299996 -35.746495765,-7.32341202399994 -35.7466628889999,-7.32362256799996 -35.746828944,-7.32365834799998 -35.7470774619999,-7.32362003699996 -35.747316992,-7.32361857399997 -35.747556297,-7.32358031899997 -35.747803744,-7.32336724199996 -35.7480780399999,-7.32302522299995 -35.7482881839999,-7.32273878699993 -35.7485356299999,-7.32252570999998 -35.7487197149999,-7.32249698999993 -35.749070473,-7.32260522899998 -35.7493206249999,-7.32283366199994 -35.749395003,-7.32294358899998 -35.749331699,-7.32313714399993 -35.749304907,-7.32327528499997 -35.749351308,-7.32333019199996 -35.749508544,-7.32343041399997 -35.7497213949999,-7.32358548699995 -35.749832004,-7.32359400899998 -35.7499426689999,-7.32361172999993 -35.750081311,-7.32368446999993 -35.750156084,-7.32385878399998 -35.750157438,-7.32407953799998 -35.750131492,-7.32435565099996 -35.750197956,-7.32467719099998 -35.750429402,-7.32485974499997 -35.750761906,-7.32499568799994 -35.7512662349999,-7.32460626799997 -35.7515057649999,-7.32460480299994 -35.751818602,-7.32453849999996 -35.752205648,-7.32455452899995 -35.752647462,-7.32448743599997 -35.7527933969999,-7.32424738399993 -35.7528352369999,-7.32405550499993 -35.7529098859999,-7.32371316099994 -35.752990316,-7.32330793799997 -35.753044067,-7.32305925099996 -35.7532361209999,-7.32282811499994 -35.753577102,-7.32284442499997 -35.753800352,-7.32319259899998 -35.7539034989999,-7.32348631699995 -35.753886768,-7.32376237299997 -35.753734446,-7.32446238599994 -35.75392062,-7.32477399299995 -35.753974817,-7.32500363799994 -35.754024672,-7.32521488099997 -35.754155684,-7.32554522199996 -35.754194286,-7.32583013699997 -35.7542506359999,-7.32600456199998 -35.754243006,-7.32626216499995 -35.754134375,-7.32657557699997 -35.753905978,-7.32688972199998 -35.7537788079999,-7.32718485099997 -35.753798477,-7.32738709599994 -35.753863757,-7.32751547399994 -35.75394735,-7.32762534299997 -35.7542141239999,-7.32755931999998 -35.754361076,-7.32748483199993 -35.754471176,-7.32741057099997 -35.754609198,-7.32738212999993 -35.754673517,-7.32735413999995 -35.754755697,-7.32723405699994 -35.754855624,-7.32700348499998 -35.754974315,-7.32682798699994 -35.7551578339999,-7.32670728299996 -35.755323211,-7.32663268299996 -35.7555070129999,-7.32655796899996 -35.755728061,-7.32654741599993 -35.755829401,-7.32654679499996 -35.7559392749999,-7.32643574099995 -35.756007548,-7.32636289899995 -35.756104029,-7.32625996099995 -35.75625081,-7.32615787899994 -35.7566748199999,-7.32619207399995 -35.756841497,-7.32632902799998 -35.757034865,-7.32665722999997 -35.757111494,-7.32678729299994 -35.757268054,-7.32677713499993 -35.7573614569999,-7.32670158699995 -35.757451402,-7.32662883599994 -35.757818835,-7.32645181299995 -35.7579106219999,-7.32639605999998 -35.757956233,-7.32632219299995 -35.7580382419999,-7.32617451499993 -35.758230972,-7.32605375399993 -35.7582853989999,-7.32591544399997 -35.758219213,-7.32563989799996 -35.758273414,-7.32546479599995 -35.758419967,-7.32532592099994 -35.75866803,-7.32521401899993 -35.7589072759999,-7.32516655999996 -35.759027776,-7.32528539999993 -35.7591672679999,-7.32549610699994 -35.7593151799999,-7.32557798499994 -35.759563639,-7.32553046899994 -35.759932202,-7.32553740499998 -35.7599778119999,-7.32546353799995 -35.760004544,-7.32531619999997 -35.760031163,-7.32515046599997 -35.760076263,-7.32499381599996 -35.7601222129999,-7.32497513799996 -35.7601213639999,-7.32483716699994 -35.760120232,-7.32465320599994 -35.760156063,-7.32448741599995 -35.76023824,-7.32436733199995 -35.7603574949999,-7.32428381499994 -35.760466971,-7.32410837399993 -35.760383208,-7.32397091199994 -35.7604098259999,-7.32380517799993 -35.7603812259999,-7.32364898099996 -35.760526816,-7.32335373899997 -35.761005815,-7.32334160099998 -35.761577562,-7.32343007599997 -35.762221048,-7.32360251199998 -35.762315816,-7.32362790699995 -35.762675277,-7.32365329499993 -35.763043384,-7.32358664599997 -35.763401882,-7.32345566699996 -35.764045289,-7.32321255699998 -35.764809875,-7.32319865999995 -35.7651779239999,-7.32312281099996 -35.765435479,-7.32305683999994 -35.765868015,-7.32298059399994 -35.766125173,-7.32285023599997 -35.766392337,-7.32284859299995 -35.7666595009999,-7.32284694999993 -35.767323769,-7.32299923699998 -35.7676187399999,-7.32302501699996 -35.767885109,-7.32289460199996 -35.767966149,-7.32259055799994 -35.768388903,-7.32242238799995 -35.768425696,-7.32241296299998 -35.7685914649999,-7.32240274499998 -35.7687395469999,-7.32251221299992 -35.7688318419999,-7.32253923999997 -35.7689521729999,-7.32263048299995 -35.768953251,-7.32263184899995 -35.769017172,-7.32271286799994 -35.7689441529999,-7.32282369699993 -35.7689997689999,-7.32287854399993 -35.769101561,-7.32295150399995 -35.7691938,-7.32296933299995 -35.769240033,-7.32299664399994 -35.7692403739999,-7.32305183199998 -35.769286493,-7.32306074599995 -35.769433383,-7.32297705699995 -35.7696357739999,-7.32292981899997 -35.7696361719999,-7.32299420499993 -35.769673817,-7.32312274999992 -35.769784027,-7.32306688099993 -35.769865802,-7.32301047299995 -35.76998585,-7.32292766399996 -35.7701598089999,-7.32275182499995 -35.7702052459999,-7.32265036399997 -35.770370219,-7.32251137399993 -35.7705169939999,-7.32240928799996 -35.770590694,-7.32240883499998 -35.7706281129999,-7.32250058699998 -35.770637935,-7.32256933399998 -35.770657,-7.32270277199996 -35.7706943049999,-7.32277612899998 -35.770887597,-7.32274734299995 -35.7709697139999,-7.32261806099996 -35.7710708239999,-7.32258064499996 -35.771145036,-7.32266297299998 -35.771145491,-7.32273655699993 -35.771101019,-7.32299438299998 -35.771102383,-7.32321513399995 -35.771185637,-7.32326981099993 -35.771250693,-7.32336139299997 -35.771205938,-7.32357322999997 -35.771179608,-7.32378495299997 -35.771419645,-7.32386625899994 -35.771548734,-7.32388385999997 -35.77166844,-7.32387392399994 -35.7717142189999,-7.32382765099993 -35.771833413,-7.32373493299997 -35.772064067,-7.32378870199994 -35.772165291,-7.32376968199998 -35.772275728,-7.32375060399994 -35.772386164,-7.32373152699995 -35.7724600349999,-7.32375866699994 -35.772616875,-7.32379449299998 -35.772671809,-7.32373896499996 -35.7728189819999,-7.32370126499995 -35.7729479569999,-7.32370046999995 -35.7730035169999,-7.32374611899996 -35.77312345,-7.32377297399995 -35.773280063,-7.32377200899998 -35.7733355089999,-7.32379926199997 -35.773363601,-7.32387267499996 -35.77331879,-7.32407531299998 -35.7734202419999,-7.32409308399997 -35.7734753459999,-7.32406514999997 -35.7736132489999,-7.32401830799995 -35.773678192,-7.32409149399996 -35.773651806,-7.32429401899998 -35.773697983,-7.32431213099994 -35.773780952,-7.32432081699994 -35.7739009429999,-7.32435686999997 -35.774167366,-7.32423564999993 -35.7743608289999,-7.32423445699993 -35.7745454769999,-7.32429770599992 -35.774618893,-7.32425126099997 -35.7747739119999,-7.32399275299997 -35.774908798,-7.32345842099994 -35.7749165879999,-7.32322841699994 -35.775077746,-7.32247316399997 -35.7752925849999,-7.32146002899998 -35.7760541439999,-7.32095862499995 -35.776240495,-7.32085440599997 -35.778964512,-7.31933096899996 -35.779846563,-7.31894839499995 -35.7802595809999,-7.31869749199996 -35.7809762059999,-7.31838032499996 -35.7816475669999,-7.31819221299997 -35.782401837,-7.31800358699996 -35.783332339,-7.31800703299996 -35.784171344,-7.31811222399995 -35.7846605129999,-7.31847116799997 -35.785439254,-7.31904259599997 -35.785940888,-7.31971095999995 -35.786303425,-7.32023301199996 -35.786609203,-7.32051626299994 -35.7868776179999,-7.32071696099996 -35.787476592,-7.32074084599998 -35.788812723,-7.32078775699995 -35.7893392559999,-7.32101444699992 -35.790711893,-7.32248683999995 -35.7911386379999,-7.32296249699993 -35.791500554,-7.32338336599997 -35.791861038,-7.32357428999995 -35.7922207789999,-7.32364564199997 -35.7929832849999,-7.32330057799993 -35.793230815,-7.32310587999996 -35.7942037129999,-7.32252035599993 -35.7947186279999,-7.32236078999995 -35.795122652,-7.32214672299995 -35.7953331589999,-7.32192466099997 -35.795515743,-7.32165678099994 -35.7958092179999,-7.32144340099995 -35.796369447,-7.32116397599998 -35.7964199419999,-7.32111844399998 -35.797386331,-7.32024704399993 -35.7975872229999,-7.31996065399994 -35.797704401,-7.31954601099994 -35.7978317659999,-7.31928767199997 -35.797921537,-7.31890999199993 -35.7981322709999,-7.31872471999998 -35.798600947,-7.31853784499998 -35.799172046,-7.31852509599997 -35.799697887,-7.31864140099998 -35.8003616249999,-7.31871085699993 -35.800832767,-7.31891948099997 -35.80137755,-7.31911844899997 -35.802031616,-7.31911437799994 -35.802483013,-7.31911156699994 -35.8028975619999,-7.31910898599995 -35.8037819309999,-7.31910347799993 -35.804741779,-7.31938263799998 -35.805046644,-7.31951870899996 -35.8054707489999,-7.31957125299994 -35.805811944,-7.31962431499994 -35.806143237,-7.31956706099993 -35.806381718,-7.31940000999998 -35.8065663639999,-7.31946324499995 -35.8067139889999,-7.31949911599997 -35.8070734359999,-7.31952446899993 -35.807239485,-7.31956022499998 -35.8072857179999,-7.31958753099997 -35.8074149189999,-7.31962351699997 -35.8074886159999,-7.31962305699994 -35.80759968,-7.31970514699998 -35.807710226,-7.31970445699994 -35.8078296379999,-7.31964852399994 -35.807967936,-7.31966605699995 -35.808133755,-7.31966502299997 -35.808308901,-7.31968232599996 -35.808447832,-7.31972743199998 -35.808622402,-7.31972635999995 -35.8087882199999,-7.31972532499998 -35.80895427,-7.31976108099997 -35.8090378119999,-7.31986173799993 -35.809121298,-7.31995319699996 -35.809135805,-7.31997463199997 -35.809214283,-7.32009058699998 -35.8092154349999,-7.32027453999996 -35.809299035,-7.32038439399997 -35.809409288,-7.32047636299995 -35.809419427,-7.32048481999993 -35.809420856,-7.32051240499993 -35.8094299059999,-7.32068711099993 -35.8094782709999,-7.32105472999996 -35.809460654,-7.32118361199997 -35.8093141799999,-7.32133169499997 -35.8090479489999,-7.32148052499997 -35.8088734359999,-7.32156439599993 -35.8087174039999,-7.32165735099994 -35.8085887789999,-7.32171334199995 -35.808459924,-7.32173254199995 -35.808322317,-7.32182538099994 -35.808212807,-7.32199162899997 -35.808075603,-7.32214885199994 -35.8080762939999,-7.32225922399994 -35.8081703739999,-7.32257136899995 -35.8083010729999,-7.32284649399998 -35.80863398,-7.32304677199994 -35.8088098759999,-7.32318364399993 -35.809464001,-7.32318875699997 -35.8098136039999,-7.32311298999997 -35.8100990099999,-7.32308361299994 -35.8104398039999,-7.32307228599996 -35.81090151,-7.32324416399996 -35.8109761869999,-7.32340006299995 -35.8112898639999,-7.32347168699994 -35.811492878,-7.32352560599998 -35.811669294,-7.32374525499995 -35.8120503979999,-7.32428555499996 -35.81204309,-7.32458913399995 -35.812405193,-7.32503757099994 -35.8125991119999,-7.32510994299997 -35.8129040389999,-7.32525520299993 -35.813089264,-7.32541040999996 -35.813458446,-7.32551847699995 -35.813679367,-7.32548950099994 -35.813918423,-7.32541442099995 -35.8141478049999,-7.32526581799993 -35.814367166,-7.32498850699994 -35.814532582,-7.32492308599996 -35.8147441739999,-7.32487577199993 -35.81484545,-7.32486593999994 -35.8150856029999,-7.32496561399995 -35.81530658,-7.32494583499994 -35.8155737339999,-7.32494416299994 -35.815822926,-7.32501618699996 -35.8160724639999,-7.32514339599993 -35.816312906,-7.32528905699996 -35.816562387,-7.32540706899994 -35.81685816,-7.32556158099993 -35.8170152869999,-7.32564337899993 -35.8170986599999,-7.32571643999995 -35.8171914169999,-7.32581703599993 -35.817265635,-7.32589935299995 -35.8172570589999,-7.32600058399993 -35.8172578099999,-7.32612015299998 -35.817304739,-7.32625782799994 -35.8172686409999,-7.32637762799993 -35.817204907,-7.32649759999993 -35.817205427,-7.32658037799996 -35.8172243719999,-7.32666304099996 -35.817418754,-7.32680899099995 -35.817529185,-7.32678990299996 -35.8176301729999,-7.32673408199997 -35.817758623,-7.32665049599996 -35.817932441,-7.32645624999998 -35.8180789689999,-7.32631736199994 -35.818262115,-7.32614145399998 -35.8183721409999,-7.32605798299994 -35.818518495,-7.32589150199993 -35.818609287,-7.32567938099993 -35.818663866,-7.32556866299996 -35.818782179,-7.32533797299993 -35.8189699819999,-7.32523684699993 -35.819075986,-7.32517976699995 -35.8193713539999,-7.32526989499996 -35.8195339019999,-7.32536442399993 -35.8195747739999,-7.32538819299998 -35.819741345,-7.32550672099995 -35.819926283,-7.32561593699995 -35.820120549,-7.32574348999998 -35.8202412329999,-7.32588989999994 -35.8203797629999,-7.32594421899995 -35.820426229,-7.32600831299993 -35.8206295919999,-7.32611741199997 -35.820703694,-7.32618133299997 -35.8208333599999,-7.32629089499994 -35.8210087959999,-7.32635417899996 -35.821240259,-7.32653668599994 -35.821574214,-7.32690250699994 -35.821798781,-7.32745297299994 -35.8219005779999,-7.32752591699995 -35.82212254,-7.32766249199994 -35.8225644359999,-7.32761372899995 -35.8227942779999,-7.32753870299996 -35.8228943949999,-7.32734491799994 -35.823095442,-7.32708611399994 -35.8232511799999,-7.32694716799995 -35.8233789339999,-7.32675320999994 -35.8234329319999,-7.32655051699993 -35.823588091,-7.32631959499997 -35.823744002,-7.32620824099996 -35.8238535629999,-7.32605118899994 -35.8239448739999,-7.32592184499993 -35.824100669,-7.32579209599993 -35.8241918059999,-7.32563515999993 -35.8243016559999,-7.32552409499993 -35.824513361,-7.32549517199993 -35.824595228,-7.32532909499997 -35.824667882,-7.32516307699996 -35.8246210099999,-7.32503460099997 -35.824444994,-7.32487934199997 -35.824167356,-7.32467873199994 -35.8239269709999,-7.32454227299996 -35.823732648,-7.32440552399993 -35.8237314309999,-7.32421237599993 -35.8237767969999,-7.32410171599997 -35.8238958589999,-7.32399059399995 -35.824153219,-7.32389699899994 -35.824374368,-7.32390480899994 -35.824614114,-7.32394009499995 -35.8250383349999,-7.32401101399995 -35.825407167,-7.32406388499993 -35.825701954,-7.32406203299996 -35.825932431,-7.32408817899994 -35.826116789,-7.32410541599995 -35.8263468019999,-7.32405798199994 -35.826567892,-7.32405659199998 -35.826743038,-7.32407388699994 -35.826891417,-7.32422931899993 -35.827003412,-7.32445856199996 -35.827235571,-7.32475143499994 -35.827420973,-7.32493422599993 -35.8275690049999,-7.32503447199997 -35.827771845,-7.32506079099994 -35.8278731199999,-7.32505095599993 -35.828011244,-7.32504088999997 -35.8281035969999,-7.32507709999993 -35.828242475,-7.32518660199997 -35.828334422,-7.32515842999993 -35.828536334,-7.32503758799993 -35.8286470529999,-7.32506448499993 -35.82875725,-7.32500860499994 -35.8289231259999,-7.32501675899994 -35.8291537769999,-7.32507049599997 -35.8292830359999,-7.32511567199998 -35.8292653089999,-7.32522615799996 -35.8292019269999,-7.32540131599995 -35.8291939339999,-7.32559452099997 -35.829121049,-7.32572374899996 -35.828992834,-7.32584412799997 -35.8289382579999,-7.32595484599995 -35.828994866,-7.32616603999998 -35.8287854829999,-7.32656286599996 -35.828502693,-7.32700614199996 -35.828503854,-7.32719009199997 -35.8283121979999,-7.32747643099998 -35.8284609849999,-7.32769624399998 -35.828663653,-7.32769496899994 -35.828985614,-7.32761935999997 -35.829252708,-7.32760848199996 -35.82955729,-7.32769854399993 -35.8299078159999,-7.32776991999998 -35.8302201,-7.32762078899998 -35.830394898,-7.32758289699996 -35.830707472,-7.32747975299998 -35.830900985,-7.32748773199995 -35.8310859819999,-7.32760613899995 -35.831289289,-7.32770603499995 -35.831639582,-7.32774062099998 -35.8318518099999,-7.32779447099995 -35.8325229,-7.32756949499998 -35.833121107,-7.32747374799993 -35.833553669,-7.32740663699997 -35.833857727,-7.32741391899998 -35.834097474,-7.32744919899994 -35.834669904,-7.32764794199994 -35.835066083,-7.32765464199997 -35.835269448,-7.32776373299993 -35.835399465,-7.32792847399998 -35.83543736,-7.32809379499997 -35.8355224229999,-7.32843357799993 -35.8355716839999,-7.32893914599993 -35.835572645,-7.32894609899995 -35.8356199569999,-7.32928835799993 -35.835595231,-7.32974840499998 -35.835651377,-7.32988601799997 -35.8358178359999,-7.32998614299993 -35.8360125139999,-7.33017806899994 -35.836409859,-7.33036871499996 -35.836705346,-7.33047722399994 -35.8370738899999,-7.33048409499997 -35.8374517629999,-7.33050930299993 -35.8376715969999,-7.33060970499997 -35.8378490499999,-7.33069074999997 -35.838219226,-7.33095514899998 -35.8384408269999,-7.33115644399993 -35.8385810729999,-7.32979180399997 -35.841193011,-7.30438541499996 -35.8415107709999,-7.30462998899998 -35.841636759,-7.30472680399993 -35.841764879,-7.30482562199995 -35.841970671,-7.30493501999996 -35.8420488689999,-7.30502861699995 -35.842315985,-7.30519297599994 -35.842504833,-7.30525266699993 -35.842660844,-7.30537898299997 -35.8430102309999,-7.30540445399993 -35.8434863379999,-7.30530736099996 -35.84363544,-7.30521786599996 -35.843761635,-7.30501228499998 -35.8439552909999,-7.30495571599994 -35.8441432289999,-7.30487150999994 -35.84430896,-7.30478190899993 -35.844502791,-7.30475301299998 -35.8446917099999,-7.30482377299995 -35.8448804879999,-7.30487239499996 -35.845047059,-7.30491562099996 -35.8452012139999,-7.30474860699996 -35.8453499299999,-7.30459823199993 -35.845592772,-7.30443065799994 -35.845769063,-7.30425796899993 -35.8461115389999,-7.30406762799993 -35.8463491529999,-7.30394989899997 -35.8465969769999,-7.30369373799994 -35.8467279769999,-7.30337189799997 -35.846836665,-7.30302805999997 -35.847028112,-7.30262281799997 -35.847192889,-7.30230017799994 -35.847331792,-7.30208455299993 -35.847639247,-7.30190521199995 -35.847900479,-7.30181019399993 -35.8483022689999,-7.30176097399993 -35.848712995,-7.30164633799995 -35.8491423049999,-7.30151291099997 -35.8495903159999,-7.30137936499995 -35.849992164,-7.30133947999997 -35.8508703099999,-7.30120321599998 -35.8513374349999,-7.30113490599996 -35.852000749,-7.30103734499994 -35.8524028329999,-7.30103480399993 -35.852833205,-7.30106942999993 -35.853188771,-7.30110452899993 -35.853468939,-7.30104673599993 -35.8538337369999,-7.30106310299993 -35.854535163,-7.30107733899996 -35.8550308119999,-7.30108353999998 -35.855526402,-7.30108040299996 -35.856517878,-7.30112081099998 -35.857537464,-7.30117037599996 -35.858603804,-7.30121964199998 -35.8590902189999,-7.30124456999994 -35.8597819949999,-7.30121217499993 -35.860174962,-7.30124703099995 -35.8606146239999,-7.30127225399997 -35.8608481539999,-7.30123342699994 -35.861202947,-7.30114714599995 -35.8614642909999,-7.30107079399994 -35.862033971,-7.30095513999993 -35.862650107,-7.30079250599994 -35.8639481279999,-7.30051350399998 -35.864695051,-7.30033136399993 -35.8657596579999,-7.30010985899997 -35.8664410649999,-7.29991879699998 -35.8671133,-7.29975580199994 -35.867645631,-7.29964971599998 -35.8688689539999,-7.29938984899997 -35.8696907949999,-7.29922589999995 -35.870195012,-7.29911065299996 -35.8709048819999,-7.29898476099993 -35.8709787929999,-7.29884424099993 -35.871268363,-7.29879571499993 -35.872379591,-7.29855522699995 -35.8727720759999,-7.29851538299994 -35.8732684299999,-7.29863359999996 -35.8736995099999,-7.29878024199996 -35.874730158,-7.29910046099997 -35.875048733,-7.29920113499998 -35.875592199,-7.29937506899995 -35.875724061,-7.29952361499994 -35.8758741469999,-7.29959735199998 -35.876117381,-7.29961447499994 -35.8765093879999,-7.29949993699995 -35.877069704,-7.29938432499995 -35.87758273,-7.29918498499995 -35.878178535,-7.29877037399996 -35.87837418,-7.29865708599993 -35.879222746,-7.29828754599993 -35.8798476159999,-7.29803146999996 -35.880090131,-7.29793655699996 -35.8802667739999,-7.29777670699997 -35.8805095879999,-7.29772847499993 -35.880517863,-7.29756036299995 -35.880899977,-7.29736185499996 -35.881543246,-7.29705897799994 -35.882065347,-7.29681756199994 -35.882427004,-7.29664060199997 -35.882587357,-7.29656214099998 -35.8835803659999,-7.29611697999997 -35.8842283659999,-7.29582340599995 -35.8850673589999,-7.29542124199997 -35.8856549069999,-7.29517940399995 -35.885985858,-7.29502323599996 -35.886652673,-7.29474821299993 -35.887085789,-7.29448402099996 -35.887401785,-7.29418322999993 -35.8876479219999,-7.29392490099997 -35.8878098759999,-7.29366244199997 -35.8879062579999,-7.29338172899998 -35.887942672,-7.29322744299998 -35.887996109,-7.29281162499996 -35.88810727,-7.29191927299996 -35.8881569599999,-7.29164819599993 -35.888246362,-7.29100806999998 -35.88829036,-7.29057830799997 -35.88834967,-7.29034918299993 -35.8884229449999,-7.29011063199994 -35.888462029,-7.28964355499994 -35.888455498,-7.28935416399997 -35.8884238369999,-7.28912726899995 -35.88837219,-7.28875715699996 -35.8883042849999,-7.28837479199996 -35.888158287,-7.28747941599994 -35.888034948,-7.28680787999997 -35.8881388889999,-7.28680555599993 -35.8896944439999,-7.28669444399998 -35.892504641,-7.28643098899994 -35.8939805759999,-7.28629262099997 -35.896693684,-7.28603826799997 -35.8983435879999,-7.28575068299995 -35.8988656829999,-7.28699060699995 -35.8992499999999,-7.28777777799996 -35.901258554,-7.28699667299998 -35.9049764929999,-7.28555080799993 -35.90525,-7.28544444399995 -35.905430963,-7.28554427599994 -35.905543069,-7.28576459599998 -35.905599953,-7.28600369099996 -35.905582991,-7.28623404999996 -35.905620894,-7.28639037599993 -35.9057435299999,-7.28681324799993 -35.90580083,-7.28711680999993 -35.906022846,-7.28721669299995 -35.906033317,-7.28741003499994 -35.905969762,-7.28756701399993 -35.905888735,-7.28761717399993 -35.905804393,-7.28766938699994 -35.90575982,-7.28790913399996 -35.905853064,-7.28806510499993 -35.905936491,-7.28812903799997 -35.905919113,-7.28829492999995 -35.9059200629999,-7.28844228399993 -35.9059673089999,-7.28861696999996 -35.906097448,-7.28877270299995 -35.9061629629999,-7.28891964199994 -35.906071916,-7.28910442799997 -35.906025265,-7.28918442799994 -35.905953317,-7.28930780999997 -35.9058529879999,-7.28948344499997 -35.905747509,-7.28956645499994 -35.9056877959999,-7.28961344799995 -35.905609061,-7.28971873599994 -35.905445441,-7.28993753699996 -35.905431736,-7.28995586399998 -35.9051665109999,-7.29030754999997 -35.9049035419999,-7.29100920199994 -35.9048307629999,-7.29143707699996 -35.90482356,-7.29147942599997 -35.9049177549999,-7.29178275099997 -35.905094369,-7.29199344499995 -35.9050870469999,-7.29228821299995 -35.904943094,-7.29285094899996 -35.904742848,-7.29326668699997 -35.90456968,-7.29359015199998 -35.9045223869999,-7.29362093999993 -35.904441084,-7.29367386899997 -35.904294932,-7.29389584899997 -35.904222094,-7.29404367799998 -35.9042148309999,-7.29434765499997 -35.903949068,-7.29461645399994 -35.903757808,-7.29499529499998 -35.903630568,-7.29520850099993 -35.903520548,-7.29539285199996 -35.903485851,-7.29573384499997 -35.903666667,-7.29627777799993 -35.90975,-7.29636111099995 -35.90968222,-7.28660079499997 -35.909666667,-7.28436111099995 -35.9229180089999,-7.28294268399998 -35.9262253009999,-7.28258867099993 -35.9287857086645,-7.28231460441411 -35.9308336163413,-7.28209539593695 -35.943916026,-7.28069505199994 -35.9465238239999,-7.28041635599993 -35.9483333329999,-7.28022222199996 -35.948545348,-7.28046635999993 -35.948780402,-7.28074759799995 -35.949181924,-7.28101111699993 -35.949565374,-7.28105851699996 -35.950016868,-7.28132170899994 -35.950301243,-7.28150282299993 -35.9505195319999,-7.28176753499997 -35.950985944,-7.28176449299997 -35.9513683059999,-7.28164556399997 -35.9517164809999,-7.28139378999998 -35.952013595,-7.28097601399998 -35.952328237,-7.28069119199995 -35.9527269279999,-7.28052225499994 -35.953160894,-7.28065248999997 -35.9534861719999,-7.28077497999993 -35.9538121689999,-7.28089773999994 -35.9538808689999,-7.28121332699993 -35.9536633559999,-7.28141871099996 -35.953632531,-7.28144781699996 -35.9533835399999,-7.28158250999996 -35.953151206,-7.28171709499998 -35.952935856,-7.28190146899993 -35.95275491,-7.28225195299996 -35.952574291,-7.28265233499997 -35.952494379,-7.28316849399994 -35.9525465309999,-7.28350082299994 -35.9528161019999,-7.28396479899993 -35.9530857829999,-7.28444540899994 -35.953253558,-7.28462728099993 -35.953488835,-7.28494177999994 -35.95367305,-7.28509027699994 -35.95390702,-7.28520518299996 -35.954158847,-7.28550293899997 -35.9544437709999,-7.28576721199994 -35.9547784499999,-7.28599789299994 -35.9554948379999,-7.28600984399998 -35.955619504,-7.28591869599995 -35.955793258,-7.28579165799994 -35.9560914589999,-7.28554020699994 -35.956457163,-7.28542138199998 -35.9568128569999,-7.28551832399995 -35.956874366,-7.28553508799996 -35.957159073,-7.28576609299995 -35.957212866,-7.28634790999996 -35.957115648,-7.28676438099995 -35.957035307,-7.28721400799998 -35.957053929,-7.28751328699997 -35.957188609,-7.28772863999995 -35.957422144,-7.28777701199994 -35.9576171589999,-7.28776181999996 -35.957655243,-7.28775885399995 -35.957953334,-7.28749076899993 -35.95800156,-7.28722431899996 -35.957999813,-7.28695819599994 -35.958064915,-7.28672490299994 -35.958344165,-7.28612427399997 -35.9586591309999,-7.28588934499993 -35.9588085029999,-7.28580520099996 -35.9592086129999,-7.28585248199994 -35.9595265259999,-7.28606663499994 -35.959544604,-7.28628274999994 -35.9595457409999,-7.28645601199997 -35.959546351,-7.28654887199997 -35.959564975,-7.28684815099996 -35.95958338,-7.28711416399995 -35.95958633,-7.28756324599993 -35.959505008,-7.28786317899994 -35.9595088309999,-7.28844532099993 -35.959626965,-7.28867741499994 -35.9597769929999,-7.28869306499996 -35.9600601729999,-7.28869121099996 -35.960342807,-7.28860619199997 -35.960526042,-7.28860499199993 -35.960909605,-7.28866901199996 -35.9612438509999,-7.28883315599995 -35.961494591,-7.28896457899998 -35.961861606,-7.28904533999997 -35.962394979,-7.28909174399996 -35.962500322,-7.28915217999997 -35.9625956369999,-7.28920686199996 -35.962697879,-7.28955549099993 -35.962599465,-7.28978900299995 -35.9624724249999,-7.28990996999994 -35.962318034,-7.29005698099996 -35.9621201109999,-7.29035767799996 -35.9617735799999,-7.29085894999997 -35.9613443059999,-7.29144393099995 -35.960982647,-7.29217816799996 -35.9606709609999,-7.29291207799997 -35.96030941,-7.29366294899995 -35.9599621099999,-7.29404779199996 -35.9599818299999,-7.29451339699995 -35.960302595,-7.29515999399996 -35.96055498,-7.29554090599993 -35.960756407,-7.29577245199994 -35.961058985,-7.29618630099998 -35.961161778,-7.29661809299995 -35.9611972819999,-7.29695052699998 -35.9612347569999,-7.29758234799993 -35.961287796,-7.29804773299998 -35.961588954,-7.29824535699993 -35.9618223849999,-7.29827709199998 -35.9620045689999,-7.29817446199996 -35.962270508,-7.29802465099993 -35.9628695379999,-7.29792091899998 -35.963483664,-7.29791688699993 -35.963635804,-7.29791588899997 -35.963952853,-7.29799697299995 -35.9643200949999,-7.29811099399996 -35.9649025759999,-7.29802400199998 -35.9652496529999,-7.29760588999994 -35.965381162,-7.29733889399995 -35.96537897,-7.29700624299994 -35.965582336,-7.29669727299995 -35.9656758529999,-7.29655519399995 -35.965890104,-7.29620448799994 -35.966304796,-7.29593563099996 -35.9673199379999,-7.29577926099995 -35.967569805,-7.29577761899998 -35.967919071,-7.29569215699996 -35.9685668609999,-7.29540513299997 -35.9687160129999,-7.29528771999998 -35.968764999,-7.29513769899995 -35.9688293259999,-7.29478797799993 -35.969093766,-7.29447020899994 -35.969459908,-7.29441790099997 -35.969877229,-7.29454822199995 -35.970095535,-7.29481291799993 -35.9700296729999,-7.29492978299993 -35.969781672,-7.29521417899997 -35.969650933,-7.29559760299998 -35.969603155,-7.29593058099994 -35.96967209,-7.29627942499997 -35.9699399319999,-7.29647726199994 -35.970540601,-7.29662300799993 -35.9714054889999,-7.29641771799993 -35.9716034059999,-7.29611701799996 -35.9720006659999,-7.29573183999997 -35.972631134,-7.29534512599997 -35.972863354,-7.29519389899997 -35.973196948,-7.29525823499995 -35.973278428,-7.29531754299995 -35.9735819429999,-7.29553846299996 -35.974017681,-7.29593478899994 -35.974803782,-7.29641196999995 -35.975588455,-7.29667292899995 -35.975780383,-7.29662901299997 -35.9764866519999,-7.29646740999993 -35.977352743,-7.29644506599993 -35.977883478,-7.29609226999997 -35.978614104,-7.29573815599997 -35.9789136109999,-7.29568627999993 -35.9792961869999,-7.29560059099992 -35.9798454479999,-7.29553043399994 -35.980411917,-7.29554332799995 -35.980553151,-7.29560800399997 -35.9809131879999,-7.29577288099995 -35.9814637699999,-7.29590230899993 -35.981511214,-7.29593103099995 -35.981898631,-7.29616556599996 -35.9826337709999,-7.29649336999995 -35.982538565,-7.29720921899997 -35.9816274629999,-7.29798035699997 -35.981044885,-7.29805073799997 -35.9803631309999,-7.29823820399997 -35.979218924,-7.29902751199995 -35.978323588,-7.29966547899994 -35.977761297,-7.30028461399996 -35.977215551,-7.30088700699997 -35.976917801,-7.30120499999992 -35.9765038859999,-7.30159029299995 -35.976389592,-7.30194034199997 -35.976426541,-7.30248899099996 -35.976266347,-7.30345476799994 -35.975773873,-7.30455580299997 -35.975861677,-7.30523718099994 -35.9761977009999,-7.30566742399998 -35.976634996,-7.30629659499994 -35.977138705,-7.30689205999994 -35.977357243,-7.30719001299997 -35.977691948,-7.30742066499994 -35.9780116489999,-7.30790091199998 -35.978414089,-7.30829744699997 -35.978748685,-7.30851146599997 -35.9789758169999,-7.30861493799995 -35.979216546,-7.30872460299997 -35.979485944,-7.30915528199995 -35.9794713809999,-7.30947140599994 -35.9793072259999,-7.30983841899996 -35.9787256239999,-7.31005849299993 -35.978645338,-7.31007239999997 -35.978326269,-7.31012766499992 -35.977809865,-7.31013107799993 -35.9771598639999,-7.31008547399995 -35.976659457,-7.30998898099995 -35.976476657,-7.31005672099997 -35.9763289379999,-7.31039035899994 -35.976366001,-7.31095563899993 -35.976567223,-7.31115390699995 -35.9768846109999,-7.31128487499996 -35.9768367309999,-7.31160121999994 -35.9765219879999,-7.31186942899996 -35.976424133,-7.31218610499997 -35.976227761,-7.31271966099996 -35.976299355,-7.31346767799994 -35.976550222,-7.31361571799994 -35.9769164849999,-7.31358003099996 -35.9772989649999,-7.31347770399998 -35.9775669319999,-7.31369216299993 -35.9778202269999,-7.31420611399994 -35.977740135,-7.31468900299996 -35.977910359,-7.31523676899997 -35.9780821639999,-7.31551841699996 -35.9782135209999,-7.31573375599993 -35.978500356,-7.31628074999998 -35.978704782,-7.31696135299995 -35.97869265,-7.31764338899995 -35.9787302729999,-7.31829182899997 -35.9787007099999,-7.31885754899997 -35.978604955,-7.31949023899995 -35.9783759319999,-7.32012381099997 -35.978205072,-7.32078740399993 -35.978148565,-7.32100686899997 -35.97823727,-7.32182130199993 -35.978589862,-7.32223479399994 -35.978857063,-7.32233282299995 -35.979240433,-7.32236355099997 -35.9799047879999,-7.32205975599993 -35.9801535619999,-7.32189177799995 -35.9803205009999,-7.32178880099997 -35.980535162,-7.32165638699996 -35.9807019689999,-7.32168854799994 -35.980949567,-7.32176913199993 -35.9810525729999,-7.32180265699998 -35.981336875,-7.32196710299996 -35.9816703779999,-7.32201479199995 -35.981903598,-7.32201324599993 -35.982320726,-7.32211027899996 -35.982455764,-7.32237551199995 -35.982408554,-7.32279164999994 -35.982193541,-7.32302593799994 -35.98186236,-7.32332752699995 -35.9813968029999,-7.32346367799994 -35.9811474759999,-7.32354849499995 -35.981015644,-7.32376559799997 -35.980835053,-7.32416598799995 -35.9806052599999,-7.32468313499993 -35.98074063,-7.32499826499998 -35.980810694,-7.32551342399995 -35.980880536,-7.32599531899996 -35.9804650629999,-7.32614777099997 -35.9799812959999,-7.32605117899993 -35.979447663,-7.32597154999996 -35.978498002,-7.32596120799997 -35.9780994069999,-7.32614681199993 -35.977835408,-7.32653112099996 -35.977637823,-7.32688172399997 -35.977839939,-7.32721304699993 -35.977692331,-7.32756331899998 -35.977494414,-7.32786402499994 -35.9773625789999,-7.32808112899994 -35.977149219,-7.32856490099994 -35.9772727939999,-7.32961196599996 -35.9773766169999,-7.33019343599994 -35.9778297249999,-7.33068942599994 -35.978481857,-7.33105103199995 -35.979066691,-7.33131328299993 -35.9794672799999,-7.33142705899996 -35.9800686629999,-7.33167256599995 -35.980602414,-7.33176882399994 -35.9807534509999,-7.33193415199997 -35.980755444,-7.33223353299996 -35.980873717,-7.33248224399995 -35.9810751749999,-7.33271376899995 -35.981218639,-7.33279542799994 -35.981392914,-7.33289462399995 -35.9814287789999,-7.33327694499997 -35.981464976,-7.33370916299998 -35.981234076,-7.33405998899997 -35.981098956,-7.33423093499994 -35.980969746,-7.33439440399997 -35.980705637,-7.33476208299993 -35.980541261,-7.33509583499995 -35.980626882,-7.33544455999993 -35.980713168,-7.33589307899996 -35.9805977729999,-7.33607680799997 -35.980599212,-7.33629302799994 -35.9805014729999,-7.33662633699993 -35.9803218769999,-7.33717641899995 -35.9800727649999,-7.33729450399994 -35.9798409759999,-7.33751227199997 -35.979608855,-7.33768014299994 -35.979460805,-7.33796388699994 -35.979479125,-7.33821326099996 -35.979564083,-7.33846219299994 -35.979650259,-7.33889407999993 -35.979553294,-7.33934381499995 -35.979405243,-7.33962755999994 -35.979440445,-7.33991008799995 -35.979624805,-7.34007519399995 -35.979991309,-7.34007276099993 -35.98018524,-7.34001604599996 -35.980340489,-7.33997064399995 -35.9805900449999,-7.33991908799993 -35.980757524,-7.34005103999993 -35.981024738,-7.34014906299996 -35.981575934,-7.34036163099995 -35.9818090529999,-7.34034344899993 -35.982108476,-7.34027492799993 -35.9821718599999,-7.34031053199993 -35.9823425929999,-7.34040643599997 -35.982677108,-7.34060380899996 -35.9827788379999,-7.34086925999998 -35.982748182,-7.34126865599995 -35.9823847829999,-7.34173679499997 -35.982006277,-7.34243789699997 -35.981742611,-7.34287210699995 -35.981512374,-7.34332272899996 -35.9812989069999,-7.34378987099996 -35.9814505049999,-7.34403835899997 -35.981535133,-7.34423739299996 -35.9817189409999,-7.34431933599996 -35.982119543,-7.34443310399996 -35.982436516,-7.34449752799998 -35.982460537,-7.34450202599993 -35.983037031,-7.34460996599995 -35.983602784,-7.34450640499995 -35.9839591049999,-7.34451826099996 -35.9840193799999,-7.34452026699995 -35.9844527459999,-7.34455064899993 -35.9847355109999,-7.34448223599998 -35.985039844,-7.34443873899994 -35.985101684,-7.34442989999997 -35.9853851149999,-7.34446127999996 -35.985448033,-7.34448435899998 -35.985652331,-7.34455929899997 -35.985870458,-7.34479070799995 -35.9862388519999,-7.34507101599996 -35.986740745,-7.34538369899997 -35.9874800929999,-7.34632685099996 -35.987681784,-7.34659163399994 -35.9878829199999,-7.34677325599995 -35.987890444,-7.34677088999996 -35.988099048,-7.34670528399994 -35.9882306549999,-7.34645491399993 -35.9883961369999,-7.34628748199998 -35.9887138879999,-7.34646832599998 -35.9889499,-7.34688257499994 -35.989085066,-7.34716443399998 -35.989252773,-7.34732964399996 -35.9893719469999,-7.34771140599997 -35.989190696,-7.34801200699997 -35.989025993,-7.34829586399997 -35.988893608,-7.34842980999997 -35.9887120229999,-7.34868051399997 -35.9886297259999,-7.34883075899995 -35.9881123929999,-7.34870114399996 -35.9876615859999,-7.34855445299996 -35.987344611,-7.34849003299996 -35.9868110629999,-7.34842705699998 -35.986294619,-7.34843049699998 -35.9859622069999,-7.34854914199997 -35.985846813,-7.34873287299996 -35.985681552,-7.34893356899994 -35.9856169139999,-7.34923339199997 -35.985618804,-7.34951613999993 -35.9858270199999,-7.34979434899998 -35.985854149,-7.34983059799993 -35.9860388499999,-7.35004559599997 -35.9863394999999,-7.35016002299994 -35.9865898379999,-7.35022488699997 -35.987058974,-7.35062095099994 -35.9873601809999,-7.35081853799994 -35.9876943739999,-7.35096600599996 -35.9877301399999,-7.35133169199997 -35.9876823869999,-7.35166466899994 -35.9874001749999,-7.35181624599994 -35.987150281,-7.35181791199994 -35.9869008319999,-7.35188610699993 -35.986785771,-7.35211973499997 -35.986765966,-7.35214449599994 -35.9865048939999,-7.35247089799998 -35.986357181,-7.35280454099995 -35.986392391,-7.35308706699993 -35.986493351,-7.35323608999994 -35.986710482,-7.35331780699994 -35.9869614899999,-7.35348246299998 -35.987363547,-7.35381243999996 -35.987599454,-7.35421005699993 -35.987635444,-7.35460900699997 -35.987706859,-7.35486371399998 -35.987737851,-7.35497424799996 -35.98793877,-7.35512260399997 -35.988089486,-7.35523802899996 -35.988124921,-7.35555381799998 -35.98832673,-7.35583522999997 -35.988777768,-7.35601518299995 -35.989061986,-7.35616298199994 -35.9895292379999,-7.35627629299995 -35.9897647029999,-7.35660737899997 -35.990032373,-7.35677191999997 -35.990350468,-7.35700265599996 -35.990568493,-7.35721742799996 -35.990402342,-7.35728506899994 -35.990220979,-7.35756903899994 -35.989787936,-7.35758856299998 -35.9891881839999,-7.35759256799997 -35.988838662,-7.35764479999995 -35.988454819,-7.35754756399996 -35.9880037789999,-7.35736761199996 -35.9875197539999,-7.35723777899995 -35.986868686,-7.35704252699998 -35.9865169289999,-7.35701390399993 -35.986301919,-7.35699640799993 -35.985586326,-7.35711760999993 -35.985237248,-7.35723636799997 -35.9851561739999,-7.35756956799997 -35.9850083489999,-7.35788657899997 -35.984843085,-7.35808727599994 -35.9844937839999,-7.35817276999995 -35.9840439669999,-7.35817576799997 -35.983376682,-7.35804715099994 -35.9831426649999,-7.35793227899995 -35.982558346,-7.35775320899995 -35.9822906759999,-7.35758866199996 -35.982122633,-7.35737355299995 -35.9816544889999,-7.35712717499996 -35.9812847489999,-7.35664727999995 -35.9809338919999,-7.35649991799994 -35.980700987,-7.35655136799994 -35.980451756,-7.35665282499997 -35.980352463,-7.35675328399998 -35.98018753,-7.35700387599996 -35.979972061,-7.35717164099998 -35.979724383,-7.35750594899997 -35.979759702,-7.35780510899997 -35.97987821,-7.35808708099995 -35.9800471419999,-7.35843525099995 -35.980065135,-7.35863472699998 -35.980316256,-7.35881601899996 -35.9805676,-7.35903057399997 -35.980668782,-7.35921286399997 -35.9808042839999,-7.35954462199993 -35.981254771,-7.35964141999995 -35.981538768,-7.35975595899993 -35.981822322,-7.35980396999997 -35.982222383,-7.35983457099996 -35.982656321,-7.35994810999995 -35.9829243259999,-7.36016255299995 -35.982942877,-7.36044518999995 -35.982578136,-7.36071374799997 -35.982112768,-7.36088317899993 -35.9816305169999,-7.36101945599995 -35.9814320419999,-7.36123700699994 -35.981234789,-7.36163751299995 -35.981220352,-7.36197026999997 -35.981157826,-7.36258610699997 -35.981276781,-7.36293460799993 -35.98156067,-7.36303251399994 -35.981712057,-7.36324773399997 -35.981965073,-7.36371177199993 -35.9823824659999,-7.36384205299993 -35.9828322889999,-7.36383905399992 -35.9832316869999,-7.36376985999993 -35.9838469979999,-7.36359942699994 -35.9841132249999,-7.36354775199993 -35.984330697,-7.36367936499994 -35.984481639,-7.36382805499994 -35.984631914,-7.36387695099995 -35.9848825949999,-7.36399170999994 -35.985150381,-7.36417288499996 -35.9855195759999,-7.36456961199997 -35.9858897739999,-7.36511602799993 -35.985941537,-7.36538180899993 -35.9858436929999,-7.36569848799996 -35.985544924,-7.36586681199998 -35.9854296399999,-7.36606717699993 -35.985148422,-7.36636844699996 -35.9849510619999,-7.36675232199997 -35.98478769,-7.36723576699995 -35.984806132,-7.36750177099998 -35.9847586019999,-7.36786801299996 -35.9845110379999,-7.36821895799994 -35.984378535,-7.36833627299995 -35.9840974269999,-7.36865417499996 -35.9837984329999,-7.36878923399996 -35.983549308,-7.36890732799998 -35.9830011889999,-7.36916047999995 -35.9824861659999,-7.36938014399993 -35.98222205,-7.36974783199997 -35.981891181,-7.37009933199994 -35.9815944109999,-7.37056703499997 -35.981613743,-7.37096609799994 -35.981898529,-7.37119705999993 -35.9821338899999,-7.37151151599994 -35.982252294,-7.37177685399996 -35.9824052449999,-7.37222492399997 -35.982639271,-7.37233979299998 -35.982938936,-7.37230452699993 -35.983338229,-7.37221869599995 -35.9836034589999,-7.37201732999995 -35.9838862399999,-7.37194890999996 -35.9842200059999,-7.37202984699996 -35.9843556289999,-7.37237823299995 -35.984523794,-7.37260997099997 -35.9848573359999,-7.37265764199998 -35.9851907679999,-7.37268868099994 -35.9855064229999,-7.37255350799995 -35.9860215579999,-7.37235047199994 -35.9863214449999,-7.37234846799993 -35.986805822,-7.37252819299994 -35.9873060799999,-7.37259137999996 -35.987774467,-7.37287100799995 -35.9881416649999,-7.37296834999995 -35.9883743519999,-7.37288362999993 -35.9886235879999,-7.37278216599998 -35.988872489,-7.37263080499997 -35.989371965,-7.37257756499997 -35.9896730789999,-7.37275851199996 -35.990035747,-7.37307104899998 -35.990477466,-7.37345170999993 -35.990494852,-7.37346540499993 -35.991063707,-7.37391350599995 -35.9914636669999,-7.37392746099994 -35.9915577699999,-7.37389319799996 -35.9919290399999,-7.37375801699994 -35.992329894,-7.37390502799997 -35.992882145,-7.37426725099994 -35.993316991,-7.37451382999996 -35.994068049,-7.37470839099996 -35.995167072,-7.37461785999994 -35.99543263,-7.37446638399996 -35.995831471,-7.37431401499992 -35.99623143,-7.37432796499996 -35.9965161109999,-7.37454228199994 -35.996559723,-7.37457807099997 -35.997018719,-7.37495472999996 -35.997020958,-7.37528736999997 -35.9973063109999,-7.37560147799996 -35.9975081389999,-7.37588287999995 -35.9978436979999,-7.37622991599994 -35.998193565,-7.37622756799993 -35.9987629299999,-7.37665619599994 -35.9989112279999,-7.37684750499994 -35.999250339,-7.37728496699998 -35.999586349,-7.37769852899993 -35.999888615,-7.37792524099996 -35.9999380099999,-7.37796228999997 -36.000073985,-7.37836056099997 -36.00004984,-7.37865411799993 -36.0000123889999,-7.37910944699996 -36.000107666,-7.37964936999998 -36.0002539339999,-7.38033864499994 -36.000499157,-7.38087755999993 -36.000850654,-7.38111637099996 -36.0013426429999,-7.38118790999994 -36.001675179,-7.38108587799996 -36.001981827,-7.38085095799994 -36.00222595,-7.38065118999998 -36.002371215,-7.38053231899994 -36.002835911,-7.38026306999996 -36.0031106389999,-7.38023627299998 -36.0034289279999,-7.38049193799998 -36.003453532,-7.38071108399993 -36.0034643819999,-7.38080771999995 -36.0035406449999,-7.38099848299993 -36.0036836629999,-7.38120542799993 -36.003776924,-7.38144597399997 -36.003852794,-7.38157852499995 -36.0038784029999,-7.38166983199994 -36.003862753,-7.38181963199997 -36.003996318,-7.38186031399994 -36.0041470479999,-7.38197572799993 -36.004306334,-7.38212434999997 -36.004357495,-7.38229864799996 -36.0042420509999,-7.38247406799996 -36.004100437,-7.38247502199994 -36.003934225,-7.38253435499996 -36.003851148,-7.38256817899997 -36.003768351,-7.38264358299995 -36.003386114,-7.38278753399993 -36.003237068,-7.38292159799994 -36.0029473619999,-7.38319798699996 -36.002623436,-7.38334154399996 -36.00237437,-7.38346796499997 -36.0021838399999,-7.38362725699994 -36.0020070589999,-7.38381327499997 -36.002799588,-7.38472976199995 -36.004134042,-7.38606421599997 -36.0049832409999,-7.38582158799994 -36.0052663069999,-7.38517457999995 -36.005468497,-7.38472976199995 -36.006439009,-7.38424450599996 -36.0069647029999,-7.38363793599996 -36.007449959,-7.38278873799993 -36.0080160909999,-7.38250567099993 -36.008743975,-7.38307180399994 -36.009079374,-7.38350036799994 -36.00947186,-7.38400187799994 -36.010037992,-7.38529589399997 -36.0104423719999,-7.38614509199994 -36.010806314,-7.38667078599997 -36.012019454,-7.38695385199998 -36.0129090899999,-7.38711560399997 -36.013636974,-7.38663034799993 -36.013650712,-7.38657539999997 -36.0137987259999,-7.38598333999994 -36.014041355,-7.38489151399995 -36.0139604789999,-7.38388056399998 -36.0142435449999,-7.38291005199994 -36.015052305,-7.38266742299993 -36.015861065,-7.38210129099997 -36.015739751,-7.38153515899995 -36.015375809,-7.38100946499998 -36.015294933,-7.38036245699993 -36.015416247,-7.37955369699995 -36.0160632549999,-7.37963457299998 -36.0167102629999,-7.37987720099994 -36.0168024279999,-7.37998612299998 -36.0171550809999,-7.38040289499997 -36.0174785849999,-7.38109034099995 -36.018044717,-7.38169691099995 -36.0186253219999,-7.38165820399996 -36.0186512879999,-7.38165647299996 -36.019379172,-7.38125209299994 -36.02022837,-7.38048377099994 -36.020470998,-7.37979632499997 -36.020867977,-7.37928025199994 -36.0212797579999,-7.37874493699996 -36.0220480799999,-7.37801705199996 -36.0229377159999,-7.37696566399995 -36.0236656009999,-7.37603558999996 -36.0244339229999,-7.37534814399993 -36.0253639969999,-7.37466069799996 -36.026253633,-7.37421587999995 -36.0267793269999,-7.37373062399996 -36.0275072109999,-7.37312405299997 -36.028032906,-7.37247704499993 -36.028639476,-7.37162784699996 -36.02936736,-7.37138521899993 -36.0300952439999,-7.37122346699994 -36.030904004,-7.37110215299998 -36.0317532019999,-7.37065733499998 -36.0326024,-7.36988901299998 -36.033087657,-7.36940375699993 -36.033855979,-7.36887806299995 -36.035352185,-7.36851411999993 -36.0363226969999,-7.36839280599997 -36.037171895,-7.36823105399998 -36.0380210939999,-7.36790754999993 -36.0383041599999,-7.36726054199994 -36.038452793,-7.36633834599996 -36.123861533,-7.36191288699996 -36.117984292,-7.30233862799997 -36.115846338,-7.28067488699998 -36.1149181329999,-7.27125871199996 -36.114837592,-7.27053654299993 -36.11471424,-7.27001229499996 -36.1144058579999,-7.26927217999997 -36.114128315,-7.26847038899996 -36.114004963,-7.26797697799998 -36.113974125,-7.26736021599993 -36.114128315,-7.26649674799995 -36.1142825059999,-7.26535573699994 -36.114344182,-7.26452310799993 -36.1145292109999,-7.26372131599993 -36.1147450779999,-7.26304287699998 -36.114930107,-7.26242611499993 -36.1152384879999,-7.26199438099997 -36.115289022,-7.26194721499996 -36.1157010599999,-7.26156264699995 -36.115639384,-7.26113091299993 -36.115392679,-7.26088420799994 -36.1149917829999,-7.26060666499995 -36.1145854449999,-7.26053047599993 -36.1144983729999,-7.26051414999995 -36.1142825059999,-7.26039079799995 -36.114235008,-7.26005830999998 -36.11422083,-7.25995906399993 -36.114051144,-7.25981058899993 -36.113974125,-7.25974319699998 -36.113634905,-7.25924978699993 -36.1135732289999,-7.25813961399996 -36.113634905,-7.25678273599993 -36.113758258,-7.25635100299996 -36.114288148,-7.25616661599997 -36.1143125749999,-7.25608496499996 -36.1143125749999,-7.25595763399997 -36.1143125749999,-7.25583583999997 -36.114301503,-7.25568636599996 -36.11426275,-7.25541509699997 -36.114240606,-7.25527669499996 -36.1141907809999,-7.25512722099995 -36.1141075529999,-7.25499029799994 -36.114019162,-7.25484487999995 -36.1139195119999,-7.25476183899997 -36.113725749,-7.25473415799996 -36.113592883,-7.25476183899997 -36.113437872,-7.25490577699998 -36.11329947,-7.25508293199994 -36.1131167789999,-7.25530437599997 -36.113006057,-7.25547045799993 -36.1128565829999,-7.25560332499998 -36.1127237159999,-7.25571958299997 -36.112358334,-7.25587459299993 -36.1121811789999,-7.25594102599996 -36.111832406,-7.25599085099998 -36.1114891679999,-7.25604621199994 -36.1112289719999,-7.25611818099998 -36.1109577029999,-7.25616800599994 -36.1106808979999,-7.25626211999997 -36.11061868,-7.25627318099993 -36.1104317739999,-7.25630640799994 -36.110243547,-7.25633408899995 -36.110116217,-7.25630087199994 -36.1100054949999,-7.25617907799995 -36.109950134,-7.25603513999994 -36.109939062,-7.25588012899993 -36.109961206,-7.25576940699995 -36.110049784,-7.25565868599995 -36.110326589,-7.25540402499996 -36.110470527,-7.25519365399998 -36.1105480319999,-7.25491684899993 -36.110481599,-7.25470647799995 -36.1104262379999,-7.25438538399993 -36.110226939,-7.25395356899998 -36.110105145,-7.25369890899998 -36.1098615569999,-7.25345532099993 -36.109793177,-7.25337668399993 -36.109640113,-7.25320066099994 -36.109389682,-7.25303590299995 -36.1092193699999,-7.25292385599994 -36.1089536379999,-7.25275777299993 -36.1086657609999,-7.25258061799997 -36.108322523,-7.25235917399993 -36.108211801,-7.25218201999996 -36.10815644,-7.25201040099995 -36.108173049,-7.25184985399994 -36.108278234,-7.25157304899994 -36.1083723479999,-7.25134606999995 -36.108427709,-7.25111908999997 -36.108593792,-7.25085889299993 -36.108748802,-7.25062084199993 -36.108848452,-7.25039939799996 -36.1089093489999,-7.25025545899996 -36.108997926,-7.25007276799994 -36.109025607,-7.24992329399993 -36.109103112,-7.24966309799993 -36.1092027619999,-7.24935307599998 -36.109235978,-7.24921467399997 -36.109274731,-7.24908734399997 -36.1093466999999,-7.24893233299997 -36.109435278,-7.24882161199997 -36.109562608,-7.24877732299996 -36.109678866,-7.24866106499996 -36.109689938,-7.24852819899996 -36.109557072,-7.24840640499997 -36.1093522359999,-7.24829014699998 -36.10909204,-7.24822371399995 -36.1089370289999,-7.24817942499993 -36.108842916,-7.24801887799993 -36.1087986269999,-7.24786940399997 -36.10871005,-7.24770885699996 -36.1086436159999,-7.24741544399996 -36.108566111,-7.24722168099993 -36.1085384309999,-7.24700023699995 -36.108488606,-7.24678986599997 -36.1083944919999,-7.24654074099993 -36.108305915,-7.24639680299993 -36.108195193,-7.24622518399997 -36.108018038,-7.24607017399995 -36.1078685639999,-7.24597605999998 -36.107669264,-7.24586533799993 -36.107481037,-7.24576568899994 -36.1072928099999,-7.24573247199993 -36.1071654799999,-7.24577122499994 -36.1070104689999,-7.24592069899995 -36.106872067,-7.24613107099998 -36.106800098,-7.24625840099998 -36.1066229429999,-7.24629161699994 -36.1064900769999,-7.24623071999997 -36.106445788,-7.24611999799993 -36.106451324,-7.24595945199997 -36.1065066849999,-7.24579336899995 -36.106545437,-7.24569371899997 -36.10658419,-7.24559960599993 -36.106589726,-7.24549441999994 -36.106578654,-7.24540584299996 -36.106528829,-7.24527851199997 -36.1064900769999,-7.24515671799998 -36.106412571,-7.24498509999995 -36.1063572099999,-7.24486884199996 -36.1062354159999,-7.24476919199998 -36.106185591,-7.24464739799993 -36.106052725,-7.24443702599996 -36.105897715,-7.24425433499994 -36.105726096,-7.24418790199996 -36.10562091,-7.24416022199995 -36.1055323329999,-7.24407717999998 -36.105510188,-7.24396092199993 -36.105454827,-7.24382805599993 -36.1053053529999,-7.24362875699995 -36.1051558779999,-7.24349589099995 -36.105067301,-7.24339070499997 -36.1050008679999,-7.24327444699998 -36.1050174759999,-7.24316372499993 -36.105183559,-7.24298103399997 -36.1054326829999,-7.24281495099996 -36.105615374,-7.24269869299997 -36.105792529,-7.24257136299997 -36.1059641479999,-7.24245510499998 -36.1060970139999,-7.24231116699997 -36.1062077359999,-7.24216722899996 -36.106296313,-7.24200114599995 -36.1063350659999,-7.24185167099995 -36.1063793549999,-7.24166344399993 -36.106390427,-7.24139771199998 -36.1063738189999,-7.24114305099994 -36.1063350659999,-7.24085517499998 -36.106279705,-7.24076659699995 -36.1062022,-7.24058390599993 -36.1062077359999,-7.24046764799994 -36.106196664,-7.24027942099997 -36.106185591,-7.24012994699996 -36.106157911,-7.23997493599995 -36.106146839,-7.23981438899995 -36.106146839,-7.23967045099994 -36.106163447,-7.23950990399993 -36.106185591,-7.23930506899995 -36.106152375,-7.23913898599994 -36.106119158,-7.23901165599995 -36.106019509,-7.23884003699993 -36.105792529,-7.23864073799996 -36.105648591,-7.23843590199994 -36.105454827,-7.23819784999995 -36.1052776719999,-7.23804283999993 -36.1051392699999,-7.23795979799996 -36.104945507,-7.23784353999997 -36.1048458569999,-7.23774389099998 -36.10468531,-7.23762763299993 -36.1045856609999,-7.23748369399993 -36.1044860109999,-7.23741726099996 -36.1043199279999,-7.23739511699995 -36.1042258149999,-7.23736743699993 -36.104142773,-7.23726778699995 -36.103993299,-7.23719028199997 -36.1036611329999,-7.23707955999993 -36.103489515,-7.23699098199995 -36.103428617,-7.23684704399994 -36.103363771,-7.23666776299996 -36.103334504,-7.23658684699996 -36.103196102,-7.23641522899993 -36.103030019,-7.23613842399993 -36.102924833,-7.23595573299997 -36.102880544,-7.23581179499996 -36.1028654949999,-7.23579975499996 -36.102742142,-7.23570107299997 -36.1025760589999,-7.23566231999996 -36.102387832,-7.23569553699997 -36.102266038,-7.23572321699993 -36.102127636,-7.23567892799997 -36.102077811,-7.23560695899994 -36.102094419,-7.23550730899996 -36.102127636,-7.23541873199997 -36.1020556669999,-7.23533015499993 -36.102000306,-7.23525818499996 -36.1018674389999,-7.23515299999997 -36.101845295,-7.23500352499997 -36.101839759,-7.23487065899997 -36.101856367,-7.23478761699994 -36.1019117279999,-7.23468243199994 -36.101928336,-7.23458831799996 -36.101978161,-7.23452742099994 -36.102094419,-7.23448866899997 -36.1021553159999,-7.23448866899997 -36.1022771099999,-7.23451081299993 -36.102393368,-7.23449420499998 -36.10250409,-7.23430597699996 -36.102548379,-7.23402917299995 -36.1025815949999,-7.23375236799995 -36.102648028,-7.23361950199995 -36.1027144619999,-7.23349770799996 -36.10275875,-7.23328733599993 -36.102747678,-7.23313232599997 -36.102625884,-7.23295517099996 -36.1027144619999,-7.23281123299995 -36.1028362559999,-7.23261193299993 -36.103035555,-7.23256764399997 -36.1032569989999,-7.23251228399994 -36.10346737,-7.23249013899994 -36.1036334529999,-7.23258978899997 -36.103721675,-7.23259959099994 -36.1039324019999,-7.23262300499994 -36.104109557,-7.23256764399997 -36.104286712,-7.23241263399996 -36.1043420729999,-7.23222440699993 -36.104333465,-7.23198339399994 -36.1043310009999,-7.23191438599997 -36.104264567,-7.23170401399994 -36.1041981339999,-7.23148256999997 -36.104164918,-7.23127219899993 -36.104020979,-7.23109504399997 -36.103987763,-7.23085145599993 -36.1039434739999,-7.23059679599993 -36.103910258,-7.23039749599997 -36.103877041,-7.23019819699994 -36.1038106079999,-7.23009854699995 -36.103456298,-7.23014283599997 -36.103345576,-7.23002104199998 -36.103290215,-7.22973316499997 -36.1032680709999,-7.22953386599994 -36.103207174,-7.22930134999996 -36.1031185959999,-7.22907990599998 -36.103146277,-7.22893043199997 -36.103190566,-7.22881970999993 -36.1031296689999,-7.22879202999997 -36.103018947,-7.22873666899994 -36.1028417919999,-7.22881970999993 -36.1026812449999,-7.22895257599993 -36.102587131,-7.22903008099996 -36.1024210489999,-7.22903008099996 -36.102343543,-7.22894703999998 -36.1023047909999,-7.22877542099997 -36.10224943,-7.22839343099997 -36.102210677,-7.22805572899995 -36.102216213,-7.22782321299997 -36.102221749,-7.22751319199995 -36.102105491,-7.22733603699993 -36.1021442439999,-7.22715334599997 -36.1022826459999,-7.22695404699994 -36.102254966,-7.22668831399994 -36.102232822,-7.22636168499997 -36.102133172,-7.22587450899994 -36.102111028,-7.22570288999998 -36.102238358,-7.22552019899996 -36.102415513,-7.22544822999993 -36.102609276,-7.22537072399996 -36.1026923169999,-7.22523785799996 -36.102648028,-7.22510499199996 -36.10247641,-7.22492230099994 -36.102338007,-7.22470085699996 -36.102199605,-7.22459013499997 -36.1021221,-7.22457352699996 -36.1020445939999,-7.22451816599994 -36.102005842,-7.22439637199994 -36.1020279859999,-7.22427457799995 -36.102210677,-7.22394241299997 -36.102398904,-7.22371543299994 -36.102481946,-7.22351059699997 -36.102481946,-7.22328361799993 -36.102493018,-7.22312307099997 -36.10250409,-7.22291823599994 -36.1024708739999,-7.22272447199992 -36.10247641,-7.22253624499996 -36.102493018,-7.22233694599993 -36.1025705229999,-7.22216532699997 -36.102609276,-7.22202138899996 -36.10263142,-7.22191066699997 -36.102614812,-7.22181655299994 -36.1026978529999,-7.22176672799998 -36.102808575,-7.22165600699998 -36.102786431,-7.22148992399997 -36.1027089249999,-7.22132384099996 -36.102675709,-7.22108025299997 -36.1027199979999,-7.22098060299993 -36.102815441,-7.22082550699997 -36.102897153,-7.22069272599998 -36.1028639359999,-7.22055985999998 -36.102697322,-7.22039991099996 -36.102587131,-7.22029412799998 -36.1021774609999,-7.22036056099995 -36.101933873,-7.22053771599997 -36.101546346,-7.22071487099993 -36.1010923869999,-7.22073701499994 -36.100616283,-7.22061522099995 -36.100428055,-7.22036056099995 -36.100483416,-7.22018340599993 -36.1006494989999,-7.21996196199996 -36.1006494989999,-7.21979587999994 -36.100516633,-7.21971837399997 -36.100217684,-7.21961872499998 -36.1000073119999,-7.21957443599996 -36.099918735,-7.21939728099994 -36.099940879,-7.21915369299995 -36.099918735,-7.21899868199995 -36.099664075,-7.21885474399994 -36.0994758479999,-7.21876616599997 -36.09928762,-7.21862222799996 -36.0990772489999,-7.21855579499993 -36.0987782999999,-7.21856686699994 -36.098567928,-7.21882152699993 -36.0983797009999,-7.21909833199993 -36.098014319,-7.21917583699997 -36.0978260919999,-7.21903189899996 -36.097925742,-7.21881045499993 -36.09806968,-7.21845614499995 -36.098136113,-7.21822362899997 -36.098202546,-7.21800218599998 -36.098224691,-7.21782503099996 -36.098268979,-7.21764787599994 -36.0982579069999,-7.21752608199995 -36.098047536,-7.21753715399996 -36.09791467,-7.21743750399997 -36.097903597,-7.21731570999998 -36.097770731,-7.21723820499994 -36.097682154,-7.21711641099995 -36.0973167719999,-7.21676210099997 -36.0974385659999,-7.21659601799996 -36.098003247,-7.21648529599997 -36.0985236399999,-7.21616420299995 -36.0985014949999,-7.21557737699993 -36.098136113,-7.21511234499997 -36.0977153699999,-7.21457534399997 -36.0974441019999,-7.21430961199997 -36.0971506889999,-7.21423210699993 -36.096846204,-7.21420442599998 -36.096663513,-7.21408816799993 -36.096691193,-7.21396083799993 -36.09672441,-7.21373939499995 -36.096646904,-7.21357331199994 -36.096602616,-7.21331865199994 -36.096646904,-7.21320792999995 -36.0966247599999,-7.21311935199998 -36.096669049,-7.21302523899993 -36.09672441,-7.21296987799997 -36.0967410179999,-7.21288129999994 -36.096669049,-7.21274289799993 -36.0966081519999,-7.21260449599993 -36.096547255,-7.21251038199995 -36.0964697489999,-7.21233322699993 -36.0964642129999,-7.21225018599995 -36.0964752859999,-7.21209517499994 -36.096425461,-7.21200106199996 -36.0963534919999,-7.21196230899994 -36.096148656,-7.21196784499995 -36.0959327489999,-7.21195677299994 -36.095849707,-7.21190141199997 -36.0957998819999,-7.21180729799994 -36.0957888099999,-7.21172979299996 -36.095838635,-7.21164675199998 -36.0958330989999,-7.21154156599994 -36.095744521,-7.21149727699998 -36.095617191,-7.21144191599996 -36.095478789,-7.21129244199994 -36.0953846749999,-7.21115403899995 -36.095240737,-7.21102117299995 -36.0951410869999,-7.21100456499994 -36.0949694679999,-7.21091045099996 -36.0948366019999,-7.21083848199993 -36.094670519,-7.21064471899996 -36.094410323,-7.21042881099993 -36.094255313,-7.21035684199995 -36.0940670849999,-7.21029594499993 -36.0939342189999,-7.21024611999997 -36.093867786,-7.21010218199996 -36.093867786,-7.20987520199998 -36.0939120749999,-7.20965375799994 -36.093945291,-7.20955410899995 -36.093901003,-7.20947106699998 -36.0939120749999,-7.20938248999994 -36.093978508,-7.20924408799993 -36.0940560129999,-7.20913890199995 -36.094105838,-7.20910568499994 -36.0941999519999,-7.20902264399996 -36.094366034,-7.20883441699993 -36.094487828,-7.20877905599997 -36.094637303,-7.20876798399996 -36.0947037359999,-7.20867940599993 -36.0947258799999,-7.20856314799994 -36.0947092719999,-7.20844135399994 -36.094692664,-7.20830295199994 -36.094565334,-7.20807597199996 -36.094388179,-7.20790435299995 -36.094238704,-7.20781023999996 -36.0940504769999,-7.20781023999996 -36.093873322,-7.20783791999997 -36.0937570639999,-7.20776595099994 -36.0935134759999,-7.20763308499994 -36.093413826,-7.20752789899996 -36.0933750739999,-7.20740610499996 -36.093397218,-7.20730091899998 -36.09348026,-7.20716805299998 -36.0935356209999,-7.20707947499994 -36.093546693,-7.20701857799997 -36.093568837,-7.20689124799998 -36.0936241979999,-7.20675284599997 -36.093679559,-7.20650372199998 -36.093685095,-7.20641514399995 -36.0937681359999,-7.20618262899995 -36.0938843939999,-7.20607190699997 -36.093967436,-7.20596118499998 -36.093978508,-7.20585599899994 -36.093956364,-7.20561241099995 -36.093995116,-7.20545186399994 -36.094022797,-7.20529685399993 -36.0940504769999,-7.20517505999993 -36.0940754109999,-7.20511895999994 -36.094094766,-7.20507540999995 -36.094122446,-7.20498129599997 -36.094111374,-7.20485396599997 -36.094077327,-7.20479608699998 -36.0940560129999,-7.20475985299993 -36.093972972,-7.20467127499995 -36.0937792089999,-7.20449411999994 -36.0936352699999,-7.20437232599994 -36.0935024039999,-7.20426160399995 -36.093292032,-7.20411766599995 -36.0931038049999,-7.20399587199995 -36.092993083,-7.20386300599995 -36.0929764749999,-7.20365816999993 -36.0929764749999,-7.20353637599993 -36.0929764749999,-7.20324849999997 -36.0931204139999,-7.20307134499996 -36.0931234949999,-7.20299122599994 -36.0931259499999,-7.20292740599996 -36.093070589,-7.20283329299997 -36.092924954,-7.20283936099997 -36.0928048559999,-7.20284436499998 -36.092605557,-7.20296615899997 -36.092378577,-7.20307134499996 -36.092218031,-7.20309348899997 -36.092129453,-7.20309348899997 -36.0920464119999,-7.20303259199994 -36.0919190819999,-7.20296062299997 -36.0917640709999,-7.20297723099998 -36.091647813,-7.20293847799996 -36.091537091,-7.20283882899997 -36.091426369,-7.20258416899998 -36.0913599359999,-7.20240701399996 -36.091265823,-7.20227414699997 -36.0912215339999,-7.20213574499996 -36.0911938529999,-7.20199180699996 -36.091149565,-7.20172053799996 -36.091116348,-7.20159320799996 -36.090994554,-7.20153784699994 -36.09084508,-7.20153231099994 -36.0906900689999,-7.20149909399993 -36.090629172,-7.20130533099996 -36.090623636,-7.20101745399995 -36.0906402439999,-7.20077940199997 -36.0906513159999,-7.20072957799994 -36.090623636,-7.20045277299994 -36.090601492,-7.20021472099995 -36.090573811,-7.20007631899995 -36.0905461309999,-7.19997113299996 -36.090568275,-7.19989362799993 -36.090623636,-7.19981058599996 -36.090612564,-7.19967771999995 -36.0906679249999,-7.19956699799997 -36.090723286,-7.19954485399995 -36.090900441,-7.19945627599998 -36.091044379,-7.19929019399996 -36.0912104619999,-7.19934555499998 -36.091321184,-7.19925697699995 -36.0915979879999,-7.19915732699997 -36.091697638,-7.19898017199995 -36.091797288,-7.19870336799994 -36.0917751429999,-7.19847085199996 -36.091719782,-7.19829369699994 -36.091697638,-7.19807225299996 -36.091841576,-7.19789509799995 -36.091996587,-7.19779544899995 -36.092025517,-7.19766555899997 -36.092146564,-7.19578983499997 -36.094829122,-7.15422110699996 -36.094825058,-7.15422223899998 -36.094254264,-7.15447503899998 -36.0937757209999,-7.15466341499996 -36.0921874279999,-7.15522956899997 -36.0909041589999,-7.15575010399994 -36.089577047,-7.15623825499995 -36.0895680259999,-7.15624190699998 -36.0878261239999,-7.15694708399997 -36.08659685,-7.15739100499997 -36.084530415,-7.15821085999994 -36.0832459499999,-7.15855711899997 -36.081612901,-7.15896016999994 -36.079937909,-7.15947046499997 -36.0787616019999,-7.15982883299995 -36.0770851409999,-7.16044489699993 -36.074116561,-7.16153726399995 -36.072615286,-7.16208100399996 -36.0719194989999,-7.16240151999995 -36.070582663,-7.16307486099993 -36.0690833429999,-7.16391266299996 -36.067333715,-7.16482837799998 -36.065083327,-7.16587813399997 -36.0636792879999,-7.16629050299997 -36.0626992269999,-7.16650398499996 -36.061925194,-7.16654182099995 -36.061009541,-7.16660238299994 -36.0601803279999,-7.16654255499998 -36.058827311,-7.16643175299993 -36.0566771389999,-7.16616286899995 -36.05532383,-7.16600848899998 -36.0540248999999,-7.16583195999993 -36.051929394,-7.16558447299997 -36.049757262,-7.16529391499995 -36.047978362,-7.16509876699996 -36.047029621,-7.16510505899993 -36.046883098,-7.16511858199993 -36.046266701,-7.16517547099994 -36.0456574629999,-7.16539735299995 -36.044645967,-7.16580706799994 -36.0437220699999,-7.16627066199993 -36.0424833669999,-7.16695418399996 -36.0419403509999,-7.16729543899993 -36.039367743,-7.16910968899998 -36.0364257749999,-7.17114422099996 -36.0343195949999,-7.17258503599993 -36.032388238,-7.17389439099998 -36.032391166,-7.17379204199995 -36.0323333549999,-7.17362257099995 -36.0322377849999,-7.17345806699996 -36.032156824,-7.17335952099995 -36.031934524,-7.17331852599995 -36.031834605,-7.17321066899996 -36.03180057,-7.17306463199998 -36.031780644,-7.17290906499994 -36.031741917,-7.17276777599994 -36.031659831,-7.17249938399993 -36.0315824699999,-7.17223096099997 -36.0315907309999,-7.17205161799995 -36.0316131009999,-7.17186274399995 -36.03163469,-7.17155592299997 -36.03167508,-7.17123482199997 -36.031659191,-7.17097542999994 -36.031627444,-7.17046136199997 -36.031700464,-7.17007399199997 -36.031620575,-7.16942341699996 -36.031695906,-7.16938517399996 -36.031494573,-7.16894299799998 -36.031407859,-7.16868879099997 -36.0313974749999,-7.16854731499996 -36.031545826,-7.16812170299994 -36.031677654,-7.16805477899993 -36.0319408739999,-7.16785487999994 -36.032061943,-7.16758986499997 -36.032230125,-7.16730566699994 -36.0323419339999,-7.16706902199996 -36.0323785369999,-7.16688949099995 -36.032188401,-7.16671145699996 -36.032158092,-7.16641441399997 -36.032174896,-7.16609818799998 -36.032258675,-7.16590890899994 -36.032229432,-7.16575862799994 -36.031778925,-7.16551103299997 -36.0317314669999,-7.16550105699997 -36.031670123,-7.16548816099993 -36.031537578,-7.16544657199995 -36.0314097249999,-7.16540023399995 -36.0312915069999,-7.16538214099995 -36.0310507529999,-7.16540731999993 -36.030862053,-7.16544630999994 -36.030659057,-7.16546652099993 -36.0304937889999,-7.16547704799996 -36.030330353,-7.16545037099996 -36.0302715239999,-7.16544076799994 -36.030186122,-7.16538471399997 -36.030170267,-7.16513003899996 -36.0300182029999,-7.16499421499998 -36.029625384,-7.16488356899993 -36.029361136,-7.16492777499997 -36.029191705,-7.16502325499994 -36.029159449,-7.16514613899994 -36.02909419,-7.16527867799994 -36.029052736,-7.16543936799997 -36.0288685099999,-7.16544058299996 -36.02862247,-7.16538086799994 -36.028466088,-7.16530640899992 -36.0283334179999,-7.16524594699996 -36.0280115799999,-7.16515370499997 -36.02777968,-7.16508917899995 -36.0275910729999,-7.16514232099996 -36.0275588169999,-7.16526520599996 -36.0274459149999,-7.16533672199995 -36.0272654469999,-7.16519164799996 -36.0270290719999,-7.16516489599996 -36.026868371,-7.16515179999993 -36.0267927909999,-7.16515229799995 -36.0264949149999,-7.16511179699995 -36.026338719,-7.16506564399998 -36.026116547,-7.16504351599997 -36.025974741,-7.16503029499995 -36.0258241729999,-7.16512093199998 -36.02581513,-7.16518232799996 -36.0258820729999,-7.16530455899994 -36.025934532,-7.16537970399997 -36.025940689,-7.16559669999998 -36.025870798,-7.16574342299998 -36.0258432649999,-7.16586627699996 -36.025706961,-7.16597097399995 -36.025542969,-7.16617493499996 -36.025352186,-7.16637374499993 -36.02530408,-7.16645996399996 -36.0252141999999,-7.16659438099992 -36.025050075,-7.16661272999994 -36.0248423589999,-7.16657524499993 -36.0247169039999,-7.16655880299993 -36.024570039,-7.16657272099997 -36.024479845,-7.16665965299995 -36.0242725849999,-7.16669123699995 -36.0242294779999,-7.16670878799994 -36.0241773559999,-7.16667027899996 -36.0240020699999,-7.16667143199993 -36.023926675,-7.16667192899996 -36.0237920119999,-7.16671774799994 -36.023745547,-7.16673355799998 -36.0235816489999,-7.16678643999995 -36.02318453,-7.16686675899996 -36.02303337,-7.16688502199997 -36.022976614,-7.16679905599995 -36.022716434,-7.16667125899994 -36.022569625,-7.16669380999997 -36.022423187,-7.16677247899997 -36.0222675059999,-7.16676055199997 -36.022141824,-7.16670957499997 -36.022024729,-7.16664990799995 -36.021903198,-7.16657300199995 -36.021768615,-7.16648323099997 -36.0217026139999,-7.16644987599994 -36.02161683,-7.16640652399997 -36.0214268,-7.16642935799996 -36.0213195439999,-7.16655093899993 -36.0212252549999,-7.16667243399996 -36.0212115309999,-7.16671566499997 -36.0211744429999,-7.16683249599993 -36.021032298,-7.16690681899996 -36.020887917,-7.16689081599998 -36.0207381669999,-7.16687421699993 -36.020627197,-7.16690911999996 -36.020569947,-7.16692712699995 -36.0205096079999,-7.16695342599996 -36.0202327659999,-7.16692070999994 -36.0201501339999,-7.16684354799997 -36.020037518,-7.16672989799997 -36.0199673819999,-7.16665911899997 -36.0197666879999,-7.16637551799994 -36.019708823,-7.16612119699994 -36.019754973,-7.16590936199998 -36.0197099599999,-7.16563768899994 -36.0195968749999,-7.16553050699997 -36.019371728,-7.16547154899996 -36.019242065,-7.16547240099993 -36.0191298039999,-7.16549040699994 -36.0189489589999,-7.16559520199996 -36.0188544979999,-7.16569079699997 -36.01876399,-7.16573024399997 -36.0186166409999,-7.16567077399998 -36.0184652249999,-7.16565018399996 -36.01838265,-7.16558165499993 -36.0181746499999,-7.16550099899996 -36.0180186279999,-7.16543726899994 -36.017974895,-7.16535984999996 -36.017853422,-7.16529157699995 -36.01773718,-7.16536141199998 -36.017677012,-7.16541361099996 -36.017521416,-7.16541463199997 -36.017366019,-7.16544587199996 -36.017214746,-7.16544686499998 -36.017098134,-7.16546058199998 -36.0168516329999,-7.16544061499997 -36.016687421,-7.16544600999993 -36.016609936,-7.16549400599996 -36.016549767,-7.16554620499994 -36.016515673,-7.16561981699994 -36.016425222,-7.16566789799998 -36.016373072,-7.16562506999998 -36.016351405,-7.16561657899996 -36.0162986879999,-7.16548741499997 -36.016220151,-7.16537568899997 -36.016038793,-7.16540278099995 -36.015939811,-7.16546818599994 -36.015754557,-7.16556005899997 -36.0155828649999,-7.16574249899998 -36.0153794989999,-7.16570929799997 -36.0152666129999,-7.16563233299996 -36.0152750579999,-7.16560205799993 -36.0152008439999,-7.16549030399995 -36.015122365,-7.16538721099994 -36.015061287,-7.16530127199997 -36.014948515,-7.16524157399994 -36.014862073,-7.16524214099996 -36.014805914,-7.16524682599993 -36.014775858,-7.16527724199995 -36.0146419009999,-7.16528243799996 -36.014525062,-7.16526161999997 -36.0144693569999,-7.16533537399994 -36.014465688,-7.16543468899994 -36.0144272429999,-7.16550401299997 -36.014397414,-7.16556896399993 -36.014311199,-7.16560406499997 -36.0141727499999,-7.16558338899995 -36.014029949,-7.16555842299994 -36.013865255,-7.16549043199996 -36.013839038,-7.16544743399993 -36.013743328,-7.16535308799996 -36.0136786379999,-7.16537509699998 -36.0136053599999,-7.16540579599996 -36.013518748,-7.16538046199997 -36.013423292,-7.16532496699995 -36.013336652,-7.16529531699996 -36.0132023539999,-7.16524870999996 -36.013176081,-7.16519707899994 -36.013098027,-7.16515873699996 -36.013058816,-7.16511150799994 -36.012972572,-7.16514229199993 -36.012933985,-7.16519003199994 -36.0128307369999,-7.16526409799997 -36.0127704829999,-7.16530334599997 -36.012670875,-7.16527377999995 -36.012635674,-7.16517903699997 -36.012583185,-7.16508440699994 -36.0124921079999,-7.16503751699997 -36.0123452129999,-7.16504711399995 -36.012159816,-7.16511740099997 -36.01193029,-7.16504983399994 -36.0118437909999,-7.16504176699993 -36.0117485059999,-7.16501217199993 -36.0116705089999,-7.16498246399993 -36.0115062689999,-7.16498354099997 -36.011329175,-7.16500196899995 -36.011230305,-7.16508463999998 -36.011126858,-7.16512848799994 -36.010984483,-7.16516827399994 -36.01078174,-7.16523004099997 -36.0106131489999,-7.16522682799996 -36.010579115,-7.16524147299998 -36.010501086,-7.16527504999993 -36.010280601,-7.16526785999997 -36.010124607,-7.16520844399997 -36.010058272,-7.16518830699994 -36.0099297149999,-7.16514928199996 -36.0099262319999,-7.16517482899997 -36.009925591,-7.16517952899994 -36.009917334,-7.16517392099996 -36.0097996819999,-7.16509401299993 -36.0096521909999,-7.16501295599994 -36.0095907749999,-7.16487521399995 -36.0095210819999,-7.16479364699995 -36.009339751,-7.16482505299996 -36.0092535919999,-7.16486878799998 -36.009111671,-7.16497764199994 -36.0090343539999,-7.16505153799994 -36.008976123,-7.16507784499993 -36.008917996,-7.16510410399997 -36.00882308,-7.16513062799993 -36.0086416349999,-7.16514476699996 -36.008507451,-7.16511542599994 -36.008399142,-7.16507728199997 -36.0083382359999,-7.16501724299997 -36.0083324079999,-7.16501213599997 -36.0082599839999,-7.16494868299998 -36.008120968,-7.16484166699996 -36.007990454,-7.16471301099995 -36.007734457,-7.16456359099993 -36.0074399009999,-7.16446622699993 -36.007071954,-7.16438229399995 -36.0068211569999,-7.16436666699997 -36.006773585,-7.16436266099993 -36.0067091779999,-7.16442783799994 -36.006688303,-7.16454021699997 -36.006490334,-7.16467102299993 -36.0063348219999,-7.16468499199993 -36.0062611189999,-7.16465093799997 -36.0062388859999,-7.16455610899993 -36.0062080929999,-7.16447428599997 -36.006073796,-7.16442767799998 -36.0058442979999,-7.16436442299994 -36.0057447189999,-7.16433917199993 -36.005670988,-7.16430080099997 -36.005614602,-7.16427095099993 -36.005475954,-7.16422005299995 -36.0053720249999,-7.16419051399993 -36.0052551009999,-7.16415674199993 -36.0050735139999,-7.16414929599995 -36.0048446389999,-7.16418101099993 -36.0047672649999,-7.16424627299995 -36.004607629,-7.16429048699996 -36.0043657589999,-7.16431796999996 -36.0042144559999,-7.16431464199997 -36.004183946,-7.16427598799993 -36.0040888309999,-7.16427229299995 -36.0040340419999,-7.16428482999993 -36.003972302,-7.16429895699997 -36.0038599329999,-7.16424804499997 -36.003841875,-7.16418324899996 -36.003732859,-7.16403718299995 -36.003680343,-7.16393823399994 -36.003515536,-7.16385296999994 -36.003377369,-7.16387545899994 -36.003277988,-7.16388042499995 -36.00320019,-7.16388093299997 -36.003131007,-7.16387706799998 -36.0030444229999,-7.16385604899995 -36.0029623299999,-7.16386090199995 -36.0028375539999,-7.16394805799996 -36.0028077969999,-7.16402635299994 -36.002786565,-7.16408221999995 -36.0027183719999,-7.16422944499993 -36.002671111,-7.16427292399993 -36.0026105439999,-7.16426468599997 -36.002597351,-7.16423023499993 -36.002562209,-7.16414412399996 -36.002531501,-7.16407525199998 -36.002500653,-7.16398479599997 -36.002480808,-7.16395742799995 -36.002435227,-7.16389456499996 -36.002374349,-7.16383884199996 -36.00224847,-7.16375763999997 -36.0021231279999,-7.16375845899995 -36.002058324,-7.16376319899996 -36.0019975599999,-7.16372474299993 -36.0019234609999,-7.16363025199996 -36.001789107,-7.16357500799995 -36.0015293549999,-7.16351194799995 -36.0013090099999,-7.16352633799994 -36.001201183,-7.16356157899997 -36.001067507,-7.16360993899997 -36.001015669,-7.16361459499996 -36.0009934019999,-7.16364390099994 -36.000972815,-7.16367099599995 -36.000921204,-7.16371018699994 -36.0008563719999,-7.16371060999995 -36.000739476,-7.16368115399996 -36.0006269589999,-7.16366030299997 -36.000544696,-7.16363925499996 -36.0004364169999,-7.16360542499996 -36.0003628549999,-7.16359295399997 -36.000284887,-7.16356756099998 -36.000228502,-7.16353770999996 -36.0001836399999,-7.16348759299996 -36.000163189,-7.16346474599993 -36.00004587,-7.16337053699993 -35.999941743,-7.16331077799992 -35.999824847,-7.16328132099994 -35.99960422,-7.16325254199995 -35.999526223,-7.16322283199997 -35.999404582,-7.16312864999998 -35.999257262,-7.16307348999993 -35.999079517,-7.16299262599995 -35.998928185,-7.16298497899993 -35.998794199,-7.16298585299995 -35.998647161,-7.16297386099995 -35.9984265049999,-7.16294076399993 -35.998240568,-7.16292902599997 -35.998175454,-7.16288627999995 -35.9981403959999,-7.16281311899996 -35.998057993,-7.16277048499995 -35.9979672279999,-7.16277107699995 -35.9978594,-7.16280631699993 -35.9978073089999,-7.16277211999994 -35.9976125009999,-7.16272590299997 -35.997465548,-7.16272686099995 -35.99729704,-7.16273659399997 -35.9972104559999,-7.16271557399995 -35.9971455109999,-7.16269872899994 -35.9970284739999,-7.16264768699995 -35.9969895749999,-7.16264794099993 -35.996907623,-7.16267437699997 -35.99685183,-7.16273517999997 -35.996783438,-7.16285218699994 -35.996741288,-7.16301650999998 -35.996798492,-7.16317155099995 -35.9967994789999,-7.16332264199997 -35.996763147,-7.16371573099997 -35.996677212,-7.16379399899995 -35.9966605719999,-7.16389339999995 -35.9966396099999,-7.16399282899994 -35.996511271,-7.16419656799997 -35.9964036969999,-7.16427065899995 -35.996340614,-7.16433449299996 -35.996292054,-7.16438363099996 -35.996241147,-7.16453074299994 -35.996155578,-7.16466512999995 -35.996017776,-7.16474373499994 -35.995845228,-7.16479666499993 -35.9956936409999,-7.16475016499993 -35.9955111789999,-7.16460889199993 -35.995454539,-7.16454018799993 -35.99546276,-7.16447537799996 -35.9954494839999,-7.16442797699995 -35.995314509,-7.16427775899996 -35.9952795369999,-7.16421754799995 -35.9951278089999,-7.16414946399993 -35.995054163,-7.16412404199997 -35.994976477,-7.16414181599993 -35.9949465029999,-7.16418518199993 -35.9949296939999,-7.16425868199997 -35.9949003409999,-7.16439701899998 -35.994831271,-7.16441042099996 -35.994766749,-7.16445832899996 -35.994641518,-7.16447641299993 -35.9945809229999,-7.16446385699993 -35.994554567,-7.16439927299996 -35.994480075,-7.16424434299995 -35.9944102429999,-7.16414118899996 -35.9942631759999,-7.16412487899993 -35.994111985,-7.16413881499994 -35.993886667,-7.16405394099996 -35.9938300279999,-7.16398523699996 -35.993786496,-7.16393803299997 -35.993639147,-7.16387855299996 -35.993548043,-7.16382734199993 -35.99322761,-7.16373876999995 -35.993110911,-7.16373952999993 -35.9928510729999,-7.16366351499994 -35.992565161,-7.16356608399997 -35.992435271,-7.16353239299997 -35.9921882859999,-7.16343902499995 -35.9920151169999,-7.16339698199994 -35.991876244,-7.16331154399995 -35.991668639,-7.16329130999998 -35.991612873,-7.16335642899998 -35.9915091399999,-7.16335710399994 -35.9913923569999,-7.16334491299995 -35.991336028,-7.16332369399993 -35.991167209,-7.16328593899993 -35.9910155389999,-7.16322648699997 -35.9908594889999,-7.16315842899996 -35.990612928,-7.16312981399994 -35.990422667,-7.16311809999996 -35.9900077089999,-7.16311648299995 -35.9898357229999,-7.16325574799993 -35.9895854009999,-7.16331349799998 -35.9894422629999,-7.16323672199997 -35.9893679969999,-7.16311632599997 -35.989418738,-7.16294331299997 -35.9894915679999,-7.16284354599998 -35.9895296789999,-7.16272241999997 -35.9894991429999,-7.16267944699996 -35.989395326,-7.16266717099995 -35.989286877,-7.16260743699996 -35.989225607,-7.16249127399993 -35.989198492,-7.16231013199996 -35.9891934939999,-7.16220655499995 -35.989140699,-7.16206443399994 -35.989062281,-7.16196996799994 -35.988914596,-7.16185868399998 -35.98860758,-7.16183909399996 -35.988312997,-7.16173739899995 -35.9881957919999,-7.16166045299997 -35.9880520629999,-7.16149301999997 -35.9879348009999,-7.16140743999995 -35.9877529039999,-7.16135249999996 -35.987562504,-7.16131920099997 -35.9874457769999,-7.16131564199998 -35.9873287679999,-7.16126891399995 -35.987254729,-7.16118305299995 -35.987232359,-7.16106663699998 -35.987188547,-7.16097626299995 -35.9871775199999,-7.16094433099994 -35.987142545,-7.16084304599997 -35.986976672,-7.16085979299993 -35.9867497729999,-7.16090665299993 -35.9866082199999,-7.16097564999995 -35.986582676,-7.16099340399995 -35.9860314599999,-7.16137651899993 -35.985905357,-7.16144327699993 -35.985901267,-7.16144544299993 -35.985898737,-7.16145266499996 -35.985845502,-7.16160465399997 -35.985789331,-7.16170146299993 -35.985518138,-7.16192447899994 -35.9852753439999,-7.16214730999997 -35.984921189,-7.16243311299996 -35.984857212,-7.16248474299994 -35.984825456,-7.16251865999993 -35.984755675,-7.16259319299996 -35.9847289739999,-7.16285433299993 -35.984719535,-7.16314939999995 -35.9847435469999,-7.16334780499994 -35.984705966,-7.16368276799994 -35.9846050209999,-7.16388198499993 -35.9845552309999,-7.16408654299994 -35.9844830169999,-7.16433663199996 -35.984302848,-7.16458174899998 -35.984150599,-7.16475293399998 -35.983907802,-7.16497576499995 -35.983563358,-7.16529002699997 -35.9834615259999,-7.16535309299996 -35.9832398419999,-7.16552521099993 -35.98287941,-7.16580505499996 -35.982651163,-7.16608168699997 -35.9823212489999,-7.16644691299996 -35.982124574,-7.16677439899996 -35.981874492,-7.16718732899994 -35.981529161,-7.16780227699996 -35.981298516,-7.16814700299994 -35.9812746279999,-7.16818939099994 -35.981174977,-7.16836622299996 -35.981040392,-7.16862743399997 -35.980933802,-7.16883866399996 -35.9807458289999,-7.16919445999997 -35.980709463,-7.16927979399998 -35.980704542,-7.16928785099998 -35.9806250939999,-7.16940798899998 -35.9804728409999,-7.16957917299993 -35.980090311,-7.17015181299996 -35.980004079,-7.17043035999995 -35.979942116,-7.17051018699993 -35.979803675,-7.17062171299995 -35.979608232,-7.17070240699996 -35.979322332,-7.17084892899993 -35.9791105309999,-7.17103468199997 -35.979014782,-7.17116011399997 -35.9789248609999,-7.17130820099993 -35.9787763699999,-7.17162119199998 -35.978681396,-7.17186575599993 -35.978552204,-7.17230768699994 -35.978496188,-7.17242860699997 -35.9784576179999,-7.17261181799995 -35.978463022,-7.17278765299994 -35.9784480289999,-7.17288419499994 -35.9784480449999,-7.17298607399994 -35.978342972,-7.17306987399996 -35.978300793,-7.17311449299996 -35.9781131579999,-7.17331297799996 -35.977911993,-7.17351387599996 -35.9776950689999,-7.17371750299998 -35.9774183009999,-7.17401868799993 -35.9772222239999,-7.17419329099994 -35.977120036,-7.17424910399995 -35.97705717,-7.17428627899994 -35.976947504,-7.17440517099993 -35.9767201129999,-7.17461674399993 -35.976435131,-7.17486808399997 -35.976199817,-7.17507445499996 -35.9759356129999,-7.17528626699993 -35.975762721,-7.17538718499998 -35.975639703,-7.17547464799998 -35.975605913,-7.17553527099994 -35.975427097,-7.17553380399994 -35.9753168149999,-7.17555815499998 -35.9751410549999,-7.17562232399996 -35.9745084429999,-7.17579187799993 -35.9745063089999,-7.17586805199994 -35.974512916,-7.17607548199993 -35.9745457829999,-7.17627748899997 -35.974454812,-7.17644090499994 -35.974273415,-7.17685177299995 -35.9742088749999,-7.17703602699993 -35.974165216,-7.17719651099998 -35.974087835,-7.17742812099993 -35.974031387,-7.17764383799994 -35.9739095969999,-7.17792038199997 -35.973789446,-7.17804459299998 -35.973661235,-7.17814259499994 -35.9735775889999,-7.17821929799993 -35.973467528,-7.17827778899994 -35.973360234,-7.17835727099992 -35.9733050839999,-7.17836813399992 -35.973173733,-7.17838736899995 -35.973050354,-7.17841968299996 -35.97297673,-7.17842016099996 -35.972900255,-7.17838651499994 -35.9727829559999,-7.17834262899993 -35.97274214,-7.17833370199997 -35.9726435109999,-7.17833040199997 -35.972577937,-7.17835577599993 -35.972567059,-7.17836504699994 -35.972503408,-7.17841928899998 -35.9721698439999,-7.17888366799997 -35.9720817049999,-7.17907857999995 -35.971973248,-7.17938392699995 -35.971963704,-7.17941391699998 -35.9719303689999,-7.17951866299995 -35.971906248,-7.17959445999998 -35.9718809089999,-7.17974169299993 -35.9718762909999,-7.17990297399996 -35.9718723359999,-7.18004113999996 -35.9718523239999,-7.18019884399996 -35.971796626,-7.18053011099994 -35.9717351579999,-7.18078262799997 -35.9716371499999,-7.18107740199997 -35.971538391,-7.18125662599994 -35.971497241,-7.18139870899995 -35.971458889,-7.18156871099995 -35.971430787,-7.18169327899994 -35.971431539,-7.18171266899998 -35.971437103,-7.18185606399993 -35.971406437,-7.18199282799998 -35.9713659019999,-7.18222945199994 -35.971300915,-7.18274986799997 -35.971207653,-7.18296582399995 -35.9711973399999,-7.18299740599997 -35.971160739,-7.18322263299996 -35.9711399359999,-7.18347855799993 -35.9711456539999,-7.18366699799998 -35.971136959,-7.18371192999996 -35.971071109,-7.18395019699994 -35.9710405609999,-7.18408950899993 -35.9709839889999,-7.18437259199993 -35.970954316,-7.18464652499995 -35.970943345,-7.18503252599993 -35.970990521,-7.18537776199997 -35.970902877,-7.18571938399998 -35.9708147069999,-7.18598023399994 -35.97093316,-7.18623076899996 -35.970968421,-7.18638604399996 -35.970658369,-7.18647706099995 -35.970059863,-7.18675242699993 -35.969485332,-7.18723124999997 -35.96895647,-7.18776633699997 -35.968247935,-7.18854013899994 -35.967854761,-7.18904040999996 -35.967224917,-7.18972320599994 -35.966729587,-7.19019020399998 -35.96647144,-7.19055385799993 -35.965866375,-7.19156453899996 -35.965613608,-7.19206291499995 -35.9654749589999,-7.19233628599994 -35.965015439,-7.19308585099998 -35.964609276,-7.19381357999993 -35.9644388299999,-7.19411897199996 -35.9641227509999,-7.19449075599994 -35.963955186,-7.19464245399996 -35.963611172,-7.19486526499998 -35.9634078519999,-7.19495142099993 -35.9631249559999,-7.19499284499994 -35.9625590529999,-7.19505872399998 -35.961958841,-7.19507392099996 -35.96120021,-7.19511276599997 -35.9600113669999,-7.19518267299998 -35.9592465269999,-7.19525534299993 -35.958669986,-7.19531012199997 -35.9584607809999,-7.19536237899996 -35.9580373319999,-7.19556307599993 -35.9571571129999,-7.19606649399998 -35.956852698,-7.19628338899997 -35.9560418619999,-7.19700694199997 -35.9556307569999,-7.19728479699995 -35.95525477,-7.19687876399996 -35.954989342,-7.19654452199995 -35.954837406,-7.19636372299993 -35.9543654829999,-7.19581820999997 -35.954299856,-7.19579993799994 -35.954194542,-7.19577062399998 -35.953594627,-7.19573067599993 -35.95333213,-7.19567303199995 -35.953228463,-7.19565026699996 -35.9529116159999,-7.19565717999996 -35.9526779289999,-7.19570737799995 -35.9522537359999,-7.19570037699998 -35.952214566,-7.19569628599993 -35.952204755,-7.19569526099997 -35.9521659219999,-7.19569120499995 -35.9520911029999,-7.19564718699996 -35.9517156859999,-7.19542631699994 -35.9514606399999,-7.19518938399995 -35.951116806,-7.19479234699998 -35.9508134829999,-7.19462875799996 -35.950500032,-7.19440680699995 -35.950073889,-7.19409794099994 -35.949725842,-7.19380317699995 -35.9495593039999,-7.19368252699996 -35.9493006439999,-7.19364037299994 -35.948628372,-7.19351667799998 -35.948226813,-7.19344279299997 -35.947424836,-7.19344308899997 -35.94717874,-7.19345927999996 -35.946784049,-7.19349103499997 -35.9463140309999,-7.19355979199997 -35.945902748,-7.19366468699997 -35.945386761,-7.19378729699997 -35.9449754619999,-7.19388975799995 -35.9446224119999,-7.19395289099998 -35.9443350189999,-7.19399125699994 -35.944184048,-7.19401657299994 -35.944094032,-7.19404393199994 -35.943892015,-7.19409148599993 -35.943616887,-7.19414194599995 -35.9433853209999,-7.19414343499994 -35.9431051449999,-7.19416714699997 -35.9428761419999,-7.19418809499996 -35.9426739209999,-7.19420400199994 -35.942537418,-7.19420487999997 -35.9423956959999,-7.19415223199996 -35.9423076309999,-7.19410410799998 -35.942180455,-7.19403919399997 -35.942075296,-7.19398631099995 -35.9419506359999,-7.19393355399995 -35.941872415,-7.19389997299993 -35.941796569,-7.19385663999998 -35.941728161,-7.19383273499994 -35.9416304869999,-7.19380658299997 -35.9415718129999,-7.19378017999998 -35.941542359,-7.19374872099996 -35.941449215,-7.19366898099997 -35.941405104,-7.19363274699998 -35.9413242099999,-7.19356266699998 -35.941216378,-7.19347328299995 -35.941133173,-7.19342269299995 -35.94105275,-7.19342564499993 -35.941011217,-7.19341130399994 -35.940984106,-7.19336522299994 -35.940990917,-7.19328727599998 -35.9409856189999,-7.19322157799996 -35.940965868,-7.19318275299997 -35.940899944,-7.19316613499996 -35.9408560219999,-7.19315911399997 -35.9408143639999,-7.19312529799993 -35.9407654409999,-7.19309883299996 -35.9407260479999,-7.19303822399996 -35.940655046,-7.19298998999994 -35.9405546679999,-7.19292246899994 -35.9405057609999,-7.19289843799993 -35.940430024,-7.19287214499997 -35.940361617,-7.19284823899994 -35.9402161479999,-7.19278195299995 -35.9397576709999,-7.18648255899996 -35.93891352,-7.17527499499994 -35.938013903,-7.17544953599997 -35.927165116,-7.17743674199994 -35.9060804609999,-7.18129888599998 -35.9061687459999,-7.18114192999997 -35.906409976,-7.18084609399995 -35.90660717,-7.18057628899993 -35.906797137,-7.18032860299996 -35.907092822,-7.17990734099993 -35.907269072,-7.17969741799993 -35.905706794,-7.17759556999994 -35.905641502,-7.17753777399997 -35.905562999,-7.17753178399994 -35.903541993,-7.17780713699995 -35.903461621,-7.17779574599996 -35.903381247,-7.17772739699996 -35.9033200069999,-7.17752614199998 -35.9031908219999,-7.17697432499995 -35.903056963,-7.17640296799993 -35.902818883,-7.17540777899995 -35.9025768879999,-7.17458358699997 -35.9025039699999,-7.17453011399994 -35.9023644769999,-7.17450809799993 -35.9021996229999,-7.17456471899993 -35.90193332,-7.17470312299997 -35.901780727,-7.17475872399996 -35.9016575049999,-7.17479748999995 -35.901575077,-7.17480063599993 -35.9014727539999,-7.17473913299995 -35.901280234,-7.17460876099994 -35.901102414,-7.17445215099997 -35.900963259,-7.17417342099998 -35.9008503599999,-7.17407964299997 -35.900773973,-7.17395004199994 -35.900464606,-7.17317786699994 -35.900398942,-7.17302234399995 -35.9003404159999,-7.17297502999998 -35.90028189,-7.17297503099996 -35.900177844,-7.17299008599997 -35.9001128159999,-7.17298363499998 -35.9000261099999,-7.17292771799993 -35.899926399,-7.17280513099996 -35.899745292,-7.17243761499998 -35.899576823,-7.17206551199996 -35.8994557669999,-7.17185532499997 -35.899362042,-7.17175139299997 -35.8992848569999,-7.17170489799997 -35.899177349,-7.17168848799997 -35.89898156,-7.17169186999996 -35.897977322,-7.17181334299994 -35.897932742,-7.17181873499993 -35.897562916,-7.17182431499998 -35.8970362599999,-7.17181873699997 -35.8963967139999,-7.17179346599994 -35.896428375,-7.17152143999994 -35.8964613429999,-7.17127852699997 -35.8966868009999,-7.17066217899998 -35.896903102,-7.16981996599998 -35.896960775,-7.16967861099994 -35.896987069,-7.16961371799994 -35.897006753,-7.16956402699998 -35.897032523,-7.16949897299997 -35.8970552289999,-7.16944710399997 -35.8971494899999,-7.16918885999996 -35.897199659,-7.16897748299994 -35.897213025,-7.16877143699998 -35.8972011019999,-7.16845565899996 -35.8971706249999,-7.16830031399996 -35.897156251,-7.16825561199994 -35.896845872,-7.16833588699996 -35.896428666,-7.16850471899994 -35.896146995,-7.16881775899998 -35.895924094,-7.16871691799997 -35.8959137369999,-7.16872129499995 -35.895630207,-7.16882531399995 -35.895374374,-7.16887914199998 -35.895142386,-7.16888690199994 -35.894921239,-7.16881831199993 -35.894731599,-7.16868865599997 -35.894646488,-7.16862850599995 -35.894565873,-7.16861370299995 -35.894431015,-7.16861659599994 -35.894244355,-7.16866013199996 -35.894060752,-7.16867709999997 -35.893019763,-7.16859398299994 -35.892868306,-7.16855463999997 -35.892668031,-7.16845107199993 -35.892395027,-7.16827070499994 -35.89207126,-7.16814316899996 -35.8917990149999,-7.16808799499995 -35.891532502,-7.16803192099997 -35.891377479,-7.16799468799996 -35.891298499,-7.16798453599995 -35.891223522,-7.16799802299994 -35.890989998,-7.16811158199994 -35.8908013929999,-7.16821703799997 -35.890693848,-7.16830175299998 -35.890509967,-7.16844127799993 -35.8903487319999,-7.16854599499993 -35.8902115139999,-7.16864531899995 -35.8900866559999,-7.16876512399995 -35.8899257379999,-7.16889883799996 -35.8892643359999,-7.16952310999994 -35.8887442719999,-7.17030797799993 -35.8886329539999,-7.17038045799995 -35.887832859,-7.17077737699998 -35.887725228,-7.17077641899994 -35.8844768289999,-7.17127576599995 -35.8843535519999,-7.17141417199997 -35.8842661629999,-7.17173837399997 -35.8842319679999,-7.17201356999993 -35.884026794,-7.17214174199995 -35.88389381,-7.17225483599998 -35.883836817,-7.17237923899995 -35.8837304309999,-7.17252249099994 -35.883639242,-7.17265820399996 -35.88357465,-7.17285046299997 -35.8835632519999,-7.17298617499995 -35.883544254,-7.17308795899993 -35.8834758629999,-7.17330283699994 -35.883384658,-7.17352717499995 -35.8833428799999,-7.17360818899994 -35.8831833,-7.17381552699993 -35.882978125,-7.17424528199996 -35.8827729509999,-7.17459964099993 -35.882609572,-7.17482205699997 -35.882411997,-7.17493514999995 -35.882290412,-7.17505201299997 -35.882035844,-7.17526311999995 -35.881902861,-7.17535359499993 -35.881697687,-7.17551192499997 -35.881526708,-7.17561370799996 -35.881420321,-7.17564009699993 -35.8813519299999,-7.17568910399996 -35.881329133,-7.17573057099997 -35.881306336,-7.17587759199995 -35.881344331,-7.17603969099997 -35.881298737,-7.17617540299995 -35.881329133,-7.17629603499995 -35.8813823259999,-7.17654860899995 -35.881393725,-7.17677856399996 -35.8813689639999,-7.17681909999993 -35.881241744,-7.17702736799993 -35.881154355,-7.17715176899998 -35.881123959,-7.17732517799993 -35.881082164,-7.17749858599996 -35.8810669659999,-7.17773231099994 -35.8811108739999,-7.17787545099998 -35.881120159,-7.17790571899997 -35.8810745649999,-7.17808666699995 -35.8810745649999,-7.17828269299997 -35.8810973619999,-7.17850133799993 -35.8810441689999,-7.17870490399997 -35.8809111859999,-7.17885946299998 -35.8807820019999,-7.17891977899995 -35.880170279,-7.17906302899996 -35.879980303,-7.17915350299995 -35.879569954,-7.17948146999993 -35.8793685799999,-7.17960964099996 -35.878874642,-7.18034096799994 -35.878312313,-7.18196571599998 -35.878304713,-7.18234268699996 -35.878369305,-7.18246331799998 -35.8784110999999,-7.18256509999998 -35.8784414959999,-7.18268949999998 -35.878483291,-7.18279505199996 -35.878502289,-7.18287798499995 -35.8784718919999,-7.18303631299995 -35.8783845029999,-7.18325495599993 -35.87833511,-7.18331904099995 -35.878209725,-7.18345474999995 -35.8781261359999,-7.18366585299998 -35.878114737,-7.18381664099996 -35.878080542,-7.18397119799994 -35.878057745,-7.18415968299996 -35.877981754,-7.18431047099995 -35.877920962,-7.18433308899995 -35.8778316899999,-7.18429057499998 -35.877825974,-7.18428785199995 -35.8777195869999,-7.18427277399996 -35.8775828039999,-7.18433308899995 -35.8774270239999,-7.18455173099994 -35.877282642,-7.18462335499993 -35.877225649,-7.18462335499993 -35.877066069,-7.18452157299993 -35.8768266989999,-7.18446879799995 -35.8766443219999,-7.18438209499993 -35.876530337,-7.18435947699993 -35.8764163509999,-7.18438209499993 -35.876370757,-7.18443486999996 -35.876345965,-7.18450295399998 -35.8762947659999,-7.18464974299997 -35.876241573,-7.18477037299994 -35.8761693819999,-7.18485330599998 -35.875994604,-7.18529058899998 -35.87572793,-7.18548822699995 -35.875679244,-7.18552430999995 -35.8755808029999,-7.18554230099994 -35.87539048,-7.18557708499998 -35.875006728,-7.18549792199997 -35.874698967,-7.18562232099993 -35.874501392,-7.18578441799997 -35.8743646089999,-7.18590881699993 -35.874246824,-7.18598044099997 -35.8739846569999,-7.18621416099995 -35.873939063,-7.18633102099994 -35.873870671,-7.18641772299998 -35.8737492239999,-7.18652315399993 -35.8736085039999,-7.18659866799993 -35.8734489239999,-7.18679469099993 -35.8732931439999,-7.18704348899996 -35.8729777839999,-7.18749207899998 -35.872992982,-7.18774087699995 -35.8729777839999,-7.18782380999994 -35.8729131919999,-7.18800852299995 -35.872757411,-7.18821208499998 -35.8726282279999,-7.18834025299998 -35.872514242,-7.18838548899993 -35.872358462,-7.18835533199996 -35.8722216789999,-7.18837041099994 -35.872168764,-7.18844933099996 -35.87213429,-7.18850611799996 -35.872107693,-7.18873983699996 -35.8721228909999,-7.18892831999995 -35.872160886,-7.18908287499994 -35.872267273,-7.18927512799996 -35.8726282279999,-7.18958046899996 -35.872747331,-7.18963237399993 -35.8730347769999,-7.18975764299995 -35.87340713,-7.19002151799998 -35.873471722,-7.19014591599995 -35.8735401129999,-7.19034570699995 -35.873447434,-7.19058619099997 -35.8734413249999,-7.19060204299996 -35.873460323,-7.19068874399994 -35.873437526,-7.19078298499994 -35.8734755209999,-7.19093377099995 -35.8735129529999,-7.19104783499995 -35.873528714,-7.19109586499997 -35.873524553,-7.19113302599993 -35.8735135159999,-7.19123157199994 -35.8735401129999,-7.19136727899996 -35.873551511,-7.19159345699995 -35.873488203,-7.19175232999993 -35.8734869199999,-7.19175555099997 -35.873429927,-7.19181586499997 -35.873372934,-7.19186863999994 -35.873334939,-7.19192141499997 -35.873331139,-7.19210612599994 -35.873295158,-7.19226081599993 -35.8732855449999,-7.19230214699996 -35.8731905569999,-7.19254340299995 -35.873160688,-7.19260267099997 -35.8731031679999,-7.19271680599996 -35.8729739839999,-7.19277711999996 -35.872972616,-7.19277760999995 -35.872837201,-7.19282612499995 -35.872730815,-7.19287889899994 -35.8726282279999,-7.19294675299994 -35.872381259,-7.19298821799993 -35.872311431,-7.19301495699995 -35.87225504,-7.19303655099998 -35.872164686,-7.19307114999998 -35.872069698,-7.19321062599994 -35.872047551,-7.19326511899993 -35.872045951,-7.19326905499997 -35.872035502,-7.19333690799994 -35.872035502,-7.19338402799997 -35.872046901,-7.19342078199998 -35.872059249,-7.19348863499994 -35.8720440509999,-7.19353858299996 -35.8720136549999,-7.19360172399996 -35.8719538129999,-7.19359701199994 -35.871947163,-7.19362151399997 -35.8719728099999,-7.19364978599998 -35.871968061,-7.19368371299993 -35.871930065,-7.19370256099995 -35.8718312779999,-7.19370444599997 -35.871784734,-7.19370915799993 -35.871668848,-7.19374591099995</coordinates></LinearRing></outerBoundaryIs></Polygon></MultiGeometry>
  </Placemark>
  <Placemark>
	<Style><LineStyle><color>ff0000ff</color></LineStyle><PolyStyle><fill>0</fill></PolyStyle></Style>
	<ExtendedData><SchemaData schemaUrl="#campus_uepbshp">
		<SimpleData name="fid">1</SimpleData>
		<SimpleData name="CD_MUN">2504306</SimpleData>
		<SimpleData name="NM_MUN">Catolé do Rocha</SimpleData>
		<SimpleData name="SIGLA_UF">PB</SimpleData>
		<SimpleData name="AREA_KM2">551.764999999999986</SimpleData>
		<SimpleData name="POP">30546</SimpleData>
		<SimpleData name="DENS">52.090000000000003</SimpleData>
		<SimpleData name="LAT">-6.321050000000000</SimpleData>
		<SimpleData name="LONG_GMS">-37º42'17&quot;</SimpleData>
		<SimpleData name="LAT_GMS">-6º19'16&quot;</SimpleData>
		<SimpleData name="LONG">-37.70471</SimpleData>
		<SimpleData name="MESO">Sertão Par</SimpleData>
		<SimpleData name="MICRO">Catolé do</SimpleData>
		<SimpleData name="GENTILICO">Catoleense</SimpleData>
		<SimpleData name="layer">NM_MUN_Catolé do Rocha</SimpleData>
		<SimpleData name="path">C:\Users\damas\OneDrive\2025_1\EAD\MAPAS\NM_MUN_Catolé do Rocha.gpkg|layername=NM_MUN_Catolé do Rocha</SimpleData>
	</SchemaData></ExtendedData>
      <MultiGeometry><Polygon><outerBoundaryIs><LinearRing><coordinates>-37.6041245059999,-6.36890161399998 -37.60394314,-6.37015442699993 -37.602495298,-6.37838694799996 -37.6019227529999,-6.37975824099993 -37.601520616,-6.38039837099996 -37.6015313619999,-6.38068797799997 -37.601509957,-6.38103091699998 -37.6015361409999,-6.38122245899996 -37.6015258039999,-6.38143472799993 -37.601357714,-6.38157553299993 -37.60134363,-6.38158733099993 -37.601346024,-6.38185506799994 -37.601346403,-6.38189741099995 -37.6011940179999,-6.38218847899998 -37.6009277319999,-6.38251320799998 -37.6007499569999,-6.38267298699998 -37.600583813,-6.38282231199997 -37.600304087,-6.38301251099995 -37.600044096,-6.38312908699993 -37.5995840859999,-6.38322705099995 -37.599531505,-6.38327648599994 -37.5995824509999,-6.38350044899994 -37.599593274,-6.38426017599994 -37.599604363,-6.38503854099997 -37.599577785,-6.38525911699998 -37.5995061629999,-6.38545969499995 -37.599486428,-6.38553331799994 -37.5995360979999,-6.38561447999996 -37.599778801,-6.38584488699996 -37.600093353,-6.38635619399997 -37.6002351929999,-6.38670991299995 -37.600290475,-6.38696239899997 -37.6002333179999,-6.38725020299995 -37.6002277009999,-6.38727848099995 -37.6001890009999,-6.38747334999994 -37.6001769759999,-6.38749012399995 -37.600112462,-6.38758012399995 -37.599983342,-6.38773633299996 -37.599810345,-6.38800310399995 -37.599674529,-6.38832258699995 -37.5994526649999,-6.38859795699994 -37.599271366,-6.38884848199996 -37.599101279,-6.38898465599993 -37.5988539219999,-6.38914600499993 -37.5986955229999,-6.38922086899993 -37.598606273,-6.38927471299996 -37.5985043869999,-6.38928378599996 -37.598333752,-6.38935875999994 -37.5981230639999,-6.38951569999995 -37.59782724,-6.38973052699993 -37.597692654,-6.38973173199997 -37.597477047,-6.38979486799997 -37.597209662,-6.38999719899994 -37.59696693,-6.39021971199998 -37.596695575,-6.39043431999994 -37.596581709,-6.39047206199996 -37.5964635449999,-6.39048536099995 -37.596227508,-6.39054459899995 -37.5960124119999,-6.39066485499995 -37.5958867109999,-6.39074758799995 -37.5957685829999,-6.39076496699994 -37.595702855,-6.39071250999996 -37.5955555579999,-6.39066078399998 -37.5954983509999,-6.39064905499993 -37.5953275689999,-6.39070770899997 -37.5949697629999,-6.39083332199993 -37.594787658,-6.39099408599998 -37.594569066,-6.39117965899993 -37.5943821879999,-6.39126293899994 -37.594216323,-6.39141539699995 -37.594184426,-6.39149728999996 -37.5940264979999,-6.39162519499996 -37.5939211529999,-6.39170366499997 -37.59386941,-6.39184694099993 -37.5938222199999,-6.39204322099994 -37.5937145839999,-6.39232164999993 -37.593700058,-6.39252171799995 -37.593759856,-6.39282312999995 -37.59376535,-6.39288084799995 -37.593782365,-6.39305958999995 -37.593755458,-6.39324344799996 -37.5936071099999,-6.39353040199995 -37.593470231,-6.39373156599993 -37.5933452959999,-6.39389997899997 -37.593260378,-6.39398234699996 -37.593200187,-6.39409305599997 -37.593070589,-6.39419622499997 -37.592915644,-6.39420169299996 -37.592793327,-6.39420686799997 -37.592642972,-6.39426941899995 -37.592582781,-6.39438012799997 -37.592522662,-6.39449899699997 -37.592239579,-6.39477083599996 -37.5920491319999,-6.39491127399998 -37.591890437,-6.39495349799995 -37.5918818069999,-6.39495305199995 -37.591755775,-6.39494654199996 -37.591585063,-6.39501335599994 -37.591471924,-6.39513269999998 -37.591322428,-6.39548933699996 -37.591288219,-6.39557094499997 -37.5912000609999,-6.39574719099994 -37.5910832819999,-6.39591553199995 -37.590938391,-6.39613308899993 -37.5908376689999,-6.39627272299998 -37.590782358,-6.39647315799994 -37.590751117,-6.39662849199993 -37.5907401219999,-6.39676732399994 -37.590761244,-6.39684874199997 -37.590749848,-6.39694269299997 -37.5907424289999,-6.39748137099997 -37.590701179,-6.39788569899997 -37.590596488,-6.39803761099995 -37.590479307,-6.39816107099995 -37.5904198809999,-6.39835746199998 -37.59040885,-6.39849221399993 -37.5902752809999,-6.39860765999993 -37.5901417859999,-6.39873126699996 -37.590073656,-6.39886652999996 -37.589908517,-6.39910059099998 -37.589791153,-6.39920365099994 -37.5897318729999,-6.39941636199995 -37.5896324289999,-6.39969879999995 -37.5886232739999,-6.40087890799998 -37.588509513,-6.40092889099998 -37.588346482,-6.40094259099993 -37.58814219,-6.40090361599994 -37.5879505729999,-6.40091349199997 -37.5877065179999,-6.40098912299993 -37.587564791,-6.40110464299994 -37.587468986,-6.40133808399997 -37.5873444119999,-6.40154729999995 -37.587158733,-6.40176522299993 -37.5869727259999,-6.40194642599994 -37.586775796,-6.40227462099995 -37.58658779,-6.40268842499995 -37.5864809889999,-6.40306069899998 -37.586379764,-6.40360021999993 -37.586037684,-6.40411741399993 -37.585868428,-6.40434743199995 -37.585739702,-6.40454852499994 -37.5855779459999,-6.40470502799997 -37.585319544,-6.40500113099995 -37.58513328,-6.40515377399993 -37.585035723,-6.40519137099994 -37.5849392229999,-6.40534729099994 -37.58485245,-6.40567858199995 -37.5847650929999,-6.40594459099998 -37.5845946319999,-6.40603996699997 -37.5842762469999,-6.40601425299997 -37.5841724859999,-6.40600054499993 -37.583929129,-6.40596839499995 -37.583778805,-6.40603502699997 -37.583599821,-6.40608967399993 -37.583242619,-6.40628465099996 -37.582714481,-6.40652196099995 -37.5823782909999,-6.40678611699997 -37.581584531,-6.40696867699995 -37.581226488,-6.40706981099993 -37.58110413,-6.40707090499996 -37.5805450309999,-6.40703918199995 -37.579920601,-6.40699988199998 -37.5791329749999,-6.40691810299995 -37.5773564949999,-6.42191480099996 -37.577433121,-6.42201339199994 -37.577551878,-6.42221260199995 -37.5776996559999,-6.42238679899998 -37.57812202,-6.42282856699995 -37.578334384,-6.42293017599997 -37.578634149,-6.42299499799998 -37.578889088,-6.42307822299995 -37.579274589,-6.42317152899994 -37.579849236,-6.42328564099995 -37.580018681,-6.42336738199998 -37.580151367,-6.42341514699996 -37.580774381,-6.42360363399996 -37.580963486,-6.42361993999998 -37.581467354,-6.42361767199998 -37.581809049,-6.42359210499995 -37.5827666019999,-6.42325947899997 -37.5830366009999,-6.42326605799997 -37.583349195,-6.42325650299995 -37.5835242379999,-6.42320992799995 -37.583759992,-6.42316055699996 -37.5838967359999,-6.42310757499996 -37.584022475,-6.42308169399996 -37.5841510079999,-6.42311654399998 -37.584332446,-6.42328143399993 -37.58493026,-6.42372161799995 -37.5850249929999,-6.42388827299993 -37.58518989,-6.42407707599995 -37.585219353,-6.42410156399995 -37.5853437719999,-6.42417920599996 -37.5854916609999,-6.42425312399996 -37.586877902,-6.42543006599993 -37.5870138499999,-6.42553910699996 -37.5871048929999,-6.42565755099997 -37.5872955519999,-6.42584710899996 -37.587416543,-6.42604404299993 -37.587943003,-6.42680439299994 -37.588287317,-6.42732110299994 -37.588375829,-6.42740806699993 -37.5886718629999,-6.42755842199995 -37.589310784,-6.42781595599996 -37.589696037,-6.42815184399996 -37.589836223,-6.42821177299993 -37.5899917899999,-6.42825087799997 -37.5901089559999,-6.42827232699995 -37.590266651,-6.42829791199995 -37.59038643,-6.42835984099997 -37.5906154309999,-6.42856030199994 -37.590714947,-6.42862016299995 -37.5908512399999,-6.42876745199993 -37.590856608,-6.42886416399995 -37.5908311539999,-6.42903540999993 -37.590863489,-6.42937940299993 -37.590916073,-6.42947343999998 -37.5909848909999,-6.42952515099995 -37.591165379,-6.42968046799996 -37.591234436,-6.42985536399993 -37.5913347819999,-6.43000747699995 -37.591436851,-6.43010106799994 -37.5915862969999,-6.43020998399993 -37.5917688019999,-6.43035380599997 -37.591887925,-6.43048179799996 -37.592068231,-6.43077045399997 -37.592248942,-6.43110410999998 -37.592280713,-6.43138510199998 -37.5922663439999,-6.43153824699993 -37.5922475749999,-6.43195245599998 -37.592760249,-6.43292893699993 -37.592903473,-6.43334618799997 -37.5929144949999,-6.43357111099994 -37.592914857,-6.43411115999993 -37.59311158,-6.43447392399997 -37.59355812,-6.43509996299997 -37.593617251,-6.43517143799994 -37.5936407569999,-6.43528373699996 -37.593614696,-6.43538748099996 -37.5935031619999,-6.43549199599994 -37.5932752689999,-6.43566506599996 -37.5919412659999,-6.43641065299994 -37.591762412,-6.43653377599998 -37.591705185,-6.43667380599993 -37.591761235,-6.43690282299997 -37.591856841,-6.43702797499998 -37.5919173089999,-6.43724795199995 -37.591964484,-6.43749055099994 -37.591908148,-6.43772958199997 -37.59179033,-6.43813568299993 -37.5917175389999,-6.43854587999994 -37.591520851,-6.43868716599997 -37.591234514,-6.43886526299997 -37.5908908279999,-6.43916988899997 -37.59071712,-6.43936497299995 -37.590441359,-6.43971849299993 -37.590213949,-6.43994556399997 -37.590129405,-6.44004983599996 -37.590090698,-6.44074775499996 -37.5900161239999,-6.44095994799994 -37.5898675829999,-6.44145183599994 -37.589761031,-6.44161031199997 -37.5895289009999,-6.44175896699994 -37.5892011189999,-6.44188538399993 -37.58893807,-6.44202394599995 -37.5886961919999,-6.44226487999993 -37.6231484899999,-6.42308204599993 -37.6387798389999,-6.41842625199996 -37.723793692,-6.39310816799997 -37.733921558,-6.39009169399998 -37.733486693,-6.42660669299994 -37.733372017,-6.43626479099993 -37.7332914629999,-6.44299878599998 -37.732765028,-6.48720921899996 -37.733413882,-6.48700576899995 -37.733745165,-6.48669228099993 -37.73393447,-6.48623772399998 -37.7342657529999,-6.48567344499997 -37.734391956,-6.48529725899994 -37.734423506,-6.48499944499997 -37.734344629,-6.48462325899993 -37.7343130789999,-6.48437246699996 -37.734234202,-6.48407465299994 -37.734186876,-6.48358874399997 -37.7345023829999,-6.48319688199996 -37.7348652169999,-6.48297743899997 -37.7351965,-6.48283636899993 -37.736167649,-6.48319219799993 -37.736332326,-6.48324390499994 -37.7366478339999,-6.48368279099998 -37.736931791,-6.48398060599993 -37.737263073,-6.48396493099995 -37.73754703,-6.48366711599994 -37.73795719,-6.48360441899996 -37.7384304509999,-6.48314985899998 -37.738730183,-6.48291474099995 -37.7390456909999,-6.48280501999994 -37.739282321,-6.48293041599993 -37.739724032,-6.48294608999993 -37.7401815169999,-6.48293041599993 -37.7409133469999,-6.48264764299995 -37.741080714,-6.48256990199997 -37.741680178,-6.48227208599997 -37.741837932,-6.48197426999997 -37.741869482,-6.48128459099996 -37.741822156,-6.48097109999998 -37.741617076,-6.48081435399996 -37.741522424,-6.48056356099994 -37.741459323,-6.48026574399995 -37.741475098,-6.47993657799998 -37.741680178,-6.47960741099996 -37.742200765,-6.47919987099993 -37.742595149,-6.47887070399997 -37.743068411,-6.47855721199994 -37.743620549,-6.47810264699996 -37.7441411359999,-6.47771078099993 -37.744598622,-6.47753835999993 -37.745056108,-6.47736593799993 -37.745450492,-6.47697407099997 -37.745560919,-6.47655085499997 -37.7454978179999,-6.47626870999994 -37.7453085139999,-6.47582981799997 -37.7451192089999,-6.47542227499997 -37.744993006,-6.47517147999997 -37.7449299049999,-6.47487365899997 -37.7448983539999,-6.47441909199995 -37.745048638,-6.47426297899995 -37.745245412,-6.47405857199993 -37.7457502239999,-6.47346292999993 -37.745829101,-6.47288296299996 -37.745576695,-6.47242839299997 -37.745166535,-6.47172302499996 -37.745056108,-6.47123710499994 -37.745403166,-6.47092360699997 -37.745813325,-6.47078253399997 -37.7461603839999,-6.47029661199997 -37.7465389929999,-6.46977934099993 -37.7469176019999,-6.46915234399995 -37.746791399,-6.46861939599995 -37.746665196,-6.46814914799995 -37.7465232169999,-6.46775727399995 -37.746807174,-6.46700487499993 -37.746997692,-6.46678820699998 -37.7468495209999,-6.46656023099996 -37.74681028,-6.46630028399994 -37.747124077,-6.46553918199993 -37.7473335029999,-6.46527349099995 -37.7475427919999,-6.46484457699995 -37.7475427919999,-6.46422070199998 -37.747568953,-6.46396075299998 -37.747739001,-6.46353183799994 -37.747961371,-6.46324589399995 -37.7483930299999,-6.46307692799996 -37.748798527,-6.46298594599995 -37.7491255419999,-6.46290796099993 -37.749478718,-6.46267400699998 -37.7497010869999,-6.46236206799995 -37.7503289549999,-6.46202413399993 -37.751309998,-6.46138725699996 -37.751597771,-6.46115330199996 -37.7520032689999,-6.46067239499996 -37.752591895,-6.46041244399993 -37.7530627959999,-6.46038644899994 -37.753442133,-6.46042544199997 -37.753860711,-6.46034745699995 -37.7540045969999,-6.46020448399997 -37.754318531,-6.46002251899995 -37.7546978679999,-6.46000952099996 -37.7549987209999,-6.46017848899993 -37.755221091,-6.46023047899996 -37.755587347,-6.46007450899998 -37.7557312339999,-6.45993153599994 -37.7560059259999,-6.45960659799994 -37.7561236509999,-6.45947662299994 -37.7563329399999,-6.45954160999997 -37.756594552,-6.45971057799994 -37.756856163,-6.45963259299998 -37.756986969,-6.45941163499998 -37.757222419,-6.45925566399995 -37.757444789,-6.45925566399995 -37.757562514,-6.45939863699994 -37.757811045,-6.45938563999994 -37.7580334149999,-6.45921667199997 -37.7581511399999,-6.45899571299998 -37.758229624,-6.45877475499998 -37.7583996709999,-6.45860578699995 -37.7585435579999,-6.45852780099995 -37.7588087949999,-6.45853401499994 -37.759106023,-6.45850180599996 -37.7595507619999,-6.45848880899996 -37.759707729,-6.45843681799994 -37.760008582,-6.45841082299995 -37.7603094359999,-6.45831983999994 -37.760505644,-6.45829384499996 -37.76062337,-6.45821585999994 -37.7607934169999,-6.45800789899994 -37.7609111419999,-6.45778693999995 -37.7613689629999,-6.45761797099993 -37.7619445079999,-6.45742300699993 -37.762350006,-6.45739701199994 -37.762559295,-6.45739701199994 -37.762860148,-6.45735801899997 -37.7632525659999,-6.45734502199997 -37.763736547,-6.45731902699993 -37.763958917,-6.45735801899997 -37.764325173,-6.45744900299997 -37.764691429,-6.45763096899998 -37.7651230879999,-6.45763096899998 -37.7653716189999,-6.45751399099993 -37.7656724729999,-6.45739701199994 -37.766143373,-6.45717605299996 -37.7663134209999,-6.45698108899995 -37.7665227099999,-6.45677312699996 -37.767111336,-6.45665614899997 -37.767294464,-6.45672113699993 -37.7675560759999,-6.45669514199994 -37.767961574,-6.45669514199994 -37.76832783,-6.45677312699996 -37.76856328,-6.45679912299994 -37.7688510529999,-6.45673413499998 -37.769086503,-6.45673413499998 -37.7694265979999,-6.45660415899994 -37.769662049,-6.45646118499997 -37.7704599639999,-6.45588928899997 -37.770747737,-6.45574631499994 -37.771022429,-6.45557734599993 -37.771297121,-6.45546036699994 -37.7715194909999,-6.45536938399994 -37.7717680219999,-6.45534338899995 -37.77196423,-6.45544736999994 -37.772265084,-6.45569432499997 -37.772422051,-6.45590228699996 -37.7727621459999,-6.45616223999997 -37.773376933,-6.45617523699997 -37.773560061,-6.45591528499995 -37.7740048009999,-6.45582430099995 -37.77422717,-6.45590228699996 -37.774357976,-6.45616223999997 -37.7748288769999,-6.45643518999998 -37.775142811,-6.45659116099995 -37.775535228,-6.45659116099995 -37.7758884039999,-6.45657816299996 -37.7761630959999,-6.45653916999993 -37.7766994,-6.45651317499994 -37.7770183979999,-6.45632491199996 -37.7774973149999,-6.45605825899997 -37.777981296,-6.45613624399994 -37.7785568419999,-6.45644818699998 -37.778936178,-6.45669514199994 -37.7792108699999,-6.45700708399994 -37.779629449,-6.45731902699993 -37.779904141,-6.45733202399992 -37.780314232,-6.45750666299995 -37.780361961,-6.45752698799993 -37.7804982019999,-6.45755707199993 -37.7810683119999,-6.45768295899995 -37.781195805,-6.45774821999993 -37.7814999719999,-6.45790391799994 -37.781957792,-6.45802089599994 -37.782190944,-6.45802089599994 -37.782389451,-6.45802089599994 -37.782652479,-6.45814735999994 -37.7827949489999,-6.45821585999994 -37.7833704939999,-6.45860578699995 -37.78395912,-6.45880074999997 -37.78462623,-6.45878775299997 -37.784793028,-6.45873388699994 -37.785149453,-6.45861878399995 -37.785659595,-6.45883974299994 -37.785933858,-6.45904648399994 -37.7864051879999,-6.45938563999994 -37.7866144769999,-6.45977556599996 -37.7870984589999,-6.46010050399997 -37.78756936,-6.46047743199995 -37.788105663,-6.46072438499993 -37.788485,-6.46084136199994 -37.7888643369999,-6.46084136199994 -37.7890997869999,-6.46101032999997 -37.7892436729999,-6.46134826499997 -37.790590973,-6.46184216899996 -37.791074954,-6.46214111099994 -37.7914673719999,-6.46233607299996 -37.791755144,-6.46250503999994 -37.7923437699999,-6.46272599699995 -37.79369107,-6.46318090699998 -37.794776758,-6.46341486099993 -37.795326142,-6.46349284599995 -37.796333347,-6.46372679999996 -37.7968565699999,-6.46377878899995 -37.7972489869999,-6.46380478399993 -37.79753676,-6.46389576599995 -37.798020741,-6.46367480999993 -37.7983739169999,-6.46366181199994 -37.7987140119999,-6.46354483599993 -37.7988840589999,-6.46334987399996 -37.799145671,-6.46332387899997 -37.7993781769999,-6.46334063099994 -37.800289161,-6.46000151699997 -37.80070885,-6.45715183899995 -37.801661827,-6.45626584299993 -37.802877246,-6.45513620399993 -37.8053604099999,-6.45364184899995 -37.807738651,-6.45145243599995 -37.81340446,-6.44822042899995 -37.816393816,-6.44832935799997 -37.8058982219999,-6.40700298499996 -37.799783286,-6.38286093199997 -37.795504114,-6.36588151899997 -37.795539398,-6.36554012399995 -37.7956437039999,-6.36541572899995 -37.795779302,-6.36531206599994 -37.7959566229999,-6.36513583799996 -37.796019206,-6.36475228399996 -37.7961860959999,-6.36417176999993 -37.7964051389999,-6.36370528399993 -37.796509445,-6.36341502599993 -37.796832794,-6.36318696699993 -37.797124852,-6.36306256999995 -37.7973230329999,-6.36303147099994 -37.797646383,-6.36290707499995 -37.798021885,-6.36262718299997 -37.7985225539999,-6.36183933799992 -37.7986685829999,-6.36109295799997 -37.798887626,-6.36054353799994 -37.7990962379999,-6.36022217999994 -37.7994508789999,-6.35946543099993 -37.7996386299999,-6.35897820799994 -37.799857673,-6.35864648199993 -37.8002957589999,-6.35802449399995 -37.8003479119999,-6.35781716499997 -37.800514802,-6.35757873599994 -37.800692123,-6.35737140699996 -37.800952888,-6.35660428699993 -37.801067625,-6.35625182599995 -37.801109348,-6.35594083099994 -37.801192793,-6.35559873599993 -37.8013596819999,-6.35520480899993 -37.801797768,-6.35498711199995 -37.802298438,-6.35517370899993 -37.8025592029999,-6.35545360499998 -37.8025592029999,-6.35593046499997 -37.8026113559999,-6.35626219299996 -37.802740216,-6.35637196499994 -37.802830399,-6.35644878999994 -37.8032476239999,-6.35639695699996 -37.803570973,-6.35604449599998 -37.8037482939999,-6.35566093599994 -37.804061212,-6.35515297599994 -37.8041655179999,-6.35495601199995 -37.8043324079999,-6.35471758199998 -37.8044365929999,-6.35451394499995 -37.8046453269999,-6.35410595699994 -37.8049686759999,-6.35390899199996 -37.8051147049999,-6.35363946199993 -37.805292025,-6.35336993199996 -37.805448484,-6.35273757199997 -37.805662846663,-6.35253573857728 -37.8058448479999,-6.35236437499998 -37.806168197,-6.35228144199993 -37.8063455179999,-6.35231254199994 -37.8064149689999,-6.35234705499994 -37.806637575,-6.35245767399994 -37.8070547999999,-6.35251987399994 -37.8072634119999,-6.35242657399994 -37.8074094409999,-6.35221924299998 -37.80774322,-6.35193934499995 -37.808118723,-6.35156614799996 -37.808264751,-6.35133808299997 -37.808431641,-6.35115148399996 -37.8086506839999,-6.35096488499994 -37.808859296,-6.35078865299994 -37.809047047,-6.35057095399998 -37.809349535,-6.35024958899993 -37.809662454,-6.35013555599994 -37.809850205,-6.34995932399994 -37.809871066,-6.34974162399993 -37.809725038,-6.34953429199993 -37.809725038,-6.34920255899993 -37.809871066,-6.34886045999997 -37.810131832,-6.34862202699998 -37.810601209,-6.34814516099993 -37.810841114,-6.34790672799994 -37.8111748929999,-6.34769939499995 -37.811519104,-6.34760609399996 -37.811779869,-6.34769939499995 -37.811873745,-6.34773049499995 -37.8121240799999,-6.34765792799993 -37.8122388159999,-6.34749206099997 -37.812510013,-6.34741949399995 -37.8127603469999,-6.34733656099996 -37.813035756,-6.34725002599993 -37.813216353,-6.34705028099995 -37.813602018,-6.34688600899995 -37.814097873,-6.34679018399993 -37.814332027,-6.34663960099994 -37.81430448,-6.34629736699998 -37.8142631589999,-6.34616047299994 -37.8145248599999,-6.34600988999995 -37.8150482629999,-6.34574979199994 -37.815447702,-6.34564027699997 -37.8160537479999,-6.34548969399998 -37.817059233,-6.34538017899996 -37.817775468,-6.34521590699995 -37.8181060389999,-6.34514745999996 -37.8185192519999,-6.34468201999994 -37.819125297,-6.34372376099998 -37.819387273,-6.34355885899993 -37.820364936,-6.34294346299993 -37.8210536239999,-6.34243695399994 -37.821921371,-6.34186199599998 -37.822815205,-6.34134908499993 -37.823257397,-6.34114154999997 -37.824227761,-6.34097063799993 -37.824884907,-6.34081193499998 -37.825535911,-6.34061050399993 -37.825830706,-6.34047621599996 -37.8265922579999,-6.34004893699995 -37.826862486,-6.33992075299994 -37.8270037409999,-6.33976204999993 -37.827568764,-6.33965828199996 -37.828047805,-6.33951178599995 -37.828870772,-6.33916996199997 -37.8297551549999,-6.33878540999996 -37.8298779859999,-6.33871216199998 -37.830062233,-6.33840696199997 -37.8302956109999,-6.33826046599995 -37.8305596979999,-6.33813838599997 -37.830983465,-6.33805903399997 -37.8315730529999,-6.33795526499995 -37.8317094729999,-6.33796817799993 -37.8318309979999,-6.33797968099998 -37.833292687,-6.33747304799994 -37.833704171,-6.33725940799997 -37.8339559739999,-6.33700303899997 -37.834128865,-6.33687048099995 -37.834385883,-6.33667342099994 -37.834637686,-6.33646588399995 -37.83496933,-6.33633159599998 -37.835657183,-6.33586768899994 -37.8368977759999,-6.33498260299996 -37.837290835,-6.33467740099996 -37.8376163369999,-6.33448207099997 -37.838089236,-6.33428674099997 -37.838322615,-6.33420128499995 -37.838979761,-6.33414024399997 -37.839366679,-6.33413413999995 -37.8397290299999,-6.33406089099998 -37.840287911,-6.33373737599993 -37.8406686869999,-6.33348100499995 -37.840766952,-6.33335281999996 -37.841270559,-6.33304151299996 -37.84179259,-6.33296826399993 -37.8425234339999,-6.33282176599994 -37.842830512,-6.33291943099994 -37.843195291,-6.33308812099995 -37.8425209869999,-6.32999148999994 -37.8410324619999,-6.32775732699997 -37.8401541819999,-6.32677374799994 -37.8337316409999,-6.32177867799993 -37.831352936,-6.32052183699994 -37.828732524,-6.31952929499994 -37.823449872,-6.31800330399994 -37.822673602,-6.31777910399995 -37.816476044,-6.31620926099993 -37.814754977,-6.31514316699997 -37.814313818,-6.31394916199997 -37.814535991,-6.31231206999996 -37.8167288839999,-6.31102842899998 -37.822752103,-6.30871662099997 -37.8236290259999,-6.30801097499995 -37.82403012,-6.30603367699996 -37.816174121,-6.29669630299998 -37.812123941,-6.29272684099993 -37.8104210119999,-6.29165800899995 -37.80701404,-6.29096395399995 -37.803116545,-6.29133755999993 -37.7974273729999,-6.28936685199994 -37.794518035,-6.28903294399993 -37.788836309,-6.29008502499994 -37.7809577899999,-6.29082778499998 -37.7763292669999,-6.29088790499998 -37.7716989859999,-6.29094804999994 -37.7648844029999,-6.29223641099998 -37.7621254169999,-6.29207825799995 -37.758311847,-6.29130658299994 -37.757662517,-6.29077217499997 -37.7574300109999,-6.28932984799997 -37.7577967409999,-6.28778103399998 -37.758079843,-6.28658551099994 -37.758975854,-6.28552210699996 -37.762713635,-6.28263778999997 -37.765567228,-6.27822876299996 -37.770037079,-6.27534599099994 -37.7714219329999,-6.27306514599996 -37.7714011219999,-6.26805345599996 -37.77047787,-6.26563616099997 -37.769490135,-6.26456715799998 -37.7624358479999,-6.25868002499993 -37.760549608,-6.25578013199993 -37.760516356,-6.25409061099998 -37.761741086,-6.25287342999997 -37.776613218,-6.24587491599993 -37.770154153,-6.24308346699996 -37.765822551,-6.24226036899995 -37.763066345,-6.24113557899994 -37.761421652,-6.23955501099994 -37.761195339,-6.23851989599996 -37.761644641,-6.23628879399996 -37.762772221,-6.23533743999997 -37.765233914,-6.23413676599995 -37.774967654,-6.23268238999998 -37.775415525,-6.23241289799995 -37.775616504,-6.23134354299998 -37.763845793,-6.21889959999993 -37.762065594,-6.21787180899997 -37.7575925579999,-6.21772571899993 -37.756068211,-6.21715698799994 -37.753079436,-6.21442974999997 -37.751867906,-6.21156735899996 -37.7521248159999,-6.20914970599995 -37.754864638,-6.20205511499995 -37.754571562,-6.20019329999997 -37.753534622,-6.19846867099994 -37.749201999,-6.19382935499993 -37.745789639,-6.19103141599993 -37.7423738759999,-6.18897542199994 -37.732122541,-6.18480986799995 -37.7164085649999,-6.17923650099993 -37.716285706,-6.17919961899997 -37.716273276,-6.17919542399994 -37.7089966189999,-6.17700401799993 -37.7075242249999,-6.17685543299996 -37.7061861339999,-6.17741003099997 -37.704076609,-6.17961603699996 -37.700069936,-6.18511776499997 -37.69818272,-6.18660313599997 -37.6958804889999,-6.18728658199996 -37.688940647,-6.18694346299998 -37.6801587269999,-6.18914680999995 -37.680151499,-6.18914199299996 -37.6800915119999,-6.18915699799993 -37.673170075,-6.19058026299996 -37.663082292,-6.19101841199995 -37.654409802,-6.18983491199998 -37.646711932,-6.18939230299998 -37.644549793,-6.18841363799993 -37.642818974,-6.18705911599994 -37.64015574,-6.18160898599996 -37.6384755989999,-6.17983697699998 -37.6206576,-6.17608715199998 -37.6162021279999,-6.17568235399995 -37.616249136,-6.17619751399997 -37.613664802,-6.17857606499996 -37.6136321559999,-6.17921220299996 -37.6136060389999,-6.17946535899995 -37.613658272,-6.17956272699996 -37.6138149719999,-6.17969255099996 -37.6140108449999,-6.17978342799995 -37.6143242439999,-6.17995219899996 -37.614624584,-6.18015991699997 -37.6150685649999,-6.18028973999998 -37.6155125449999,-6.18041956399998 -37.6159826429999,-6.18051044099997 -37.616522924,-6.18064174199998 -37.617157886,-6.18079605199995 -37.6173929349999,-6.18075061399998 -37.6175692209999,-6.18066622899994 -37.6180132019999,-6.18059482599995 -37.618280897,-6.18064026399998 -37.6185355329999,-6.18072464899996 -37.6186661149999,-6.18069868499992 -37.6189599259999,-6.18075061399998 -37.6192472079999,-6.18082850799993 -37.61945614,-6.18089341999996 -37.619691189,-6.18126341699997 -37.6198740049999,-6.18136078499998 -37.6199262379999,-6.18147762599995 -37.619893592,-6.18159446699997 -37.619802184,-6.18168534299997 -37.619802184,-6.18178920199995 -37.61975648,-6.18213323299994 -37.6196977179999,-6.18249024699998 -37.619710776,-6.18258761399994 -37.619769538,-6.18278883999994 -37.61968466,-6.18297708399996 -37.6196977179999,-6.18319778299997 -37.619645485,-6.18378198599993 -37.6196324269999,-6.18421689199994 -37.619554077,-6.18489196899998 -37.619397378,-6.18524898099997 -37.6192472079999,-6.18554108199993 -37.619240679,-6.18570335999993 -37.619279854,-6.18595002199993 -37.61923415,-6.18608633499997 -37.6192210909999,-6.18720929699998 -37.619240679,-6.18798822799994 -37.619077451,-6.18813752299997 -37.6189403389999,-6.18839067499994 -37.6189860429999,-6.18855944299997 -37.619168858,-6.18868926499994 -37.6192472079999,-6.18878013999995 -37.6192929119999,-6.18907223899993 -37.619364732,-6.18937731899996 -37.619436553,-6.18958503299996 -37.619567135,-6.18976678299992 -37.6198740049999,-6.19003940799996 -37.6199915289999,-6.19026659499997 -37.620115582,-6.19058465699993 -37.6203898059999,-6.19082482599993 -37.6205269179999,-6.19110394099994 -37.620553034,-6.19135060099995 -37.620572621,-6.19168164499996 -37.620742379,-6.19200619699996 -37.620866432,-6.19229180199994 -37.620918665,-6.19257740799998 -37.620853374,-6.19301879799997 -37.620742379,-6.19333685799995 -37.6205922089999,-6.19364842699997 -37.620402864,-6.19385613999998 -37.620180874,-6.19397297799998 -37.6199262379999,-6.19403788799997 -37.6198348299999,-6.19420665499996 -37.619665072,-6.19462856999996 -37.619567135,-6.19486224599996 -37.6195410189999,-6.19512837799994 -37.61945614,-6.19524521599993 -37.619253737,-6.19531661699995 -37.6190448049999,-6.19547240099996 -37.6189338099999,-6.19554380199997 -37.618718348,-6.19586185999998 -37.6186465279999,-6.19604360799997 -37.6186008239999,-6.19632271999996 -37.618437596,-6.19669919799998 -37.618326601,-6.19683550799994 -37.6182417219999,-6.19705620099995 -37.618202547,-6.19730285899993 -37.6182417219999,-6.19780915399997 -37.618326601,-6.19808826599996 -37.618365775,-6.19827650399998 -37.618411479,-6.19831544999994 -37.6184637119999,-6.19841281399994 -37.618639999,-6.19858157899995 -37.618770581,-6.19865297899997 -37.618946868,-6.19874385299994 -37.6191623289999,-6.19890612699993 -37.6193386159999,-6.19915927399995 -37.6194496109999,-6.19943838499995 -37.6195410189999,-6.19984082299993 -37.6195410189999,-6.19991871499997 -37.619482257,-6.20012642499995 -37.619488786,-6.20038606199995 -37.619416965,-6.20071060899994 -37.619351674,-6.20078849999993 -37.619260266,-6.20091182799996 -37.619129684,-6.20102866499997 -37.618901164,-6.20111953799994 -37.6187836399999,-6.20124286499993 -37.6186726449999,-6.20142461099994 -37.6185812369999,-6.20167775699997 -37.618496358,-6.20202826699995 -37.618346188,-6.20285261299995 -37.618300484,-6.20314470299996 -37.618300484,-6.20341732099996 -37.6183331299999,-6.20383273799996 -37.618326601,-6.20391062899995 -37.618248251,-6.20403395599993 -37.6181046099999,-6.20422219199997 -37.618117668,-6.20441042799996 -37.618117668,-6.20472848099996 -37.6180654349999,-6.20496215299994 -37.61803279,-6.20515038799994 -37.618137256,-6.20533213299996 -37.6181699009999,-6.20557229499997 -37.618098081,-6.20576052999996 -37.6179936149999,-6.20590332999996 -37.617960969,-6.20602016499993 -37.617987086,-6.20628629099997 -37.6180589059999,-6.20641610799993 -37.618163372,-6.20651347099994 -37.618293955,-6.20657837899995 -37.6184245379999,-6.20679906899994 -37.61870529,-6.20725991899997 -37.618790169,-6.20747411699995 -37.6189142219999,-6.20767533399993 -37.6190970379999,-6.20798040299997 -37.619175298,-6.20804575599993 -37.619260266,-6.20811671099995 -37.619377791,-6.20823354599997 -37.619423495,-6.20839581699994 -37.619443082,-6.20861650599994 -37.6194757279999,-6.20876579499998 -37.619482257,-6.20905139099995 -37.619593252,-6.20918120799996 -37.6197173049999,-6.20951223999998 -37.619802184,-6.20964205699994 -37.619847888,-6.20989519899996 -37.619998058,-6.21018728499996 -37.619971941,-6.21053129899997 -37.619958883,-6.21100512799995 -37.6199458249999,-6.21127774099995 -37.6199001209999,-6.21153737299994 -37.6198348299999,-6.21182296799998 -37.619821771,-6.21208259999997 -37.619847888,-6.21235521299997 -37.6199654119999,-6.21269922499994 -37.6200372329999,-6.21297183799993 -37.620017645,-6.21324445099998 -37.620017645,-6.21347811899994 -37.619998058,-6.21367284199994 -37.619978471,-6.21399738099996 -37.6199458249999,-6.21431542799996 -37.6200111159999,-6.21444524299994 -37.620174345,-6.21458803999997 -37.6203441019999,-6.21473083699993 -37.6204355099999,-6.21491257799994 -37.620461626,-6.21515273599994 -37.620461626,-6.21535394899996 -37.6205203879999,-6.21549025499996 -37.620572621,-6.21566550499995 -37.6201221109999,-6.21622370999995 -37.619971941,-6.21642492199993 -37.619948967,-6.21647313999995 -37.6198544169999,-6.21667157099995 -37.619619368,-6.21706101499996 -37.6194757279999,-6.21730117199996 -37.619214562,-6.21767114299996 -37.618946868,-6.21815794699995 -37.6187771109999,-6.21852142699993 -37.618653057,-6.21891735999998 -37.618542062,-6.21952099599997 -37.6185094159999,-6.21986500299994 -37.61850322,-6.22009291499995 -37.618496358,-6.22034531399993 -37.6183984209999,-6.22076720899997 -37.61825478,-6.22126699099994 -37.6182613089999,-6.22158503499998 -37.6182874259999,-6.22196798399995 -37.618385363,-6.22259108799994 -37.618502887,-6.22317524799996 -37.618659586,-6.22394114399998 -37.6186726449999,-6.22440847099995 -37.618667871,-6.22494944499994 -37.6186661149999,-6.22514840299993 -37.6186269409999,-6.22539504699995 -37.618522475,-6.22573255999993 -37.618411479,-6.22595973099993 -37.61818296,-6.22651143399997 -37.618078494,-6.22681000199998 -37.6179544399999,-6.22742011899993 -37.6179022069999,-6.22784849899995 -37.61780427,-6.22821846299996 -37.6176802169999,-6.22847808599994 -37.617275411,-6.22906223899997 -37.6172362359999,-6.22924397499997 -37.617223178,-6.22959446699997 -37.61722305,-6.22971543099993 -37.617223178,-6.22972427799994 -37.61713177,-6.22993846699995 -37.6169620119999,-6.23019159899997 -37.616929367,-6.23039929799995 -37.6169424249999,-6.23057454299993 -37.617059949,-6.23082767499994 -37.617184003,-6.23098344799996 -37.617379877,-6.23125605199994 -37.6174850369999,-6.23145282999997 -37.617490872,-6.23146374899994 -37.6175055969999,-6.23155423999998 -37.617562692,-6.23190510699993 -37.61758228,-6.23223612499993 -37.617667158,-6.23269695299996 -37.61773506,-6.23301838199995 -37.61780427,-6.23334600599998 -37.617856503,-6.23370947599994 -37.617823858,-6.23393664399993 -37.617738979,-6.23424818899997 -37.617745508,-6.23455324399993 -37.617889149,-6.23495565499996 -37.617755299,-6.23560358899994 -37.617738979,-6.23568259199993 -37.6178168129999,-6.23589195399995 -37.617849974,-6.23598115499993 -37.6182156049999,-6.23651337499996 -37.618457183,-6.23683140899993 -37.618639999,-6.23704559499993 -37.6193386159999,-6.23758430499993 -37.6196977179999,-6.23783743399997 -37.6205008009999,-6.23835667099996 -37.620912136,-6.23869417599997 -37.621205947,-6.23906413199995 -37.6214018209999,-6.23925884599993 -37.6215715779999,-6.23947303099993 -37.6217805109999,-6.23982351499996 -37.621917622,-6.23999226699993 -37.62200903,-6.24016750899995 -37.6220677919999,-6.24039467399996 -37.622126555,-6.24062832999994 -37.6221853169999,-6.24084251499994 -37.6222310209999,-6.24117352699994 -37.622198375,-6.24140069199996 -37.622041676,-6.24155646199995 -37.621940969,-6.24165362799994 -37.6218196849999,-6.24177064599996 -37.621591166,-6.24202377299997 -37.6214018209999,-6.24218603299994 -37.621271238,-6.24240021699995 -37.6211928889999,-6.24258194899994 -37.621140656,-6.24280262299993 -37.621140656,-6.24308820099998 -37.621166772,-6.24339974099996 -37.621147185,-6.24366584699993 -37.6212190049999,-6.24401632899998 -37.6214214079999,-6.24438628099995 -37.621538933,-6.24498339699994 -37.621728278,-6.24519757999997 -37.6219372099999,-6.24530142599997 -37.6220939089999,-6.24530142599997 -37.62230937,-6.24527546399997 -37.6227598799999,-6.24518459899997 -37.6230536909999,-6.24522354099997 -37.62308795,-6.24523035299995 -37.6237066039999,-6.24535334899997 -37.62388942,-6.24548315699997 -37.623974298,-6.24567137799994 -37.6240134729999,-6.24588555999998 -37.624026531,-6.24609974199996 -37.624078765,-6.24665791399997 -37.624046119,-6.24690454799997 -37.624004826,-6.24722919999994 -37.623974298,-6.24746920899997 -37.6238110699999,-6.24791055299994 -37.6236804879999,-6.24842328999995 -37.6235390749999,-6.24871068299996 -37.623386677,-6.24902040099994 -37.6232560939999,-6.24925405399995 -37.6230341039999,-6.24957207999995 -37.6228251709999,-6.24991606699996 -37.6227141759999,-6.25008481499998 -37.6225835939999,-6.25032495699998 -37.622439953,-6.25054562799994 -37.622374661,-6.25079225999997 -37.6222767249999,-6.25109081399995 -37.622106967,-6.25126605299994 -37.621989443,-6.25141532999993 -37.621760923,-6.25173335499994 -37.6214409959999,-6.25237589399995 -37.621023131,-6.25292756899995 -37.6205660919999,-6.25334294699996 -37.620448568,-6.25360904899998 -37.6201874029999,-6.25399846499994 -37.619939296,-6.25447874499997 -37.619802184,-6.25477080699994 -37.6196716009999,-6.25500445699993 -37.619462669,-6.25521214499997 -37.619194975,-6.25540685299995 -37.61908398,-6.25558208999996 -37.6189599259999,-6.25580275799996 -37.618718348,-6.25597150499993 -37.618516969,-6.25606632699993 -37.6182221349999,-6.25620515399993 -37.617960969,-6.25641933199995 -37.6178826199999,-6.25662701999994 -37.617699804,-6.25698398299994 -37.617340702,-6.25746425999995 -37.6171252409999,-6.25776930099994 -37.6165833229999,-6.25858057799996 -37.616511502,-6.25873634399994 -37.6164098089999,-6.25915258499998 -37.616400507,-6.25919065899996 -37.6161197549999,-6.25974232599998 -37.616021818,-6.25999544399997 -37.615904293,-6.26017067899994 -37.6158259439999,-6.26034591399997 -37.615741065,-6.26053412999994 -37.615675774,-6.26076777699996 -37.61563007,-6.26099493399994 -37.615584366,-6.26129997199996 -37.6155321329999,-6.26154659899993 -37.6154799,-6.26172832399993 -37.6154472539999,-6.26190355899996 -37.6154668419999,-6.26263045799993 -37.6154276669999,-6.26315616099993 -37.6154799,-6.26342225799993 -37.615499487,-6.26360398199995 -37.615571308,-6.26376623599998 -37.6155974239999,-6.26390252899995 -37.615571308,-6.26414266499995 -37.615388492,-6.26517459699994 -37.6153758309999,-6.26522179199998 -37.6153362589999,-6.26536930099996 -37.6153327709999,-6.26542131199994 -37.615323201,-6.26556400499993 -37.615284026,-6.26570678799993 -37.615055506,-6.26612864599997 -37.614742108,-6.26671275699994 -37.6145266469999,-6.26708269299996 -37.614454826,-6.26727090699995 -37.614422181,-6.26754998099995 -37.614474414,-6.26778362499994 -37.6145005299999,-6.26797832799997 -37.613795384,-6.27060681199993 -37.6136321559999,-6.27105462599997 -37.6136517429999,-6.27133369899997 -37.613638685,-6.27160628099995 -37.61352769,-6.27183343299993 -37.6131881749999,-6.27213197599997 -37.613065112,-6.27238828599997 -37.61273306,-6.27314888199993 -37.6126562929999,-6.27349819299997 -37.6127335099999,-6.27369391499997 -37.612977794,-6.27400147099996 -37.6131261429999,-6.27455915299993 -37.613274826,-6.27515460199993 -37.613170652,-6.27618285699998 -37.613024874,-6.27677335099997 -37.6130190339999,-6.27782339999993 -37.612995567,-6.27858655499995 -37.6129902829999,-6.27884343599993 -37.613113926,-6.27916716299995 -37.613213591,-6.27934002299997 -37.613201359,-6.27966495099997 -37.612658967,-6.28065175299997 -37.6120097579999,-6.28151108299994 -37.611540185,-6.28219508599994 -37.6112264029999,-6.28256800099996 -37.6109806929999,-6.28295542299998 -37.610811269,-6.28343281899993 -37.610739247,-6.28382626099994 -37.610750927,-6.28429450399994 -37.610640361,-6.28459763899997 -37.610309081,-6.28469876699995 -37.6099383919999,-6.28461139299998 -37.6094238749999,-6.28447996599994 -37.6091137079999,-6.28440716499995 -37.6089012099999,-6.28428062399996 -37.6085985249999,-6.28420020299995 -37.6084174869999,-6.28421690899995 -37.6082216849999,-6.28427151599993 -37.6079650259999,-6.28427378099997 -37.607352974,-6.28421119799998 -37.6070808169999,-6.28416827699994 -37.6066749559999,-6.28407832499994 -37.606589146,-6.28405930599996 -37.606226536,-6.28403228999997 -37.605645876,-6.28410539999993 -37.605276982,-6.28422196499997 -37.6050075539999,-6.28448873299993 -37.604586883,-6.28472661899997 -37.604491942,-6.28509004999995 -37.6043581929999,-6.28533295899996 -37.604162921,-6.28544799199994 -37.603907791,-6.28562398499997 -37.603584654,-6.28579302499998 -37.603426327,-6.28581708399997 -37.603207942,-6.28587944199995 -37.602877322,-6.28605610199997 -37.6024269179999,-6.28634712799993 -37.6017358129999,-6.28673847999994 -37.6012254149999,-6.28707535999996 -37.601273303,-6.28736954599998 -37.601321828,-6.28859287599994 -37.601274815,-6.29011165699995 -37.6011480139999,-6.29028651899995 -37.6009071789999,-6.29037173899997 -37.600642966,-6.29037406999993 -37.6004169619999,-6.29042894199995 -37.600137517,-6.29041629899996 -37.5998579389999,-6.29038854899994 -37.599473341,-6.29043726599997 -37.59917933,-6.29048518399998 -37.598854058,-6.29041251199993 -37.5985521649999,-6.29042272799995 -37.59813022,-6.29051709799995 -37.5978973979999,-6.29065512399995 -37.5974626829999,-6.29101399999996 -37.597087893,-6.29131946899997 -37.596953873,-6.29153216499998 -37.5968735609999,-6.29184259199997 -37.5968754899999,-6.29206164399994 -37.597015298,-6.29250610299994 -37.5972793509999,-6.29334227999993 -37.597274663,-6.29366714699995 -37.5973681799999,-6.29399870299994 -37.597596515,-6.29420820299993 -37.597816769,-6.29435734199996 -37.597918169,-6.29472659799995 -37.5981935299999,-6.29513208999998 -37.598467892,-6.29542427799993 -37.598720407,-6.29580730799995 -37.5992395379999,-6.29645992999997 -37.599766885,-6.29718801999996 -37.600223028,-6.29754658699994 -37.600640293,-6.29777707799997 -37.601246218,-6.29799834799996 -37.601610573,-6.29822174999993 -37.6022843059999,-6.29842731099995 -37.6026939559999,-6.29865031199995 -37.6037049839999,-6.29943454899995 -37.6040170969999,-6.29972639699997 -37.6040452889999,-6.29978158899996 -37.604140017,-6.29996703899997 -37.6041760169999,-6.30062392099995 -37.604299872,-6.30097031099996 -37.605018022,-6.30278447799998 -37.605265802,-6.30348480899994 -37.605953567,-6.30613017999997 -37.606701808,-6.30878256199998 -37.606772157,-6.30905388299993 -37.6068677609999,-6.30961958599994 -37.606905045,-6.31041997999995 -37.606912334,-6.31124330099993 -37.607016894,-6.31196755799994 -37.6070407449999,-6.31210331799997 -37.607139219,-6.31214021599993 -37.607372442,-6.31204749999995 -37.6077789619999,-6.31191547799995 -37.608215076,-6.31171520799995 -37.608508424,-6.31159174299995 -37.608682189,-6.31160530999995 -37.608856757,-6.31170951799993 -37.6089566699999,-6.31190881199996 -37.60894418,-6.31274353399994 -37.608911588,-6.32215240599993 -37.6088380379999,-6.32237212399997 -37.608919585,-6.32262823499997 -37.608892612,-6.32536669299998 -37.6087631039999,-6.32541326599994 -37.606795124,-6.32570269499996 -37.606724444,-6.32582040999995 -37.606841271,-6.32622351099997 -37.606935531,-6.32706116699995 -37.607026366,-6.32836342399997 -37.607085933,-6.32954509499996 -37.6072589949999,-6.33202882099994 -37.6072765759999,-6.33230816199995 -37.6072943259999,-6.33260638699994 -37.6073376269999,-6.33280618299995 -37.607297715,-6.33298783299995 -37.6072614779999,-6.33315811999995 -37.607243174,-6.33322249199995 -37.6072477879999,-6.33331687599997 -37.607268038,-6.33347155299998 -37.607250741,-6.33364922599998 -37.607217708,-6.33375527499993 -37.607222489,-6.33386854299994 -37.6072768129999,-6.33403424699998 -37.6073137729999,-6.33437007099997 -37.6073262049999,-6.33449460099996 -37.6073459689999,-6.33501942799995 -37.6073330519999,-6.33526504799994 -37.607225598,-6.33549262399993 -37.607113563,-6.33562959199998 -37.6070883479999,-6.33576578899994 -37.6070678479999,-6.33600769899994 -37.606968212,-6.33626542099995 -37.6069174799999,-6.33650382299993 -37.606861798,-6.33661007499995 -37.6067156559999,-6.33673223899996 -37.606595903,-6.33685039199997 -37.6065183109999,-6.33703993199993 -37.606467311,-6.33724812099996 -37.60639086,-6.33756606899993 -37.6063705949999,-6.33783441699995 -37.606345615,-6.33799704999996 -37.606278844,-6.33812983899998 -37.606170517,-6.33825922199998 -37.6059718289999,-6.33841584699996 -37.605792384,-6.33861384799997 -37.605699793,-6.33881485299997 -37.6056271849999,-6.33914032199993 -37.6056092169999,-6.33924246099997 -37.6055925589999,-6.33949189099997 -37.605602157,-6.33972220299995 -37.6056522709999,-6.33983884399993 -37.605649403,-6.33994084899996 -37.605563522,-6.34004736899993 -37.6054509159999,-6.34012013499995 -37.605334333,-6.34017027299996 -37.605274574,-6.34024256799995 -37.605234663,-6.34042421999993 -37.6051939119999,-6.34051145399997 -37.6049956599999,-6.34071717699993 -37.604587965,-6.34114382999996 -37.604389376,-6.34131178599995 -37.6042427959999,-6.34138485399995 -37.603677208,-6.34146165099997 -37.603571412,-6.34145126099997 -37.6034955119999,-6.34140661199996 -37.6034499849999,-6.34134089099996 -37.6034305009999,-6.34131276499994 -37.60327803,-6.34114793299995 -37.6032132199999,-6.34107674699993 -37.603107021,-6.34102103599997 -37.603020133,-6.34101425499995 -37.6029033139999,-6.34103795699997 -37.602798122,-6.34109554799994 -37.602662698,-6.34114963099995 -37.6024852469999,-6.34114743299995 -37.6023837289999,-6.34119365999993 -37.6023353269999,-6.34126963099993 -37.602332325,-6.34135652899994 -37.6023441529999,-6.34141307899995 -37.602382673,-6.34149960799994 -37.6023834109999,-6.34158269599993 -37.602346536,-6.34168122699998 -37.602328836,-6.34181357999995 -37.6024998029999,-6.34246304199996 -37.6025202829999,-6.34254084199995 -37.602597794,-6.34276677299994 -37.603317225,-6.34428250799994 -37.6033993519999,-6.34460282399994 -37.6034803379999,-6.34479472999993 -37.60353416,-6.34490378499993 -37.6035989709999,-6.34497497099994 -37.603652827,-6.34508780199997 -37.603688346,-6.34526122799997 -37.603744822,-6.34566864299995 -37.60374387,-6.34598592099996 -37.603782962,-6.34613665299997 -37.603825628,-6.34626469199998 -37.6042243649999,-6.34695233399998 -37.604404842,-6.34729443399993 -37.6045010629999,-6.34750131199996 -37.604521618,-6.34768997999993 -37.604618343,-6.34795350899998 -37.604703475,-6.34818692499994 -37.604694302,-6.34842873499997 -37.6047147899999,-6.34860984899996 -37.6047917,-6.34876779799993 -37.604924796,-6.34887614499996 -37.605016738,-6.34902640599995 -37.605066316,-6.34908261899994 -37.605195637,-6.34919099999996 -37.6052726139999,-6.34935650199998 -37.605273825,-6.34949246399998 -37.605222221,-6.34963267299997 -37.6052014209999,-6.34984059399994 -37.6051696,-6.35008260599994 -37.605087628,-6.35020419999995 -37.605138585,-6.35041525899993 -37.605167566,-6.35070205299996 -37.6052666209999,-6.35080314899994 -37.6053317029999,-6.35090454799996 -37.60541296,-6.35112666699996 -37.6054222929999,-6.35132676499995 -37.6054493899999,-6.35140206299997 -37.605461657,-6.35150770999996 -37.6054281529999,-6.35156088699995 -37.605395088,-6.35166316099998 -37.6053961979999,-6.35178779199993 -37.6054285499999,-6.35202923199995 -37.6054599939999,-6.35216870099993 -37.6055139869999,-6.35229663799993 -37.6056902239999,-6.35258589499995 -37.605827096,-6.35269420799995 -37.6059266569999,-6.35285195399996 -37.605962179,-6.35302537899997 -37.605900025,-6.35325255399994 -37.6058451179999,-6.35344567099997 -37.605872383,-6.35353985199993 -37.6059832359999,-6.35369372099996 -37.6061477109999,-6.35393398199994 -37.606445218,-6.35427503399995 -37.6065637209999,-6.35444016499997 -37.6065409669999,-6.35485206099997 -37.606611373,-6.35512715399994 -37.606701361,-6.35548138899998 -37.6067614529999,-6.35586988299997 -37.606790201,-6.35613023899998 -37.6068243409999,-6.35657184299993 -37.6068674119999,-6.35716822499995 -37.606913989,-6.35773435799996 -37.6068794729999,-6.35809725799993 -37.6068096,-6.35872864099997 -37.6067119219999,-6.35920541499996 -37.606424889,-6.35961589299995 -37.6062310849999,-6.35989712199995 -37.6061810649999,-6.36021483699994 -37.606245036,-6.36061462699996 -37.606222115,-6.36143066399995 -37.6059029269999,-6.36204538899995 -37.6055004199999,-6.36263064299993 -37.60515548,-6.36289811399996 -37.6041245059999,-6.36890161399998</coordinates></LinearRing></outerBoundaryIs></Polygon></MultiGeometry>
  </Placemark>
  <Placemark>
	<Style><LineStyle><color>ff0000ff</color></LineStyle><PolyStyle><fill>0</fill></PolyStyle></Style>
	<ExtendedData><SchemaData schemaUrl="#campus_uepbshp">
		<SimpleData name="fid">1</SimpleData>
		<SimpleData name="CD_MUN">2506301</SimpleData>
		<SimpleData name="NM_MUN">Guarabira</SimpleData>
		<SimpleData name="SIGLA_UF">PB</SimpleData>
		<SimpleData name="AREA_KM2">162.387000000000000</SimpleData>
		<SimpleData name="POP">58833</SimpleData>
		<SimpleData name="DENS">333.800000000000011</SimpleData>
		<SimpleData name="LAT">-6.877600000000000</SimpleData>
		<SimpleData name="LONG_GMS">-35º26'58&quot;</SimpleData>
		<SimpleData name="LAT_GMS">-6º52'39&quot;</SimpleData>
		<SimpleData name="LONG">-35.44957</SimpleData>
		<SimpleData name="MESO">Agreste Pa</SimpleData>
		<SimpleData name="MICRO">Guarabira</SimpleData>
		<SimpleData name="GENTILICO">Guarabirense</SimpleData>
		<SimpleData name="layer">NM_MUN_Guarabira</SimpleData>
		<SimpleData name="path">C:\Users\damas\OneDrive\2025_1\EAD\MAPAS\NM_MUN_Guarabira.gpkg|layername=NM_MUN_Guarabira</SimpleData>
	</SchemaData></ExtendedData>
      <MultiGeometry><Polygon><outerBoundaryIs><LinearRing><coordinates>-35.491853056,-6.89376660599993 -35.4947074739999,-6.89140930199994 -35.49701377,-6.88948171499993 -35.4996163869999,-6.88733546599997 -35.499528765,-6.88732603599993 -35.4994694879999,-6.88725180099993 -35.499418206,-6.88720498699996 -35.4993553319999,-6.88719354599993 -35.499299981,-6.88711928999993 -35.4993583949999,-6.88702874499995 -35.4992589559999,-6.88678208699997 -35.499229976,-6.88649582699998 -35.4990807139999,-6.88648091399995 -35.498923724,-6.88648958199997 -35.498856657,-6.88642715699996 -35.4991554699999,-6.88576253099995 -35.499166631,-6.88564476899995 -35.4991503329999,-6.88553107399997 -35.499259987,-6.88547949599996 -35.499350218,-6.88546725299994 -35.499405076,-6.88544734899995 -35.4994950399999,-6.88538410299998 -35.499518205,-6.88530943699993 -35.499533415,-6.88521519399995 -35.4996071209999,-6.88504609999995 -35.499649914,-6.88497133099997 -35.4997980859999,-6.88477830699998 -35.499821168,-6.88468794699997 -35.499797244,-6.88461744999995 -35.499800738,-6.88453503899996 -35.499835618,-6.88444854099993 -35.4999097969999,-6.88436968399998 -35.4999250069999,-6.88427544099994 -35.5000068109999,-6.88415338699997 -35.500022123,-6.88407876099996 -35.500072583,-6.88396863999998 -35.500126886,-6.88384280599996 -35.5001024069999,-6.88366637899998 -35.500078113,-6.88352526099993 -35.500034211,-6.88338816999993 -35.500018159,-6.88332155499995 -35.4999232829999,-6.88319650099993 -35.4998836359999,-6.88312216299994 -35.4998674189999,-6.88302416099998 -35.499929574,-6.88289828599994 -35.499933109,-6.88282372199996 -35.499905301,-6.88276109199995 -35.499865406,-6.88263967399996 -35.4998923319999,-6.88253359999993 -35.4999272119999,-6.88244710099997 -35.4999033079999,-6.88238052799994 -35.4998950459999,-6.88230210199993 -35.499941888,-6.88225085199997 -35.499957098,-6.88215660999998 -35.499925548,-6.88212930999993 -35.4998784809999,-6.88213740299994 -35.4997762469999,-6.88210654999995 -35.499709222,-6.88205197199994 -35.4996657099999,-6.88198942499997 -35.499637717,-6.88189148499993 -35.499546911,-6.88179387299994 -35.4995072639999,-6.88171953399996 -35.499506504,-6.88157437099994 -35.4995097939999,-6.88145272599996 -35.4995329989999,-6.88138590599993 -35.4995835,-6.88128363299995 -35.4995788959999,-6.88115418299998 -35.4995588369999,-6.88107189499993 -35.4995463609999,-6.88093856299997 -35.4995455399999,-6.88078162899996 -35.4994902719999,-6.88072306599997 -35.4994774269999,-6.88051911399998 -35.4994646649999,-6.88033085499995 -35.4994638639999,-6.88017784399995 -35.4995886049999,-6.88000848399997 -35.499615777,-6.87994948999994 -35.499572368,-6.87990655899995 -35.499560365,-6.87986346399992 -35.4995953069999,-6.87978873499998 -35.499598842,-6.87971417099993 -35.499594424,-6.87962003099994 -35.499645089,-6.87954914499994 -35.499809682,-6.87949335599995 -35.50002905,-6.87940196999995 -35.500224945,-6.87932640099996 -35.5003459239999,-6.87918844799998 -35.5004587839999,-6.87899953199997 -35.5006230889999,-6.87888881699996 -35.500822418,-6.87871906599997 -35.500975274,-6.87867118599996 -35.5012302599999,-6.87863454199993 -35.501359795,-6.87859513399997 -35.5051672349999,-6.87582817599997 -35.525329583,-6.86675629699994 -35.530916776,-6.86971074099995 -35.534771667,-6.87177333299996 -35.535042013,-6.87158802799996 -35.535241298,-6.87136435799994 -35.535184139,-6.87108639199994 -35.535305878,-6.87094104799996 -35.5357406329999,-6.87101666199993 -35.536029898,-6.87095947599994 -35.536374731,-6.87087973499996 -35.5368863219999,-6.87074345699995 -35.537230741,-6.87058580199994 -35.5374194189999,-6.87046236499998 -35.537362436,-6.87021779099996 -35.537013827,-6.86958518599994 -35.536890435,-6.86941887899997 -35.536889491,-6.86924079199997 -35.536843468,-6.86896276699997 -35.53699791,-6.86868368099994 -35.537274974,-6.86842620699997 -35.53765233,-6.86817933299994 -35.538018489,-6.86792138699997 -35.5384517049999,-6.86770760799993 -35.538796357,-6.86759447499998 -35.539018149,-6.86741520899994 -35.5388058409999,-6.86728276499997 -35.538571436,-6.86718383099998 -35.538281405,-6.86709632099996 -35.538180761,-6.86701893899993 -35.5381348559999,-6.86676317599995 -35.537955554,-6.86626108899998 -35.537841403,-6.86603010299996 -35.537539352,-6.86577569499997 -35.537282497,-6.86564348699994 -35.5371823249999,-6.86565514799997 -35.53684822,-6.86565691599998 -35.536669795,-6.86561333799995 -35.536535799,-6.86554726199995 -35.536357551,-6.86553707499996 -35.5361775929999,-6.86520410499998 -35.536042654,-6.86495994299997 -35.535963459,-6.86472661699997 -35.535761994,-6.86453845999995 -35.5356942299999,-6.86436072699996 -35.535559763,-6.86420560699997 -35.5354591779999,-6.86413935499996 -35.5353693769999,-6.86400626099993 -35.5352336729999,-6.86361740299998 -35.5352763339999,-6.86326099299993 -35.5352522929999,-6.86292719799997 -35.5350839449999,-6.86268321199998 -35.534938342,-6.86252815099994 -35.5347485459999,-6.86244010899998 -35.534424991,-6.86233051199997 -35.5340016169999,-6.86229935699993 -35.533756314,-6.86224499899993 -35.533488619,-6.86216849799996 -35.533365467,-6.86204671099995 -35.533342252,-6.86186874099997 -35.5333859749999,-6.86171267999993 -35.533674471,-6.86151080199994 -35.533673705,-6.86136610599993 -35.533784602,-6.86127647399996 -35.533962554,-6.86123101099997 -35.534184818,-6.86114078999998 -35.5342846949999,-6.86107347799998 -35.534406611,-6.86096152599993 -35.53452829,-6.86080505299998 -35.5345166239999,-6.86070493799997 -35.5343361989999,-6.86028292299994 -35.5341678529999,-6.86003893599997 -35.5339766449999,-6.85968376199997 -35.533830985,-6.85951756999998 -35.533663169,-6.85937375599997 -35.533406613,-6.85929719599994 -35.533228837,-6.85937604999998 -35.533117235,-6.85933211599996 -35.532849836,-6.85931126699995 -35.5326611529999,-6.85931832799997 -35.532653355,-6.85925937599995 -35.532651029,-6.85920091399993 -35.532594274,-6.85915080499996 -35.532503575,-6.85916741399996 -35.532291775,-6.85917458199998 -35.5320900629999,-6.85918169499996 -35.5319129119999,-6.85925521999997 -35.531850371,-6.85925554999994 -35.531695316,-6.85931080999995 -35.53162207,-6.85919424699995 -35.531580901,-6.85903920399994 -35.5315122969999,-6.85903754999993 -35.5313351889999,-6.85911913899997 -35.5312424209999,-6.85931723199997 -35.53121125,-6.85952709899993 -35.531042509,-6.85966510199995 -35.530927568,-6.85966418099997 -35.530767924,-6.85962622399995 -35.5305332189999,-6.85949841399997 -35.530378615,-6.85925726599993 -35.530232763,-6.85914511899995 -35.529997888,-6.85898504799997 -35.5298605739999,-6.85896157599996 -35.529707631,-6.85903497099997 -35.529587181,-6.85914852299993 -35.5295392309999,-6.85923749599993 -35.529442649,-6.85928639799994 -35.529369765,-6.85923838999997 -35.52926473,-6.85921474699995 -35.5291598659999,-6.85922336499993 -35.529022084,-6.85911117499995 -35.5289002709999,-6.85896663899996 -35.5286889239999,-6.85867739599996 -35.528316268,-6.85840513299996 -35.528162602,-6.85834141899994 -35.5279368179999,-6.85837487099997 -35.5278002279999,-6.85848850699995 -35.5276714939999,-6.85856177499994 -35.52754242,-6.85857051999994 -35.527235258,-6.85847535299996 -35.526879422,-6.85833204799997 -35.526523034,-6.85808389499994 -35.526335558,-6.85772999999995 -35.526286119,-6.85753668899997 -35.526019307,-6.85744130799998 -35.525728753,-6.85743477199998 -35.525438241,-6.85743630099995 -35.525171768,-6.85740544099997 -35.5249213929999,-6.85736643099995 -35.5247353629999,-6.85728675499996 -35.5245559159999,-6.85692475099995 -35.524450287,-6.85678819299994 -35.524409089,-6.85662709999997 -35.524383988,-6.85645785699995 -35.524422935,-6.85619148999996 -35.524381524,-6.85599006999996 -35.5242913559999,-6.85572438299994 -35.5241207019999,-6.85549944599995 -35.52393497,-6.85547622599995 -35.523692581,-6.85542104199993 -35.5234665,-6.85539803399996 -35.523296568,-6.85531020699995 -35.5231753099999,-6.85527051699995 -35.522867768,-6.85510275799993 -35.5226575729999,-6.85503127299995 -35.5225279049999,-6.85492710299997 -35.522277064,-6.85479937299993 -35.522042617,-6.85471994899996 -35.5218405759999,-6.85466455199997 -35.521662745,-6.85460902799997 -35.5215572019999,-6.85448859899998 -35.521637475,-6.85440752199997 -35.5216364569999,-6.85421395499998 -35.521676085,-6.85407663299998 -35.521562133,-6.85389172499993 -35.5214241419999,-6.85373920399996 -35.5212785049999,-6.85366737999993 -35.520954613,-6.85345937699998 -35.520865295,-6.85335499399997 -35.520678886,-6.85320272799993 -35.520565231,-6.85307427599997 -35.5204439309999,-6.85302651899997 -35.5203788649999,-6.85293007499996 -35.5203541889999,-6.85284148299996 -35.520289335,-6.85278536499993 -35.52024045,-6.85269690099994 -35.520255742,-6.85253550999994 -35.520287385,-6.85241436099994 -35.5203349989999,-6.85226086599994 -35.5203096879999,-6.85205129499997 -35.5202687459999,-6.85193859199995 -35.5202280579999,-6.85187428199993 -35.5201868619999,-6.85171318699997 -35.5201782419999,-6.85160838099995 -35.520226152,-6.85151134299997 -35.520144565,-6.85134239499996 -35.520087314,-6.85119751599996 -35.520103115,-6.85113290799995 -35.5201750639999,-6.85100348199995 -35.5201985529999,-6.85086624499996 -35.5201978329999,-6.85072913499994 -35.5201165,-6.85060857899998 -35.520079086,-6.85055312099996 -35.520067701,-6.85053624499994 -35.520010493,-6.85039943099997 -35.51996917,-6.85021414099998 -35.519903977,-6.85009349999996 -35.519806463,-6.84996496299993 -35.51974161,-6.84990884399997 -35.5196683469999,-6.84978824499996 -35.5194982909999,-6.84967621999994 -35.5194172129999,-6.84960405499993 -35.519319869,-6.84950777899996 -35.519173683,-6.84933110399993 -35.5188779119999,-6.84909875399995 -35.518857526,-6.84905853399994 -35.5187947009999,-6.84900442099996 -35.518675419,-6.84895665299996 -35.5185617569999,-6.84889392999997 -35.518449398,-6.84881762799995 -35.5183503379999,-6.84880239099994 -35.518164081,-6.84884941199994 -35.5180063029999,-6.84885331599997 -35.517923324,-6.84879169599998 -35.5179103469999,-6.84871663799993 -35.5178869219999,-6.84863614699998 -35.517896734,-6.84858366999993 -35.517912651,-6.84854124199995 -35.5179043489999,-6.84849692599994 -35.517882115,-6.84848897599994 -35.5177852579999,-6.84848545099993 -35.517754923,-6.84847149599995 -35.517734643,-6.84845143799993 -35.517708247,-6.84841931399995 -35.5176817669999,-6.84837105999998 -35.517645242,-6.84833092299993 -35.5175946049999,-6.84829287699995 -35.517546145,-6.84828506599996 -35.517481704,-6.84830758299995 -35.517441514,-6.84833803999993 -35.5173710839999,-6.84837268699994 -35.517350995,-6.84838892399995 -35.517320339,-6.84839760799997 -35.517314734,-6.84839919599995 -35.517282413,-6.84839129999995 -35.5172493279999,-6.84834212399994 -35.5088661189999,-6.82613695599997 -35.508212617,-6.82577895699995 -35.507820739,-6.82549348099997 -35.507428701,-6.82517719899994 -35.506709152,-6.82509879399993 -35.5064002089999,-6.82495664199996 -35.5063381429999,-6.82487481799996 -35.506295821,-6.82463886399995 -35.50619154,-6.82434162199996 -35.506067674,-6.82422931299993 -35.5060465939999,-6.82412673799996 -35.5061479899999,-6.82386950099993 -35.506116316,-6.82370536999997 -35.5060326349999,-6.82341828899996 -35.5058461689999,-6.82312147399995 -35.505588006,-6.82286610499995 -35.5052785839999,-6.82263153899993 -35.504712174,-6.82236750099997 -35.504475038,-6.82220443799997 -35.504329507,-6.82187660399995 -35.504050959,-6.82165214399993 -35.503916928,-6.82156042399993 -35.503658553,-6.82126397999997 -35.5033382189999,-6.82090624699993 -35.503130944,-6.82055819599998 -35.502924682,-6.82040523899997 -35.50245244,-6.82046929999996 -35.501640438,-6.82039136399993 -35.501199174,-6.82048606799998 -35.501045876,-6.82064088999994 -35.500871127,-6.82062125899995 -35.500429809,-6.82070569399997 -35.499978058,-6.82075937799993 -35.4995692099999,-6.82116196699997 -35.499333726,-6.82131721499997 -35.4989234929999,-6.82145283099993 -35.49863643,-6.82156727099994 -35.49827687,-6.82156913399996 -35.4971360169999,-6.82147235599996 -35.496940614,-6.82143229399998 -35.496683784,-6.82143362399995 -35.496489711,-6.82165026699994 -35.49639837,-6.82186637799998 -35.496123441,-6.82234015199998 -35.4956837679999,-6.82274289899993 -35.495294025,-6.82286813799993 -35.495079244,-6.82305408199994 -35.494905291,-6.82318847299996 -35.49473155,-6.82336393599996 -35.4943732099999,-6.82360196599996 -35.4941700319999,-6.82404456299997 -35.4939250159999,-6.82434361799994 -35.493535164,-6.82444831899994 -35.49274492,-6.82460643399997 -35.492396479,-6.82477253199994 -35.492149495,-6.82469165999993 -35.4916145409999,-6.82455066599994 -35.4912957509999,-6.82449070199993 -35.49120292,-6.82441930199997 -35.4911099289999,-6.82431709699995 -35.4908421339999,-6.82418498899995 -35.490564331,-6.82410427599996 -35.490101237,-6.82395263999996 -35.4898227969999,-6.82374870699994 -35.489554206,-6.82346257399996 -35.48940863,-6.82312446299994 -35.4891898669999,-6.82254028499995 -35.4889933489999,-6.82228458599997 -35.488527394,-6.82157845999996 -35.4880212479999,-6.82104710499993 -35.4877225829999,-6.82090488599994 -35.487166239,-6.82059969799997 -35.486269448,-6.82001901199993 -35.485784806,-6.81967237699996 -35.48570101,-6.81943478599993 -35.485641619,-6.81928572499993 -35.485607907,-6.81902810799994 -35.479786094,-6.81718921199996 -35.4645318579999,-6.81244126899998 -35.4586855699999,-6.82306568399997 -35.4585573259999,-6.82329874499993 -35.458343783,-6.82308898199994 -35.4582579139999,-6.82277638899996 -35.4581177429999,-6.82269388799995 -35.458019107,-6.82259334399993 -35.457861066,-6.82250498999997 -35.457691268,-6.82244344399993 -35.45750994,-6.82245328399995 -35.4573255029999,-6.82243639199993 -35.457178171,-6.82240742299996 -35.457102048,-6.82234837099998 -35.457163943,-6.82224106499996 -35.457178552,-6.82219046699993 -35.45713647,-6.82210152199997 -35.4570111049999,-6.82200705799994 -35.45681746,-6.82193374499997 -35.4564077489999,-6.82176345799996 -35.4562321399999,-6.82172868799995 -35.456112541,-6.82159852999996 -35.455749037,-6.82145178299993 -35.455626949,-6.82141673999996 -35.455487536,-6.82148283399994 -35.455416296,-6.82148561099996 -35.4553121399999,-6.82148966999995 -35.455115597,-6.82143123099996 -35.4547431739999,-6.82128452799998 -35.4545910799999,-6.82119614299995 -35.45444522,-6.82116419299996 -35.4544160739999,-6.82109693099994 -35.4543218599999,-6.82087951099993 -35.4541190689999,-6.82076166399997 -35.453857022,-6.82068572499998 -35.453594341,-6.82048496699997 -35.4535751999999,-6.82022947399997 -35.4534555399999,-6.82008742699998 -35.4532170689999,-6.81996976099992 -35.452913125,-6.81984053899993 -35.452663002,-6.81977048299996 -35.4523889119999,-6.81966488499995 -35.452251958,-6.81962991799998 -35.452019736,-6.81957165799997 -35.451894524,-6.81950691099996 -35.4518940099999,-6.81940586599995 -35.451875897,-6.81935246199993 -35.451727201,-6.81934727399994 -35.4516319639999,-6.81932992599997 -35.4515484089999,-6.81927091099993 -35.451441248,-6.81924767999993 -35.451257144,-6.81929616699995 -35.4509548309999,-6.81948790899997 -35.4507708479999,-6.81956017199997 -35.450645938,-6.81955486199996 -35.45035573,-6.81978815099995 -35.4502074559999,-6.81986617599995 -35.449497175,-6.81935265699997 -35.4492636849999,-6.81904475499994 -35.448948059,-6.81895719699997 -35.4488283709999,-6.81880920499998 -35.448631951,-6.81877453799996 -35.4484594369999,-6.81876352599994 -35.4483824929999,-6.81883524399996 -35.4483178039999,-6.81897822799993 -35.44829444,-6.81906156199994 -35.4482114579999,-6.81911547899995 -35.4481341219999,-6.81910992699994 -35.448068588,-6.81908648399997 -35.4479554499999,-6.81905733799994 -35.4478245029999,-6.81903422599993 -35.4477159309999,-6.81910103899997 -35.447688152,-6.81911813399995 -35.4475692789999,-6.81913062499996 -35.446968666,-6.81913367099997 -35.446795971,-6.81908699499996 -35.446616575,-6.81889175299995 -35.446478897,-6.81871413099998 -35.4462407889999,-6.81866778699998 -35.446109932,-6.81866250599995 -35.4460086879999,-6.81863329899994 -35.445895008,-6.81849716399995 -35.4457639399999,-6.81845027599996 -35.44560338,-6.81845108999994 -35.445502227,-6.81843971399996 -35.445421494,-6.81835096399993 -35.445453764,-6.81826461199995 -35.445435668,-6.81821417999993 -35.4453524749999,-6.81822648899993 -35.445319436,-6.81816127299993 -35.4453607459999,-6.81809865199995 -35.4453398429999,-6.81808092599994 -35.4453071359999,-6.81808109099995 -35.445259623,-6.81809321999998 -35.4452031599999,-6.81809944999998 -35.445146501,-6.81806704499996 -35.4450064229999,-6.81800237099998 -35.444917072,-6.81797310399998 -35.444872291,-6.81793766699997 -35.4448274499999,-6.81789034199994 -35.444800358,-6.81782509499993 -35.444773418,-6.81778956799997 -35.444618819,-6.81779332299993 -35.4445535419999,-6.81782040099995 -35.444416648,-6.81779731899996 -35.44433572,-6.81766993299993 -35.4442489809999,-6.81756932399998 -35.444192398,-6.81755177899993 -35.444147753,-6.81754308899997 -35.444141595,-6.81750151199998 -35.444102776,-6.81746901699995 -35.444058116,-6.81745735499993 -35.4439776099999,-6.81741318199994 -35.443861198,-6.81732461199994 -35.443804449,-6.81727437499995 -35.4437179509999,-6.81722131699996 -35.443637505,-6.81718903199993 -35.443557165,-6.81717755099993 -35.4434946499999,-6.81716300799997 -35.443399443,-6.81715160199997 -35.4433279479999,-6.81712521599997 -35.4432891289999,-6.81709271999995 -35.443247141,-6.81702160499998 -35.4432350069999,-6.81697411399995 -35.443202115,-6.81688289799996 -35.4431148539999,-6.81673398999993 -35.443046422,-6.81672541999995 -35.442983907,-6.81671087699993 -35.4429184639999,-6.81670526399995 -35.442897425,-6.81666078999996 -35.4429210609999,-6.81663095099998 -35.4429027689999,-6.81654188299996 -35.4428758129999,-6.81650338399993 -35.4428073359999,-6.81648589799994 -35.4427655439999,-6.81645341799998 -35.442759387,-6.81641184099993 -35.4427413509999,-6.81637329599994 -35.4427174589999,-6.81635261299994 -35.44262829,-6.81635900799995 -35.442589727,-6.81637703499996 -35.44253029,-6.81638327999997 -35.44250347,-6.81637152799993 -35.442488483,-6.81634782799995 -35.442440699,-6.81630646099995 -35.4424136979999,-6.81625904599997 -35.442351093,-6.81622667099998 -35.442264731,-6.81620035899994 -35.442187229,-6.81616211599993 -35.4421395049999,-6.81613263699995 -35.441934105,-6.81608612399998 -35.441749503,-6.81603653399998 -35.44167197,-6.81599234599997 -35.4415945439999,-6.81596896099995 -35.4415262319999,-6.81598416699995 -35.4414459979999,-6.81599348899994 -35.441398379,-6.81598481399993 -35.441332831,-6.81595839699997 -35.441276307,-6.81595273899995 -35.441228644,-6.81593514799994 -35.4411811909999,-6.81595916399993 -35.441136591,-6.81595938899994 -35.441100746,-6.81592687899996 -35.4410709969999,-6.81592405699996 -35.4409907629999,-6.81593337899994 -35.440878002,-6.81597852899995 -35.440813195,-6.81602165799995 -35.440756501,-6.81605938799993 -35.4407090789999,-6.81608934699995 -35.4406406919999,-6.81608969299998 -35.4405873979999,-6.81613454299998 -35.440528006,-6.81614970299995 -35.44045965,-6.81615599299994 -35.4403734379999,-6.81615940099994 -35.4401918999999,-6.81612762599997 -35.439980748,-6.81611977699993 -35.439882327,-6.81606083499997 -35.4398613339999,-6.81602527699994 -35.439753948,-6.81595746299996 -35.439706014,-6.81588637699997 -35.439661354,-6.81587471499995 -35.439598748,-6.81584233899997 -35.439553803,-6.81577420999997 -35.439504268,-6.81564585799993 -35.439418605,-6.81549849599998 -35.439379486,-6.81540656199996 -35.4392752689999,-6.81537736799993 -35.4392333869999,-6.81532705599994 -35.439164745,-6.81527687799996 -35.4390754249999,-6.81525355299993 -35.438974392,-6.81526595199995 -35.438828864,-6.81529937899995 -35.438760417,-6.81528783699997 -35.438441219,-6.81508140799997 -35.4383665249999,-6.81501045699997 -35.438342303,-6.81492439099998 -35.4383329619999,-6.81484122199993 -35.4383355149999,-6.81475799299994 -35.4382847279999,-6.81471069699995 -35.4381537519999,-6.81468163799997 -35.4381002019999,-6.81467596499994 -35.437999109,-6.81467647499994 -35.437904233,-6.81473045099995 -35.437824013,-6.81474274399994 -35.437728716,-6.81471350499993 -35.437674881,-6.81465136399993 -35.4375704239999,-6.81457461899993 -35.437474977,-6.81451566099997 -35.4374094739999,-6.81449815899992 -35.43733493,-6.81445692799997 -35.437266499,-6.81444835699995 -35.437177194,-6.81442800399998 -35.4370582609999,-6.81442860399994 -35.436948398,-6.81445887899997 -35.436900855,-6.81446506299994 -35.4368282889999,-6.81448739099994 -35.436773197,-6.81450434299995 -35.436684057,-6.81451668099993 -35.4365532749999,-6.81452625699995 -35.4364877419999,-6.81450281199994 -35.4364786419999,-6.81446719299993 -35.4364307079999,-6.81439610699994 -35.436263872,-6.81433156399993 -35.4361836369999,-6.81434088499998 -35.4360944819999,-6.81435025099995 -35.436023227,-6.81437141499993 -35.435966884,-6.81440141899998 -35.435916338,-6.81440167399995 -35.435868689,-6.81438705399995 -35.4358268679999,-6.81434862899994 -35.4357938009999,-6.81427746699995 -35.435754892,-6.81422713899997 -35.435686131,-6.81415318599994 -35.4355813889999,-6.81401997299997 -35.435509684,-6.81395197899997 -35.435449977,-6.81390472699997 -35.4353458059999,-6.81388444899994 -35.435319001,-6.81387566799998 -35.4352089129999,-6.81386136299994 -35.435095986,-6.81387381999997 -35.4350185449999,-6.81384746299995 -35.43494699,-6.81380918699995 -35.434911115,-6.81377073199997 -35.434848405,-6.81371755199996 -35.434764957,-6.81367933599995 -35.4346904889999,-6.81365296399997 -35.434589366,-6.81364752899998 -35.434523907,-6.81363894299994 -35.434369429,-6.81366646999993 -35.4343187929999,-6.81364889399993 -35.4342651379999,-6.81362241599993 -35.434223526,-6.81362559799993 -35.43418202,-6.81364958299997 -35.43413751,-6.81366763899996 -35.434036506,-6.81368598099994 -35.4339413599999,-6.81368645999993 -35.4338847619999,-6.81366594099995 -35.433860825,-6.81363634199994 -35.433875422,-6.81358277199996 -35.43390478,-6.81350832299995 -35.433901642,-6.81347564699996 -35.433853859,-6.81343427899998 -35.433809169,-6.81341667299995 -35.4336991709999,-6.81342019899995 -35.433607088,-6.81343849499996 -35.4335448429999,-6.81347744499993 -35.433449771,-6.81349278399995 -35.433411043,-6.81347811899997 -35.433306677,-6.81341920499995 -35.433187623,-6.81339602799994 -35.4331044749999,-6.81341725199997 -35.43306863,-6.81338473999995 -35.433035729,-6.81334626899996 -35.432907846,-6.81334096999996 -35.432842432,-6.81334129899994 -35.432774136,-6.81335947499997 -35.432714774,-6.81338057899995 -35.432622916,-6.81344345399998 -35.432537893,-6.81351673199993 -35.4323417379999,-6.81370046399996 -35.432267419,-6.81370381099993 -35.432109308,-6.81360058599995 -35.432070595,-6.81358889299997 -35.4320230819999,-6.81360101999996 -35.43199931,-6.81360411199995 -35.4319725199999,-6.81359830299994 -35.431916191,-6.81363127899994 -35.4318716659999,-6.81364636299998 -35.43179436,-6.81364675299994 -35.431755871,-6.81367963899993 -35.431762132,-6.81374201999995 -35.431762357,-6.81378659899997 -35.431827875,-6.81380707299996 -35.4318518119999,-6.81383667299997 -35.431846,-6.81386345099997 -35.431783605,-6.81387268099996 -35.431750823,-6.81385798599996 -35.4317060879999,-6.81383146299993 -35.431691072,-6.81380181799994 -35.43167619,-6.81379892099994 -35.43163183,-6.81384669699997 -35.431599153,-6.81385280599994 -35.431566506,-6.81386485799993 -35.431554703,-6.81388274999995 -35.4316144539999,-6.81393891699997 -35.4316295159999,-6.81397747799997 -35.4316118849999,-6.81401917499994 -35.4315853049999,-6.81405497299994 -35.4315347579999,-6.81405522799997 -35.431498973,-6.81403460399997 -35.43146038,-6.81404668599993 -35.431419053,-6.81410633499996 -35.4313777409999,-6.81416895499996 -35.431336683,-6.81428209899997 -35.4313488459999,-6.81433553499994 -35.431340151,-6.81438015899994 -35.431292727,-6.81441011799996 -35.4312186779999,-6.81446695899996 -35.431153744,-6.81456239099998 -35.431166042,-6.81464257399995 -35.431157781,-6.81477338499997 -35.4311163039999,-6.81480331399996 -35.431080639,-6.81480646599994 -35.430991229,-6.81476530699996 -35.4309466289999,-6.81476553199997 -35.4308311619999,-6.81486418999998 -35.4308135319999,-6.81490588699995 -35.430757188,-6.81493589099995 -35.4306800159999,-6.81496302799997 -35.4306416319999,-6.81501671799998 -35.4305467099999,-6.81506177599994 -35.430472693,-6.81513335399995 -35.430450258,-6.81526132799996 -35.4304507479999,-6.81535852699994 -35.430392949,-6.81546768399994 -35.43028816,-6.81551486799998 -35.430175415,-6.81552709999994 -35.429996328,-6.81549689699995 -35.429743354,-6.81547095399998 -35.429420599,-6.81549201899998 -35.429230156,-6.81552408099998 -35.429086507,-6.81557923699995 -35.429001324,-6.81565742699996 -35.4288500129999,-6.81573594999998 -35.428624522,-6.81576041299996 -35.428387088,-6.81573050299994 -35.428207883,-6.81567697099996 -35.42798204,-6.81563144999996 -35.427733093,-6.81563270199996 -35.427265808,-6.81553396199996 -35.42699313,-6.81545757099997 -35.4266355029999,-6.81550602599998 -35.4262387429999,-6.81550801999992 -35.42602068,-6.81546245899995 -35.425802851,-6.81546355399996 -35.4256159839999,-6.81543338799997 -35.425405504,-6.81534890799998 -35.42524178,-6.81527974499994 -35.4248608139999,-6.81532831499993 -35.42451038,-6.81526008999998 -35.4241966009999,-6.81517302599997 -35.424097474,-6.81514552099998 -35.4239028659999,-6.81512316899995 -35.423692817,-6.81512422399993 -35.423552388,-6.81531084999995 -35.423545981,-6.81531936499994 -35.423453954,-6.81558421699998 -35.423361262,-6.81571687699994 -35.423346524,-6.81588025099995 -35.4232459739999,-6.81599739799998 -35.423129632,-6.81606796799997 -35.422935219,-6.81608449599997 -35.4226082009999,-6.81603170399995 -35.4223895119999,-6.81586172499993 -35.4222091349999,-6.81557491199993 -35.422177392,-6.81545065199998 -35.422052215,-6.81531130899998 -35.4219351689999,-6.81524191099993 -35.421747169,-6.81498623999994 -35.4216834879999,-6.81469884099994 -35.4216044039999,-6.81444262299993 -35.4216112459999,-6.81425596099996 -35.4214690279999,-6.81382120699993 -35.421375165,-6.81372058799997 -35.421227001,-6.81365134499993 -35.421040056,-6.81360562499998 -35.4209081929999,-6.81368404799997 -35.4203878179999,-6.81385773299996 -35.420115804,-6.81391352999998 -35.419976005,-6.81396088699995 -35.419664118,-6.81382247899995 -35.41932006,-6.81347427399993 -35.4192452689999,-6.81343598499996 -35.419109465,-6.81336646199998 -35.418751642,-6.81337603099996 -35.4184178199999,-6.81351767399997 -35.4184338859999,-6.81361868399995 -35.418403274,-6.81371992799995 -35.418147599,-6.81393116599997 -35.418000331,-6.81404076999996 -35.417892196,-6.81419683599995 -35.417846492,-6.81439146999998 -35.4178392969999,-6.81450814899995 -35.417902548,-6.81471001399996 -35.418082064,-6.81482575799993 -35.418596067,-6.81493204999992 -35.418767003,-6.81498332099994 -35.418876563,-6.81501618299995 -35.418993803,-6.81512446199997 -35.419087939,-6.81527951399994 -35.4191274999999,-6.81541151099998 -35.419120735,-6.81561372599998 -35.41898608,-6.81577832699998 -35.418973818,-6.81579331499995 -35.418826122,-6.81581738399996 -35.418547614,-6.81612982699994 -35.4182996009999,-6.81631769799998 -35.418090875,-6.81658313499997 -35.417718932,-6.81688049399997 -35.417587458,-6.81703667599993 -35.417557275,-6.81722345699995 -35.417690738,-6.81746384999997 -35.41819942,-6.81806006899996 -35.4185427969999,-6.81805834899995 -35.418627304,-6.81805792499995 -35.418915152,-6.81805648199997 -35.4190313789999,-6.81796258499998 -35.4192331049999,-6.81785270699993 -35.4194036339999,-6.81772743399995 -35.4195744749999,-6.81766436699996 -35.4196833899999,-6.81766382099994 -35.4199497339999,-6.81802796699998 -35.420019781,-6.81818641199993 -35.420083511,-6.81833056799996 -35.420380934,-6.81868678099994 -35.4205533759999,-6.81894252999996 -35.420819213,-6.81920558599995 -35.420952757,-6.81946152999996 -35.421016401,-6.81974115399993 -35.421017729,-6.82000553699993 -35.4209724959999,-6.82029348299994 -35.4212083479999,-6.82078219899995 -35.421363125,-6.82092897199993 -35.421583572,-6.82113801999998 -35.4217489389999,-6.82153377499998 -35.421763029,-6.82155605799994 -35.421944996,-6.82184383799995 -35.421949765,-6.82201877799997 -35.4220631379999,-6.82213096299995 -35.42209457,-6.82219301499993 -35.4220529729999,-6.82243039699995 -35.421952736,-6.82260975199995 -35.42192621,-6.82274985699996 -35.4220062549999,-6.82319658499995 -35.421907796,-6.82372974799995 -35.421886177,-6.82407200799997 -35.4217788629999,-6.82439136999994 -35.42165513,-6.82453973899993 -35.4215781139999,-6.82469564999997 -35.421534756,-6.82488784499998 -35.421532451,-6.82489805999995 -35.4212542559999,-6.82527271399994 -35.421014763,-6.82560829199997 -35.420781916,-6.82571832799994 -35.420548326,-6.82568061999996 -35.420275564,-6.82558867599994 -35.419995335,-6.82555897799995 -35.419613656,-6.82546757899996 -35.4193411279999,-6.82542228999995 -35.419099876,-6.82540794799996 -35.418718548,-6.82538653299997 -35.4185319499999,-6.82541079799995 -35.418267202,-6.82536546899996 -35.417769216,-6.82535241399995 -35.417141704,-6.82588434299993 -35.41695573,-6.82603302299998 -35.416878907,-6.82622781299995 -35.4169809429999,-6.82640615399993 -35.417346634,-6.82641209699995 -35.417611344,-6.82644964999997 -35.417875975,-6.82647165099996 -35.4182102739999,-6.82642331699998 -35.4183919079999,-6.82646592499998 -35.418405004,-6.82646899699995 -35.418440244,-6.82650386799997 -35.418514468,-6.82657731499995 -35.4186632609999,-6.82677097299995 -35.4187049339999,-6.82732287399995 -35.4184931139999,-6.82852147099993 -35.418441312,-6.82905051199998 -35.418488811,-6.82921357399994 -35.418755672,-6.82967880599995 -35.4189987629999,-6.83005861899994 -35.419039304,-6.83038501599998 -35.4190564269999,-6.83069597699995 -35.419049937,-6.83095262399996 -35.4190827379999,-6.83128683599995 -35.4190372309999,-6.83152034999995 -35.419024447,-6.83207252399995 -35.418963576,-6.83234499699995 -35.418833037,-6.83268780499998 -35.418794998,-6.83285907199996 -35.4187259559999,-6.83305382399993 -35.418544429,-6.83322243499993 -35.4185323569999,-6.83323364799998 -35.4183076379999,-6.83341362999994 -35.418214943,-6.83354628999996 -35.4180055489999,-6.83367953699997 -35.417865627,-6.83370356899997 -35.417693804,-6.83357223599995 -35.4175289789999,-6.83328534399993 -35.417425808,-6.83288149999993 -35.4174317119999,-6.83250821199994 -35.417499778,-6.83211906099996 -35.417536646,-6.83171451299995 -35.417348599,-6.83145106599994 -35.4170834179999,-6.83132020099993 -35.4167493899999,-6.83142296799997 -35.4165316689999,-6.83144738899995 -35.4161283619999,-6.83169825099998 -35.415692921,-6.83174709199994 -35.415584226,-6.83173167699994 -35.415311431,-6.83169457199995 -35.4149300189999,-6.83165760399993 -35.41465698,-6.83151122399994 -35.414290738,-6.83139641699995 -35.413784418,-6.83127453499998 -35.4133484299999,-6.83121450999994 -35.412959121,-6.83115425099993 -35.412694603,-6.83115557599996 -35.412484701,-6.83118773199993 -35.412158021,-6.83120491999995 -35.411908712,-6.83113618299996 -35.4117058489999,-6.83102055499995 -35.411355284,-6.83092899499997 -35.411184164,-6.83093762799996 -35.411005615,-6.83101628399993 -35.410881837,-6.83115687599997 -35.410751214,-6.83148413199996 -35.4106350599999,-6.83159357999995 -35.4105889259999,-6.83170267899993 -35.410581652,-6.83180380599993 -35.410528128,-6.83199070399996 -35.410529219,-6.83220843299995 -35.4106388,-6.83234008099993 -35.4107556559999,-6.83237060099998 -35.4108806419999,-6.83247106599993 -35.410982839,-6.83265513899994 -35.411085026,-6.83288995999993 -35.411157228,-6.83332506699998 -35.4111288359999,-6.83386954599996 -35.411168711,-6.83406375199996 -35.4109063349999,-6.83449275899994 -35.41072016,-6.83460255899996 -35.410674221,-6.83475053699993 -35.4106906379999,-6.83492153199995 -35.410808625,-6.83517755699995 -35.410825159,-6.83537187999997 -35.4106704559999,-6.83555150899997 -35.410515284,-6.83563782399995 -35.41028978,-6.83566228199993 -35.410009816,-6.83568701299993 -35.40983885,-6.83572674999994 -35.409683834,-6.83584416899993 -35.409474436,-6.83597741399996 -35.4093190689999,-6.83602484899995 -35.4091632729999,-6.83598674699994 -35.408975657,-6.83580883299993 -35.408951537,-6.83565342799994 -35.408873114,-6.83552940099997 -35.408840514,-6.83523406699993 -35.408729568,-6.83483025699996 -35.408533743,-6.83456684399994 -35.408466147,-6.83442136399998 -35.4084472289999,-6.83438064699993 -35.408228337,-6.83417178299993 -35.407939542,-6.83398659699998 -35.4078408309999,-6.83396245599994 -35.4077837469999,-6.83394849499996 -35.407643201,-6.83384810699994 -35.407526268,-6.83380203399997 -35.40732352,-6.83370973199993 -35.406933975,-6.83360281199998 -35.40662966,-6.83342547899997 -35.4063956759999,-6.83331000499993 -35.4058728209999,-6.83299378999993 -35.405638993,-6.83290941999996 -35.4054213859999,-6.83295716399994 -35.4053208289999,-6.83307430999997 -35.4052053729999,-6.83332372799993 -35.405140968,-6.83340094999994 -35.405081631,-6.83347209499993 -35.4050518719999,-6.83374441299998 -35.4049681189999,-6.83411031599996 -35.404867523,-6.83421968599993 -35.4047039279999,-6.83432143899995 -35.404665864,-6.83434511399997 -35.4044179529999,-6.83455631099997 -35.404340813,-6.83468889299996 -35.4042644899999,-6.83498477299997 -35.404257876,-6.83521809399997 -35.40413495,-6.83552975899994 -35.404144324,-6.83584853899993 -35.404239434,-6.83619799699994 -35.404425961,-6.83659465299996 -35.4045933099999,-6.83695052699994 -35.40457487,-6.83793042999997 -35.4046390939999,-6.83832669799995 -35.404524104,-6.83866942899994 -35.4043770599999,-6.83882568899998 -35.404221419,-6.83881869099997 -35.404211333,-6.83882596799998 -35.4041128869999,-6.83889699599996 -35.404090674,-6.83912261899997 -35.404169059,-6.83923887099996 -35.4042168679999,-6.83946414399998 -35.40424826,-6.83951842099998 -35.4042880169999,-6.83968930099996 -35.4041806119999,-6.83999311199995 -35.404173649,-6.84015644799996 -35.4042209519999,-6.84028063199997 -35.4043070779999,-6.84038906999996 -35.404482715,-6.84043364599995 -35.4045174139999,-6.84044245199993 -35.404650105,-6.84052732799995 -35.404636218,-6.84086177699993 -35.404637113,-6.84104062699993 -35.4047469299999,-6.84121893199995 -35.404903039,-6.84131924299993 -35.404927352,-6.84151352799995 -35.404812674,-6.84191846799996 -35.4047199349999,-6.84204335199996 -35.4046036989999,-6.84213724799997 -35.4045816039999,-6.84238619899998 -35.40452018,-6.84254980799994 -35.404435338,-6.84269798099996 -35.404389319,-6.84283040799994 -35.4044062799999,-6.84311026899996 -35.404251766,-6.84332877699995 -35.404115389,-6.84354238899994 -35.403966274,-6.84380455699994 -35.4038657149999,-6.84392170399997 -35.403718436,-6.84403130799996 -35.403578626,-6.84407866499993 -35.4034472189999,-6.84425039999996 -35.403393458,-6.84439064099996 -35.4033481,-6.84465526199995 -35.403364789,-6.84488068999997 -35.403412326,-6.84505153099997 -35.403397388,-6.84517602599993 -35.4034374569999,-6.84540911399995 -35.40349258,-6.84554103499994 -35.4034315449999,-6.84578240399998 -35.4035106709999,-6.84604640199996 -35.403403538,-6.84640464599994 -35.403389418,-6.84669243899998 -35.403390858,-6.84698015399994 -35.403415756,-6.84729108099998 -35.403447461,-6.84740756599996 -35.4035494999999,-6.84758590999996 -35.403422131,-6.84787483499997 -35.403155237,-6.84809333999993 -35.402821425,-6.84824275899996 -35.402666053,-6.84829019299997 -35.40211906,-6.84781857499996 -35.401860094,-6.84737662099997 -35.4017417169999,-6.84704283299993 -35.401605757,-6.84630476499996 -35.4015432429999,-6.84625064299996 -35.401542698,-6.84614177799995 -35.4016048629999,-6.84612591499996 -35.401690679,-6.84617214399998 -35.401768209,-6.84611732199994 -35.4018014449999,-6.84597001799995 -35.401813879,-6.84591491099997 -35.401819675,-6.84551829099996 -35.401794857,-6.84522291599995 -35.401607198,-6.84503722299996 -35.401520954,-6.84490545699992 -35.401317891,-6.84475094599998 -35.40119333,-6.84473601499997 -35.4009675089999,-6.84469826199995 -35.4007882139999,-6.84462916999996 -35.400570134,-6.84458360199994 -35.400336688,-6.84457699099994 -35.4002435749999,-6.84468579999998 -35.400166767,-6.84482668099997 -35.400071587,-6.84484831999993 -35.4000268779999,-6.84485848399993 -35.399825253,-6.84499168799994 -35.399615575,-6.84507049799993 -35.399406363,-6.84524261999996 -35.399406985,-6.84536703799995 -35.399369016,-6.84555385899995 -35.3993780399999,-6.84580265499994 -35.399400747,-6.84589880499993 -35.3994257319999,-6.84600460099995 -35.3994676249999,-6.84660316699996 -35.399375428,-6.84683691599997 -35.3993533309999,-6.84708586799997 -35.3992535089999,-6.84735075999993 -35.3991685089999,-6.84746782899998 -35.398873013,-6.84750040899996 -35.398709472,-6.84747012099996 -35.398553711,-6.84743979299998 -35.398390403,-6.84745616099997 -35.398204103,-6.84754262999996 -35.397899507,-6.84731085999994 -35.397797781,-6.84719472299997 -35.397704184,-6.84714853299994 -35.3976489839999,-6.84700105799993 -35.3975777969999,-6.84676812399994 -35.3974919419999,-6.84671411799997 -35.39725865,-6.84673861099998 -35.397141829,-6.84671586399998 -35.3969078769999,-6.84660816299993 -35.396782539,-6.84643770899993 -35.3967126979999,-6.84640195499998 -35.396571928,-6.84632989099993 -35.39643324,-6.84630749899998 -35.3961356889999,-6.84622319699997 -35.39609611,-6.84621461399996 -35.395925389,-6.84617758799993 -35.3956374799999,-6.84617124699997 -35.395263988,-6.84616533199994 -35.395014475,-6.84605770699994 -35.394780951,-6.84603554099994 -35.394532447,-6.84613009499998 -35.394346302,-6.84624766699994 -35.394012098,-6.84631931899997 -35.393716215,-6.84627413499993 -35.3934125119999,-6.84622121299998 -35.3931401629999,-6.84621479299994 -35.392875982,-6.84628609499993 -35.392612808,-6.84655957699994 -35.392178273,-6.84679502999995 -35.391463221,-6.84694633899994 -35.391300144,-6.84700936099995 -35.391098282,-6.84709590499995 -35.39099104,-6.84711018899998 -35.390795043,-6.84713629599997 -35.390624224,-6.84720713199994 -35.390330314,-6.84755852999996 -35.390199055,-6.84776136799996 -35.3899899539999,-6.84795681699995 -35.389913351,-6.84819826499995 -35.389906422,-6.84836937899996 -35.390002265,-6.84886658799996 -35.3900378779999,-6.84976846799998 -35.3901473839999,-6.84988456799994 -35.3902878179999,-6.84996163299996 -35.3903838959999,-6.84994055499993 -35.390396627,-6.84993776199997 -35.390521888,-6.85009266599997 -35.390545733,-6.85019363999993 -35.390608363,-6.85027109199996 -35.3907873119999,-6.85027020099994 -35.3909282879999,-6.85045613199998 -35.390983487,-6.85060360699993 -35.3910851749999,-6.85071196999996 -35.391257428,-6.85092884999995 -35.391445785,-6.85125451899995 -35.3913999559999,-6.85142582599997 -35.391314875,-6.85152734199994 -35.391182725,-6.85155132899996 -35.3911117769999,-6.85158485099993 -35.39106629,-6.85160634299996 -35.390989455,-6.85180113499996 -35.3909435479999,-6.85195688999994 -35.390991277,-6.85216661399994 -35.391062231,-6.85235289299993 -35.3910861919999,-6.85247719499995 -35.3911105019999,-6.85267148199995 -35.3911970949999,-6.85287323599994 -35.3913069509999,-6.85305932099993 -35.3913856469999,-6.85323778499998 -35.391494883,-6.85329945199993 -35.391527012,-6.85350147599996 -35.391497519,-6.85382822999998 -35.391560693,-6.85401454699996 -35.3916942019999,-6.85426272499996 -35.3919593959999,-6.85439360099997 -35.392072248,-6.85446636099994 -35.392138927,-6.85450935199998 -35.3921631219999,-6.85468031099998 -35.392117215,-6.85483606599996 -35.3920170009999,-6.85502319799997 -35.392013037,-6.85502812299995 -35.3919451529999,-6.85511248299997 -35.391939943,-6.85511895699995 -35.39181595,-6.85527304199996 -35.391676135,-6.85532039699996 -35.391567209,-6.85532093999996 -35.391474929,-6.85553913699994 -35.391382068,-6.85564069199995 -35.391071199,-6.85571222799996 -35.391040658,-6.85582902499993 -35.390963668,-6.85599271199993 -35.390886251,-6.85607086099998 -35.3907077269999,-6.85615728999994 -35.390567834,-6.85618909199997 -35.390412108,-6.85616653799997 -35.39024117,-6.85621404799997 -35.390171611,-6.85630770999995 -35.390078284,-6.85631595199993 -35.3898993719999,-6.85632461899996 -35.3898530769999,-6.85640261299994 -35.3896825649999,-6.85653565999996 -35.389589083,-6.85651279599995 -35.389503033,-6.85641990799996 -35.389401732,-6.85638930699997 -35.389307687,-6.85640970799994 -35.3843359809999,-6.89902529099993 -35.3815132029999,-6.92324964999995 -35.380449386,-6.93245902099994 -35.3805833829999,-6.93262609699997 -35.380747411,-6.93273911999995 -35.380787434,-6.93281811499998 -35.380876964,-6.93289191299993 -35.380991261,-6.93296558599997 -35.3811451829999,-6.93303906099993 -35.3811701979999,-6.93308843299997 -35.3813438829999,-6.93315190899995 -35.381448174,-6.93320583299993 -35.381819814,-6.93323366699997 -35.3820728749999,-6.93332149299994 -35.382280561,-6.93325115399995 -35.382463059,-6.93309679599997 -35.382572104,-6.93311109799993 -35.382690657,-6.93304615599993 -35.382873602,-6.93298089099994 -35.3829470049999,-6.93280233099995 -35.3830750659999,-6.93265814499995 -35.383282677,-6.93257295699993 -35.3834506379999,-6.93248301799997 -35.3834799589999,-6.93240367499993 -35.383563566,-6.93228446099994 -35.383627609,-6.93221484299994 -35.3837760549999,-6.93218439899994 -35.38395437,-6.93218350399997 -35.384211787,-6.93215251299995 -35.3843008439999,-6.93213226599994 -35.384473484,-6.93198785699997 -35.384651649,-6.93195726299996 -35.38481488,-6.93191189599997 -35.3851321819999,-6.93196969899998 -35.385221738,-6.93204844499996 -35.3853803389999,-6.93206744699995 -35.385593152,-6.93203172999995 -35.385736794,-6.93203100799997 -35.386033835,-6.93199981699996 -35.38621195,-6.93195932399993 -35.386340559,-6.93192402899996 -35.3865283809999,-6.93184388999993 -35.386819846,-6.93168898199997 -35.3870025149999,-6.93156926999995 -35.387091223,-6.93147972899993 -35.387333031,-6.93130032199997 -35.387471197,-6.93119568299994 -35.387673653,-6.93107092099996 -35.3878561729999,-6.93092151099995 -35.387999415,-6.93084159499995 -35.388162172,-6.93070218399993 -35.3883789889999,-6.93047835499993 -35.3885808219999,-6.93022985299996 -35.388634758,-6.93012068699994 -35.388673984,-6.93004129399998 -35.3887727979999,-6.92999129999993 -35.3890250339999,-6.92991578499993 -35.3893717789999,-6.92991899099997 -35.3895901669999,-6.93000698699996 -35.389774006,-6.93011990599996 -35.390077071,-6.93030152099993 -35.3902520029999,-6.93061247399993 -35.3904306649999,-6.93068087099994 -35.3908516829999,-6.93067875199995 -35.39099067,-6.93073744899993 -35.391194049,-6.93079582199994 -35.3913725369999,-6.93082957099995 -35.3914812319999,-6.93077457699997 -35.391743748,-6.93077325499996 -35.391951256,-6.93066826499995 -35.3922281819999,-6.93057777499996 -35.392364253,-6.93053082099993 -35.3925297,-6.93045251299998 -35.3926534029999,-6.93042714099994 -35.3927179189999,-6.93045156499994 -35.392787588,-6.93051556099994 -35.3928473249999,-6.93057465599998 -35.3929168939999,-6.93061885299994 -35.393030691,-6.93059353099994 -35.3931741819999,-6.93056310999998 -35.39331257,-6.93050301599993 -35.3933966229999,-6.93047289399993 -35.39364403,-6.93042214999997 -35.393723106,-6.93038710299993 -35.393817015,-6.93034703199993 -35.3939849719999,-6.93025708999994 -35.394160267,-6.93022552399998 -35.394182922,-6.93022144399993 -35.394204464,-6.93023283699995 -35.394321985,-6.93029498899995 -35.3943914279999,-6.93031443799993 -35.3944853629999,-6.93027931599994 -35.3946205989999,-6.93018972599998 -35.394667144,-6.93011761599996 -35.39473479,-6.92988914899996 -35.39473727,-6.92976101099993 -35.39467716,-6.92962381299998 -35.394635954,-6.92951464599997 -35.394550922,-6.92939632399998 -35.394522732,-6.92930638899998 -35.394500067,-6.92923407999996 -35.3945089589999,-6.92913715999993 -35.394567996,-6.92906186199997 -35.39463662,-6.92902714099995 -35.394746023,-6.92901721399994 -35.3948491089999,-6.92899481899997 -35.3950367859999,-6.92900324799996 -35.395159044,-6.92906200699997 -35.395365989,-6.92917033899994 -35.395513012,-6.92917897199993 -35.395574868,-6.92919922999994 -35.39558819,-6.92920359299995 -35.395710228,-6.92921860299998 -35.395825917,-6.92921489399993 -35.3958694139999,-6.92916923099995 -35.395981454,-6.92905160899994 -35.396143939,-6.92902578999997 -35.396263103,-6.92909081399995 -35.3963759489999,-6.92911764099995 -35.3963789489999,-6.92911835399997 -35.396472874,-6.92913975599993 -35.3964889069999,-6.92910613599997 -35.396516197,-6.92904891199993 -35.3965592659999,-6.92890806899993 -35.3966373499999,-6.92888892499997 -35.396753244,-6.92892584099997 -35.396887696,-6.92892203699995 -35.397005991,-6.92881518999997 -35.39703693,-6.92874940899998 -35.3972430379999,-6.92869211899995 -35.397412156,-6.92874126499993 -35.3975686869999,-6.92877484999997 -35.397781175,-6.92874252799993 -35.397943582,-6.92870108299996 -35.398068193,-6.92860670399995 -35.3981837869999,-6.92858424499997 -35.3983026659999,-6.92859301999994 -35.398415417,-6.92862682599997 -35.3984872619999,-6.92861083799994 -35.398603156,-6.92864775299995 -35.398678413,-6.92868799799993 -35.398788021,-6.92871869399994 -35.3988721219999,-6.92865264499994 -35.3989845249999,-6.92861770199994 -35.399081704,-6.92866408599997 -35.3991444989999,-6.92871376899996 -35.399172881,-6.92876050099994 -35.3993319419999,-6.92881657699996 -35.3993389199999,-6.92881903699993 -35.399517182,-6.92882126199993 -35.39957047,-6.92884599299992 -35.3997519239999,-6.92886070099996 -35.399836356,-6.92886027399993 -35.400014509,-6.92884062399997 -35.400126754,-6.92877443199995 -35.40016951,-6.92873127199994 -35.4002138709999,-6.92868649199994 -35.400354165,-6.92860140799996 -35.400472822,-6.92856643399995 -35.400554175,-6.92857539799996 -35.4008027519999,-6.92866677799998 -35.4009645259999,-6.92871082399995 -35.4011271059999,-6.92870375199993 -35.4012582559999,-6.92866558899993 -35.401370801,-6.92865876999997 -35.401583794,-6.92872644299996 -35.401646748,-6.92880737499996 -35.401678526,-6.92890721399993 -35.4019733,-6.92906822299994 -35.4021240349999,-6.92919246099996 -35.402211753,-6.92922326699994 -35.4022496269999,-6.92929182599994 -35.40232509,-6.92937269399994 -35.402581579,-6.92938389699998 -35.4028639389999,-6.92956371799994 -35.402952101,-6.92968202199995 -35.403039851,-6.92971907699996 -35.40328999,-6.92971156199997 -35.403428123,-6.92981711299996 -35.4034726309999,-6.92996063699997 -35.403554475,-6.93006647299995 -35.4038109959999,-6.93008392399997 -35.403885889,-6.93005229499994 -35.4039793539999,-6.92998307199997 -35.404110821,-6.93000740699995 -35.404186791,-6.93018827199995 -35.4042368889999,-6.93020051799994 -35.40448687,-6.93016175299994 -35.404537062,-6.93019274799997 -35.40477501,-6.93024779399997 -35.404937875,-6.93029696899993 -35.404944319,-6.93033443599995 -35.405000957,-6.93040289899994 -35.4050574039999,-6.93043386299996 -35.405176076,-6.93040201199994 -35.4052570649999,-6.93033910199995 -35.405325862,-6.93033875399993 -35.405382436,-6.93039471699996 -35.405439295,-6.93050692799994 -35.4055396169999,-6.93055641999996 -35.405602033,-6.93053110399995 -35.4056888,-6.93037441499996 -35.405713469,-6.93030554099994 -35.4057885199999,-6.93030515999993 -35.405857888,-6.93041730799996 -35.405877158,-6.93051720999995 -35.405964781,-6.93052926599995 -35.406002053,-6.93047907799996 -35.406127329,-6.93051594299993 -35.406209237,-6.93063427699997 -35.4063284489999,-6.93070867299997 -35.4064787419999,-6.93074541099998 -35.406528522,-6.93069515899998 -35.4065656349999,-6.93061372199998 -35.406634337,-6.93059462399998 -35.406665958,-6.93066321299995 -35.4067350079999,-6.93071286299994 -35.406835235,-6.93074360499998 -35.4069353039999,-6.93074309799994 -35.406986332,-6.93071727699993 -35.407010165,-6.93070521799996 -35.40716649,-6.93069817599996 -35.4072209669999,-6.93077687999994 -35.4073177659999,-6.93092865799997 -35.407399453,-6.93100324299996 -35.4075497769999,-6.93104623099993 -35.4078503,-6.93110720699997 -35.4079004289999,-6.93112570299996 -35.4079941479999,-6.93110647799995 -35.408050105,-6.93098750099995 -35.408056024,-6.93097491499998 -35.4081994599999,-6.93089293799994 -35.4083247359999,-6.93092980199998 -35.408418645,-6.93094807599994 -35.408475441,-6.93104778699995 -35.4085585569999,-6.93111665999993 -35.408707834,-6.93124035699998 -35.408751931,-6.93130263299997 -35.408740407,-6.93149643999993 -35.408803775,-6.93165861799997 -35.408991403,-6.93165766599998 -35.409197572,-6.93161286999998 -35.409309831,-6.93154980099996 -35.4095967339999,-6.93139209599997 -35.4096104659999,-6.93138386999993 -35.4097650909999,-6.93129124299998 -35.4098964629999,-6.93129682599994 -35.4099717359999,-6.93134019399997 -35.410178603,-6.93143289299996 -35.4103529609999,-6.93128200899997 -35.4104462029999,-6.93116903699996 -35.41060221,-6.93109949499996 -35.4107333589999,-6.93106132999998 -35.4108447909999,-6.93083576599997 -35.410806408,-6.93066721199995 -35.410905682,-6.93051045899995 -35.4109611439999,-6.93034767899996 -35.410891998,-6.93027928099997 -35.4108104069999,-6.93022344499997 -35.410865932,-6.93007316499995 -35.410959619,-6.93004768899993 -35.411091117,-6.93007827199995 -35.411210234,-6.93013391599993 -35.411348018,-6.93017071699995 -35.4114608479999,-6.93022014299993 -35.411698319,-6.93018143799998 -35.4118922009999,-6.93018045299993 -35.4120306199999,-6.93034224899998 -35.412124561,-6.93036677099997 -35.412243169,-6.93032241899994 -35.4122929169999,-6.93026591699993 -35.412355491,-6.93027184899995 -35.41240578,-6.93032159299997 -35.412568168,-6.93027701899996 -35.412711983,-6.93027003799995 -35.4127625899999,-6.93038227999995 -35.412769289,-6.93046974499993 -35.412792523,-6.93050331099994 -35.412914122,-6.93066275799993 -35.4129768559999,-6.93069993899996 -35.4131332119999,-6.93069914399996 -35.4132642329999,-6.93063597899993 -35.413382745,-6.93057287699997 -35.413460184,-6.93055101499993 -35.413513989,-6.93055346099993 -35.4136333289999,-6.93065285299997 -35.413783812,-6.93072708799997 -35.4138529909999,-6.93080173499993 -35.4139348049999,-6.93090131799994 -35.4139336649999,-6.93091588299995 -35.413928932,-6.93097634699996 -35.413879026,-6.93100160099993 -35.4138164829999,-6.93100191899993 -35.4138042289999,-6.93105197999995 -35.4138111199999,-6.93117694399996 -35.4138678849999,-6.93127040499996 -35.4139184279999,-6.93137014699994 -35.413981034,-6.93138232799993 -35.4140372909999,-6.93137579199993 -35.414099515,-6.93131297699995 -35.414174471,-6.93129384599996 -35.4142561259999,-6.93136217999995 -35.414262857,-6.93145589499994 -35.4143638159999,-6.93163037999994 -35.4145020459999,-6.93175467499998 -35.414546335,-6.93185444899996 -35.414503129,-6.93196716799997 -35.414503542,-6.93204841499994 -35.4145101779999,-6.93212337999995 -35.414685839,-6.93222873599996 -35.4147895689999,-6.93223539799993 -35.414985948,-6.93220845899998 -35.4151489719999,-6.93228887899994 -35.41521212,-6.93240730699995 -35.4153187599999,-6.93246926299997 -35.4154320379999,-6.93260618599993 -35.415550869,-6.93260558099996 -35.4156317279999,-6.93251767099997 -35.4156499179999,-6.93240507899998 -35.415749858,-6.93237957099996 -35.415806147,-6.93237928499997 -35.415925455,-6.93247242699994 -35.416062794,-6.93242172799995 -35.416062433,-6.93235089399997 -35.4160617109999,-6.93220923599995 -35.4161301579999,-6.93214013899996 -35.416217558,-6.93210844499993 -35.416417726,-6.93211367599997 -35.416549383,-6.93217550499998 -35.4167745359999,-6.93217435899993 -35.416962482,-6.93223590099996 -35.417044297,-6.93233548399996 -35.4171196349999,-6.93239134899994 -35.417253151,-6.93245721199997 -35.4173077409999,-6.93248414099997 -35.417341381,-6.93246508999994 -35.4174636509999,-6.93239584799994 -35.4176200709999,-6.93240755099993 -35.417720075,-6.93239454199994 -35.417806965,-6.93226285099996 -35.417944813,-6.93231214899993 -35.418039328,-6.93244916599997 -35.418077989,-6.93253086099998 -35.418127844,-6.93263621199998 -35.418390745,-6.93267862299996 -35.4185470699999,-6.93267157599996 -35.41879124,-6.93272033199997 -35.418929248,-6.93280087699998 -35.4190545879999,-6.93285023799996 -35.419155071,-6.93293097499998 -35.4193117459999,-6.93299267599997 -35.419461688,-6.93296066199997 -35.4195114669999,-6.93291040899993 -35.419648997,-6.93289720799993 -35.419668079,-6.93295960999995 -35.4197059869999,-6.93303441599994 -35.41983723,-6.93301499699993 -35.419867863,-6.93288984299994 -35.41989253,-6.93282096799993 -35.4199922459999,-6.93275171099998 -35.4200931249999,-6.93271079099998 -35.4201482829999,-6.93268841599996 -35.420297907,-6.93259390499998 -35.4205225169999,-6.93248651199997 -35.420628775,-6.93247346999993 -35.42081002,-6.93244754599993 -35.420897324,-6.93239710199992 -35.420902812,-6.93224707599995 -35.420889697,-6.93212839499995 -35.420889283,-6.93204714799998 -35.421014112,-6.93199651299994 -35.421201802,-6.93200805499993 -35.4213398099999,-6.93208859999993 -35.421522013,-6.93225016899993 -35.421511036,-6.93255021999994 -35.421517642,-6.93261893499994 -35.4215431379999,-6.93271255299993 -35.421680922,-6.93274934999994 -35.421743369,-6.93273028199997 -35.4218562,-6.93277970499997 -35.421931698,-6.93286681899997 -35.421933684,-6.93287513299992 -35.421976436,-6.93305408799995 -35.422001708,-6.93310395799995 -35.4220768869999,-6.93312857399997 -35.422176954,-6.93312806299997 -35.422264609,-6.93314636599996 -35.422321089,-6.93318357699997 -35.422384079,-6.93327075399998 -35.422528182,-6.93332001799996 -35.4226286649999,-6.93340075399993 -35.4227413689999,-6.93342517799994 -35.422872484,-6.93338075999998 -35.422978902,-6.93339896599997 -35.423073195,-6.93349223399997 -35.423073738,-6.93359847899995 -35.4230493919999,-6.93372985099995 -35.423119019,-6.93389199299997 -35.4232573469999,-6.93403503399998 -35.4233952599999,-6.93409682899994 -35.423508188,-6.93416500099994 -35.423614925,-6.93424570499997 -35.423677851,-6.93432038199995 -35.423709602,-6.93441396899993 -35.4237098899999,-6.93447021599997 -35.4238231369999,-6.93460088599994 -35.423910792,-6.93461918799994 -35.424123661,-6.93466184999994 -35.424280113,-6.93467979999997 -35.4243675119999,-6.93464810399996 -35.4244736429999,-6.93461006299998 -35.4245736469999,-6.93459705199996 -35.4246737459999,-6.93460279099997 -35.4248116599999,-6.93466458499995 -35.424874458,-6.93471426299993 -35.424949828,-6.93477637699993 -35.42498777,-6.93485743199994 -35.42496304,-6.93491380699993 -35.424957074,-6.93497008699995 -35.424951236,-6.93505136499994 -35.4249765079999,-6.93510123499993 -35.4250766399999,-6.93511322299997 -35.425139439,-6.93516290099996 -35.425214937,-6.93525001399996 -35.425346916,-6.93537433699993 -35.4254473359999,-6.93544257299993 -35.425616393,-6.93547920799995 -35.4257477319999,-6.93547853599995 -35.425935072,-6.93542132999994 -35.426047648,-6.93542075399995 -35.426191816,-6.93548251599998 -35.426223407,-6.93554485399994 -35.4262610919999,-6.93557590999995 -35.4264300849999,-6.93560004599993 -35.4264738649999,-6.93559982199997 -35.426611586,-6.93562411699997 -35.426668579,-6.93576132299995 -35.4268572619999,-6.93596660399993 -35.4268513279999,-6.93602913299998 -35.426882823,-6.93607272099996 -35.426897821,-6.93607707799993 -35.427051944,-6.93612185499995 -35.427046106,-6.93620313399992 -35.4269780139999,-6.93634097899997 -35.426959923,-6.93647231899996 -35.427010566,-6.93659080799995 -35.427023682,-6.93670948799996 -35.426930034,-6.93674643299994 -35.4269113299999,-6.93675381199995 -35.426861039,-6.93670406999996 -35.4267727119999,-6.93655452499996 -35.426635054,-6.93654272899994 -35.426541496,-6.93659320699993 -35.4265484539999,-6.93673066799994 -35.426599161,-6.93686165699995 -35.4266997089999,-6.93695488999998 -35.4267125379999,-6.93701732399995 -35.4267004769999,-6.93710488399995 -35.42671988,-6.93722978199997 -35.426776521,-6.93729824099995 -35.4268955439999,-6.93733513099994 -35.4269583499999,-6.93733480999992 -35.426964341,-6.93733477899997 -35.427051677,-6.93729058299994 -35.427101551,-6.93725907899994 -35.4271702839999,-6.93724622799994 -35.427278239,-6.93756441899995 -35.4272229749999,-6.93776469799997 -35.427186282,-6.93792738199994 -35.427211972,-6.93805849799998 -35.427268645,-6.93813320699996 -35.427362747,-6.93818897399996 -35.4274381189999,-6.93825108699997 -35.4274137739999,-6.93838245899997 -35.42739562,-6.93850129899994 -35.4273337179999,-6.93862661399993 -35.427222005,-6.93879593199995 -35.4272223249999,-6.93885842899994 -35.4272608439999,-6.93905197799995 -35.427248944,-6.93917078599998 -35.4272498089999,-6.93933952899994 -35.427237813,-6.93943958799997 -35.4271882269999,-6.93952733999993 -35.4272640469999,-6.93967694899993 -35.427251987,-6.93976450899993 -35.427164971,-6.93987120199995 -35.427190373,-6.93994607099995 -35.4273279669999,-6.93994536599996 -35.4274156239999,-6.93996366699997 -35.4274848049999,-6.94003831199996 -35.427479032,-6.94013208899997 -35.4273541379999,-6.94017022799994 -35.427216959,-6.94025217799998 -35.4272360429999,-6.94031457899996 -35.427330178,-6.94037659599996 -35.4273867869999,-6.94043880499993 -35.427405742,-6.94047620699996 -35.427425146,-6.94060110599997 -35.4273446079999,-6.94075151499993 -35.427345025,-6.94083276099997 -35.427370587,-6.94093887799994 -35.427370971,-6.94101387499995 -35.427296272,-6.94108300599993 -35.427137579,-6.94105895699994 -35.427128269,-6.94109708299993 -35.4270528339999,-6.94117799999998 -35.427041543,-6.94141555299996 -35.427045748,-6.94143501599996 -35.4270671689999,-6.94153416899997 -35.427030219,-6.94164685599998 -35.426969485,-6.94174731899994 -35.426961998,-6.94175970299995 -35.426855835,-6.94179149599995 -35.426906318,-6.94187873599998 -35.4268630179999,-6.94197270499996 -35.4267632369999,-6.94202946499996 -35.4266132619999,-6.94205523199997 -35.4266080319999,-6.94225525499996 -35.426627276,-6.94234890399997 -35.4266965859999,-6.94244854799996 -35.426781879,-6.94251558399998 -35.4269665479999,-6.94264716199996 -35.426936462,-6.94287856099993 -35.426931553,-6.94314108099996 -35.426976103,-6.94329084999993 -35.427026682,-6.94339683899994 -35.427220823,-6.94344584399994 -35.427258702,-6.94351439899998 -35.427340489,-6.94360772799996 -35.4274845959999,-6.94365698899998 -35.427503679,-6.94371938999996 -35.4275789879999,-6.94376900299994 -35.4277165839999,-6.94376829799995 -35.4278540189999,-6.94373634499993 -35.427966597,-6.94373576899994 -35.428128826,-6.94365993899993 -35.428278898,-6.94365292099997 -35.428329157,-6.94369641199995 -35.4284236779999,-6.94383342499998 -35.428561722,-6.94392021599998 -35.428942853,-6.94384326499994 -35.4294435849999,-6.94391569699997 -35.429693534,-6.94387066699994 -35.429862177,-6.94382605299995 -35.429943162,-6.94376313999993 -35.430005224,-6.94366907299997 -35.43020501,-6.94359930099995 -35.430392544,-6.94357958999996 -35.4305363939999,-6.94357885199997 -35.4306551299999,-6.94355949399994 -35.430705325,-6.94359048599995 -35.4307742509999,-6.94361513199993 -35.4308619079999,-6.94363343199996 -35.430992832,-6.94355151199994 -35.4310858119999,-6.94338853899995 -35.431430667,-6.94355551699994 -35.4315303829999,-6.94348625699996 -35.431517264,-6.94336757699995 -35.431566625,-6.94323607699994 -35.4316538959999,-6.94317937999995 -35.431785205,-6.94317245699995 -35.431833613,-6.94306896899997 -35.431896563,-6.94293439099994 -35.4320773279999,-6.94281471699998 -35.432190098,-6.94285163699993 -35.43228462,-6.94298864899997 -35.432328554,-6.94304295299997 -35.4323601529999,-6.94308200899997 -35.4324666369999,-6.94311271199996 -35.432785736,-6.94313607399994 -35.4329107899999,-6.94312918299994 -35.433010956,-6.94314741799997 -35.4331361059999,-6.94315927499997 -35.4332235699999,-6.94314007699995 -35.4332986219999,-6.94313969199993 -35.433348914,-6.94318943199994 -35.43336184,-6.94327061399997 -35.433449529,-6.94329516299996 -35.433518133,-6.94325731199996 -35.433599729,-6.94331314199997 -35.4337186569999,-6.94333128099993 -35.433818758,-6.94333701699998 -35.434118483,-6.94324172999995 -35.43439996,-6.94324653499996 -35.434531589,-6.94330210699997 -35.434576205,-6.94346437399997 -35.434670309,-6.94352013899993 -35.434839208,-6.94352552099997 -35.435001563,-6.94347468899997 -35.4350704249999,-6.94348683499993 -35.435089573,-6.94356173399996 -35.435102693,-6.94368041399997 -35.43514054,-6.94374271799995 -35.435197022,-6.94377992699998 -35.4352845179999,-6.94376697799993 -35.435396839,-6.94371640199995 -35.435528115,-6.94370322799995 -35.435578375,-6.94374671799994 -35.435572828,-6.94388424299996 -35.435579597,-6.94398420599993 -35.435573728,-6.94405923399995 -35.4356433299999,-6.94421512199995 -35.435649874,-6.94427133699998 -35.43570023,-6.94433357699995 -35.4358002669999,-6.94432681299998 -35.4359249669999,-6.94425117399993 -35.4359683289999,-6.94416970299994 -35.436068109,-6.94411294199995 -35.4361681779999,-6.94411242699994 -35.4363250829999,-6.94421786799995 -35.436357287,-6.94439894799996 -35.43640155,-6.94449246799996 -35.4363894599999,-6.94457377799995 -35.436408641,-6.94465492699993 -35.43644017,-6.94470476299995 -35.4365341449999,-6.94473552899996 -35.436646691,-6.94472870099997 -35.436721357,-6.94465331899994 -35.436796183,-6.94460918599998 -35.4370827559999,-6.94438896799994 -35.4371133189999,-6.94425131499997 -35.4372243839999,-6.94395700199993 -35.437280631,-6.94392171399994 -35.43740518,-6.94384357499996 -35.4376487759999,-6.94377982399993 -35.4378240569999,-6.94381017199993 -35.4378934979999,-6.94393481199995 -35.4379625359999,-6.94402581299994 -35.4379690649999,-6.94403441999998 -35.438019164,-6.94404666199995 -35.438043996,-6.94403824899996 -35.4381315479999,-6.94400858499995 -35.438093379,-6.94388378499997 -35.4380430539999,-6.94382779499995 -35.437978909,-6.94372187299996 -35.438060884,-6.94364645899998 -35.438179651,-6.94363334799993 -35.4382735619999,-6.94365161499996 -35.438285306,-6.94370779699995 -35.438361605,-6.94374490899997 -35.438424245,-6.94376333599996 -35.4385180269999,-6.94375660399993 -35.438599655,-6.94381868199997 -35.43868773,-6.94391822599994 -35.438705327,-6.94395535099994 -35.438761894,-6.94414784299994 -35.438770357,-6.94417404399996 -35.438814394,-6.94422381599998 -35.438952279,-6.94427935499994 -35.439140069,-6.94430963799994 -35.439190458,-6.94437812599995 -35.4393281169999,-6.94438991699997 -35.4395031089999,-6.94436401799993 -35.4396215859999,-6.94429465999997 -35.4396375549999,-6.94428151999995 -35.4397897429999,-6.94415629799994 -35.43992708,-6.94410559299996 -35.440014673,-6.94411139199997 -35.4400849359999,-6.94434981699993 -35.4400974279999,-6.94439220699996 -35.4401852139999,-6.94443550399996 -35.4402728069999,-6.94444130299996 -35.4404228779999,-6.94443427999994 -35.440465831,-6.94440796399994 -35.4406286249999,-6.94430822499993 -35.440797104,-6.94423235899995 -35.440903008,-6.94415056699995 -35.440915033,-6.94405675699994 -35.440996049,-6.94400009199995 -35.4411337079999,-6.94401188299997 -35.4412090819999,-6.94407399299996 -35.441284326,-6.94411110399994 -35.441378238,-6.94412936999993 -35.44141615,-6.94420417199996 -35.441448131,-6.94434150299998 -35.441449227,-6.94455399099996 -35.441468957,-6.94474138399994 -35.4414256929999,-6.94484160299993 -35.4414142809999,-6.94505415599997 -35.441389747,-6.94514802899994 -35.4413839439999,-6.94523555599994 -35.4414154409999,-6.94527914299994 -35.4415470399999,-6.94532846299995 -35.4416225749999,-6.94542182099997 -35.441704268,-6.94549639799993 -35.441629765,-6.94560302899993 -35.4413555099999,-6.94578568599997 -35.4412371939999,-6.94588629199995 -35.441231327,-6.94596131999998 -35.441244383,-6.94606749999997 -35.441363312,-6.94608563699995 -35.4414444889999,-6.94606021899995 -35.4415384329999,-6.94608473399995 -35.4415950119999,-6.94614069099993 -35.441645659,-6.94625917599996 -35.441695984,-6.94631516499993 -35.4418336759999,-6.94633320499997 -35.4418959289999,-6.94627663599994 -35.442008216,-6.94621980899996 -35.4421770499999,-6.94621268899994 -35.442233565,-6.94625614699993 -35.442259066,-6.94634976199995 -35.442215738,-6.94643748299995 -35.442234823,-6.94649988299994 -35.442372838,-6.94658041899993 -35.442517235,-6.94668592099993 -35.442605538,-6.94682921099997 -35.442762477,-6.94694089899997 -35.4431253239999,-6.94695777699997 -35.443194251,-6.94698242099997 -35.4432633709999,-6.94704456299996 -35.4434016439999,-6.94717509499998 -35.44351448,-6.94722451199993 -35.443619988,-6.94716799799994 -35.4437893149999,-6.94715434599993 -35.443927136,-6.94719738399994 -35.4439839089999,-6.94729083799996 -35.44405993,-6.94747793999994 -35.444121821,-6.94756071499995 -35.444166996,-6.94762113299993 -35.4443554009999,-6.94777015599993 -35.444243533,-6.94790822899995 -35.444194145,-6.94803347899995 -35.4441696759999,-6.94813985199994 -35.443920407,-6.94831613199995 -35.443902355,-6.94845372099996 -35.443915703,-6.94861614699994 -35.4439289539999,-6.94875982399998 -35.443979473,-6.94885330999995 -35.4439369519999,-6.94909727199996 -35.4439253159999,-6.94926607599996 -35.4439327969999,-6.94950352999996 -35.443944341,-6.94953006499998 -35.443970776,-6.94959083099997 -35.444053859,-6.94993414099997 -35.4440672069999,-6.95009656699995 -35.444049219,-6.95024665499994 -35.4439119789999,-6.95031611099995 -35.443730764,-6.95034829499997 -35.4436682639999,-6.95037295399993 -35.4436184109999,-6.95039262299997 -35.443600456,-6.95054896099998 -35.443606834,-6.95056050399995 -35.4436762189999,-6.95068606499996 -35.443496747,-6.95105572899996 -35.4434133849999,-6.95115112399998 -35.443310214,-6.95126918499994 -35.4432980289999,-6.95133174599994 -35.4432360019999,-6.95143206299997 -35.443049339,-6.95162051999995 -35.442975126,-6.95178339799998 -35.442951077,-6.95197101599996 -35.4430393489999,-6.95210805599993 -35.443140453,-6.95230752799995 -35.4432788249999,-6.95245680899995 -35.4434426669999,-6.95269345599996 -35.443555698,-6.95278036899998 -35.443618694,-6.95286754099993 -35.443831667,-6.95292893999994 -35.443844822,-6.95305386799993 -35.4436463609999,-6.95337988199998 -35.443647008,-6.95350487399998 -35.443659969,-6.95359230499997 -35.443772677,-6.95361672199994 -35.443897765,-6.95361607599995 -35.4439976419999,-6.95357806199996 -35.4440981,-6.95365254099994 -35.4441859849999,-6.95371458499994 -35.4442483999999,-6.95368926299994 -35.444235245,-6.95356433499995 -35.4441975239999,-6.95352703099996 -35.444271995,-6.95341414999996 -35.444384833,-6.95346356599993 -35.4445353909999,-6.95355028599994 -35.4446725349999,-6.95346207999995 -35.4447306449999,-6.95338382099993 -35.444784339,-6.95331150799996 -35.4449588149999,-6.95318561099998 -35.445058627,-6.95313509699997 -35.4452461939999,-6.95312162899995 -35.445471029,-6.95305796999997 -35.4457961919999,-6.95304378999998 -35.445883883,-6.95306833599994 -35.4460225789999,-6.95328011199996 -35.446136452,-6.95352951499996 -35.4462869459999,-6.95360373499994 -35.446449495,-6.95359039499994 -35.446724041,-6.95346398099997 -35.446886203,-6.95337564599993 -35.447011161,-6.95335000099993 -35.447049399,-6.95348729799997 -35.446975252,-6.95366267499998 -35.447213243,-6.95372394299994 -35.4472875829999,-6.95358606299993 -35.447212207,-6.95352395499998 -35.447223745,-6.95333640199993 -35.447373786,-6.95332312699998 -35.447486429,-6.95333504399997 -35.447599332,-6.95339695799993 -35.447862404,-6.95347059499994 -35.448000001,-6.95346988299997 -35.4482011769999,-6.95366883599996 -35.448240128,-6.95394362499997 -35.448191193,-6.95415636999996 -35.448079068,-6.95424444699995 -35.4479795149999,-6.95434495799998 -35.4480555389999,-6.95453205799993 -35.448205645,-6.95453128199995 -35.448331121,-6.95460562999995 -35.448356722,-6.95471799399996 -35.44829476,-6.95483080999998 -35.4482475899999,-6.95496254899996 -35.448245438,-6.95496855999994 -35.448409023,-6.95515520699996 -35.4484542119999,-6.95513989599993 -35.4485588699999,-6.95510443399996 -35.4486461729999,-6.95505398399996 -35.4488463129999,-6.95505294799995 -35.448897061,-6.95519018099998 -35.4489247999999,-6.95554380699997 -35.448937244,-6.95570245399995 -35.4490130739999,-6.95585205599997 -35.4491387579999,-6.95599545799996 -35.449176661,-6.95603870299993 -35.4492399169999,-6.95617586999998 -35.4492229759999,-6.95622057299994 -35.449178216,-6.95633868399995 -35.44906596,-6.95640176199993 -35.448978333,-6.95638971599993 -35.4488534389999,-6.95642786099995 -35.448841579,-6.95655291799994 -35.4489296589999,-6.95665245899994 -35.448980277,-6.95676469299997 -35.449093051,-6.95680160699993 -35.449256314,-6.95692575799995 -35.449207121,-6.95708850599993 -35.449182816,-6.95722612699996 -35.449358848,-6.95740020899996 -35.449521787,-6.95746186299993 -35.449609868,-6.95756140399993 -35.4497640549999,-6.95766688899994 -35.449773066,-6.95767305499993 -35.4498485729999,-6.95776015999996 -35.4498492709999,-6.95789467399993 -35.449849286,-6.95789765099994 -35.44978752,-6.95804796599998 -35.4496877079999,-6.95809848099998 -35.449625747,-6.95821129699993 -35.449563462,-6.95826161799994 -35.4497893349999,-6.95839794299997 -35.449926998,-6.95840972999997 -35.450001727,-6.95834684499994 -35.4501143059999,-6.95834626199996 -35.450201739,-6.95832080999998 -35.450348799,-6.95833567299997 -35.4503988509999,-6.95833853799996 -35.450442859,-6.95838205899997 -35.450505517,-6.95840360799997 -35.4505741369999,-6.95836887899998 -35.450692988,-6.95837138799993 -35.45069362,-6.95849325499995 -35.450712854,-6.95858377699994 -35.4506819869999,-6.95866205899995 -35.450638692,-6.95875602999996 -35.4506828459999,-6.95882767399996 -35.4507422469999,-6.95882424099995 -35.4508236039999,-6.95883319399996 -35.4509141629999,-6.95880772599997 -35.4509667099999,-6.95868870799995 -35.4510478879999,-6.95866328799997 -35.45114791,-6.95865339499994 -35.451170255,-6.95874077599996 -35.4511081809999,-6.95883171999998 -35.451058405,-6.95888197599993 -35.450921829,-6.95907955099995 -35.450934678,-6.95914510699993 -35.450991049,-6.95916043899996 -35.4511035799999,-6.95915048099994 -35.4512409189999,-6.95909977099996 -35.451296965,-6.95905260799998 -35.4513812709999,-6.95902717199994 -35.451490447,-6.95897348299997 -35.4515089349999,-6.95892026399997 -35.45157438,-6.95887617699998 -35.451683638,-6.95883811199997 -35.4517711509999,-6.95882828399994 -35.451866846,-6.95881845399998 -35.451899302,-6.95881511999994 -35.452030694,-6.95882381299998 -35.4521217559999,-6.95889521299995 -35.452181352,-6.95892927799997 -35.452325269,-6.95894103199993 -35.452403579,-6.95896562499996 -35.452428727,-6.95899049299993 -35.452525865,-6.95902748799995 -35.4526259849999,-6.95903634399997 -35.452679131,-6.95903294299995 -35.452710241,-6.95900153299993 -35.452757247,-6.95902003899994 -35.452779446,-6.95907929599997 -35.452835947,-6.95911962599996 -35.4528364499999,-6.95921649499996 -35.452790077,-6.95931985599998 -35.4527279709999,-6.95940454999993 -35.452631465,-6.95948942199993 -35.452606902,-6.95957704599994 -35.452569619,-6.95962411299996 -35.4525389789999,-6.95974614199997 -35.4524518069999,-6.95982159099998 -35.452402014,-6.95986872199995 -35.452341208,-6.95992732599996 -35.4522650979999,-6.96000067699993 -35.452234248,-6.96008208399996 -35.452131471,-6.96016386399998 -35.451969667,-6.96032094699996 -35.4518573949999,-6.96038090099995 -35.4517420449999,-6.96045024699993 -35.4517486559999,-6.96051895999994 -35.4517020229999,-6.96057232499993 -35.451636822,-6.96066328399996 -35.4516312649999,-6.96079768299995 -35.451690861,-6.96083174699993 -35.451788,-6.96086874199995 -35.451860137,-6.96090899199993 -35.45191053,-6.96097747799996 -35.4519421429999,-6.96104293599996 -35.451830845,-6.96129037899993 -35.45189399,-6.96140567199996 -35.4520351209999,-6.96148306199996 -35.45212006,-6.96157949299993 -35.452204771,-6.96163217599997 -35.452351816,-6.96164391299993 -35.452454755,-6.96159338099994 -35.452542399,-6.96160855099993 -35.45271832,-6.96176075699998 -35.4527310559999,-6.96180443999998 -35.4528379499999,-6.96191325599995 -35.452860571,-6.96205375799997 -35.4529300359999,-6.96218151699998 -35.4530622079999,-6.96234019999997 -35.4531656999999,-6.96239591099993 -35.453263099,-6.96248290199998 -35.453332142,-6.96252941699993 -35.4534295249999,-6.96261328299994 -35.4535108979999,-6.96262535999995 -35.4536078259999,-6.96262173199995 -35.453632811,-6.96261535299993 -35.4536643599999,-6.96266831199995 -35.4537555209999,-6.96275845999998 -35.4538273009999,-6.96272996399995 -35.4538740149999,-6.96269222299998 -35.453913418,-6.96266237299994 -35.453936316,-6.96264502599996 -35.453989463,-6.96264162599994 -35.454030393,-6.96269453599996 -35.4540497249999,-6.96280380599995 -35.4540734519999,-6.96284197099993 -35.454160105,-6.96298135099994 -35.454193403,-6.96297658599997 -35.45425073,-6.96296838099994 -35.454403639,-6.96290508999994 -35.4544656479999,-6.96280164699994 -35.4545242529999,-6.96264509899993 -35.454527218,-6.96261383499996 -35.4545860659999,-6.96250415899993 -35.4546608109999,-6.96244439799995 -35.4547329979999,-6.96249402099994 -35.4547741069999,-6.96258130399997 -35.4548496799999,-6.96268090799992 -35.454950093,-6.96274600899994 -35.45506914,-6.96278601399996 -35.4551788529999,-6.96283544199997 -35.455241755,-6.96290386299995 -35.455220482,-6.96302271799993 -35.4551966999999,-6.96326033199995 -35.4551471189999,-6.96334808599994 -35.455129628,-6.96337164299996 -35.4550912189999,-6.96342337299996 -35.455097896,-6.96350458499995 -35.455166923,-6.96354797499993 -35.4552702839999,-6.96357868599995 -35.4553483839999,-6.96356265599997 -35.455504746,-6.96356184399997 -35.4556357979999,-6.96350491599998 -35.455723474,-6.96352633399994 -35.4558143589999,-6.96356336099996 -35.455995414,-6.96349992299997 -35.4560954529999,-6.96349315299994 -35.4561702789999,-6.96344901599997 -35.456172528,-6.96328026099997 -35.4561040949999,-6.96317170199995 -35.456068468,-6.96311518399995 -35.4560301929999,-6.96297163899993 -35.4560516609999,-6.96289028099994 -35.45614828,-6.96282728099993 -35.456263646,-6.96276105999993 -35.4563602809999,-6.96270118499996 -35.45651635,-6.96264412699998 -35.456588374,-6.96266250199994 -35.456713317,-6.96263372899995 -35.456835198,-6.96261747099993 -35.456916994,-6.96271079199994 -35.456967517,-6.96280427499994 -35.4569742269999,-6.96289173699995 -35.4570932899999,-6.96293486599996 -35.457290305,-6.96293384199993 -35.457343566,-6.96295231399995 -35.4573875419999,-6.96298958399996 -35.457347279,-6.96306478999998 -35.457288138,-6.96311821999996 -35.457257344,-6.96312751099993 -35.4572038329999,-6.96314365699993 -35.457138438,-6.96319711999996 -35.457123192,-6.96327219599993 -35.457160995,-6.96332512199996 -35.4573736799999,-6.96333026599996 -35.457502222,-6.96339209499996 -35.457583546,-6.96339479799997 -35.457658437,-6.96336315999997 -35.4577211279999,-6.96339095699994 -35.4578025009999,-6.96340303399995 -35.45784651,-6.96344655299993 -35.457962316,-6.96346469999997 -35.4580864939999,-6.96328906199994 -35.4581612059999,-6.96322305099994 -35.4582706909999,-6.96322873199995 -35.4582958559999,-6.96325672499995 -35.458317925,-6.96329098299998 -35.458417932,-6.96327796399993 -35.458570954,-6.96323654499997 -35.4585967269999,-6.96321423699993 -35.458636333,-6.96317995699997 -35.4587613739999,-6.96316993199997 -35.4588583829999,-6.96318192699994 -35.458955278,-6.96317204799993 -35.459036765,-6.96320599799998 -35.4591370639999,-6.96324922399998 -35.459248455,-6.96326211099995 -35.4592953019999,-6.96257047699993 -35.459153521,-6.96203875799995 -35.458825976,-6.96142697799996 -35.45846561,-6.96118577299995 -35.458279304,-6.96100153899994 -35.457686055,-6.96053004099997 -35.457463913,-6.96013763999997 -35.457287686,-6.95966397299998 -35.457260302,-6.95885385399993 -35.4574890279999,-6.95828548199995 -35.4577767559999,-6.95792515699998 -35.45826177,-6.95763325799993 -35.4588740839999,-6.95731754599996 -35.459485365,-6.95702232699995 -35.460376238,-6.95659207799997 -35.462479472,-6.95562039999993 -35.4636692139999,-6.95496600099995 -35.4638882479999,-6.95476229599996 -35.464061476,-6.95455299299994 -35.4642105689999,-6.95437285199995 -35.464497987,-6.95395465099995 -35.464670052,-6.95362965199996 -35.4647784969999,-6.95332234699993 -35.4648232929999,-6.95302694899993 -35.4649085099999,-6.95270818899996 -35.464970439,-6.95236640099995 -35.4651456089999,-6.95152629399996 -35.4652011429999,-6.95106878799993 -35.4653373099999,-6.95052404899997 -35.4655283459999,-6.94939448099996 -35.465658358,-6.94878032399993 -35.465644512,-6.94834632999994 -35.465484696,-6.94768737999993 -35.465481408,-6.94705655399997 -35.465583518,-6.94664510599995 -35.465720559,-6.94626820199994 -35.466265343,-6.94522360799994 -35.46694608,-6.94359376399996 -35.467887063,-6.94178480799997 -35.469072017,-6.94003037599998 -35.469890371,-6.93883549599997 -35.471023353,-6.93689950299995 -35.471354737,-6.93602964699994 -35.4713870109999,-6.93555490199998 -35.4713477349999,-6.93468697699996 -35.470915447,-6.93286615399995 -35.471072211,-6.93182936999995 -35.472157576,-6.92894153099996 -35.472206623,-6.92835094799995 -35.472159629,-6.92711266099997 -35.471584498,-6.92478524199993 -35.4713977009999,-6.92426915799996 -35.4713744709999,-6.92374769499997 -35.4713927949999,-6.92321410299996 -35.471486387,-6.92281652899993 -35.471802807,-6.92140302099995 -35.471932501,-6.92087289699998 -35.4720028319999,-6.92024748799997 -35.4722192569999,-6.91941542199993 -35.472495927,-6.91884776799998 -35.4727445789999,-6.91855233799993 -35.473324737,-6.91832871799994 -35.4735814909999,-6.91833853599996 -35.473663296,-6.91834166499996 -35.4740684619999,-6.91842779899997 -35.4745628479999,-6.91868995199997 -35.475233795,-6.91894383099998 -35.4759625739999,-6.91899886599998 -35.476205169,-6.91895348199995 -35.476963074,-6.91894953599996 -35.478081458,-6.91892900499994 -35.4790522919999,-6.91883570499994 -35.4798100039999,-6.91879498799995 -35.4804281,-6.91879176599997 -35.480861547,-6.91865714399995 -35.4812576649999,-6.91841976899997 -35.4816162989999,-6.91805022799997 -35.4817261219999,-6.91787009399997 -35.481944617,-6.91751171699997 -35.482235374,-6.91682633299996 -35.482736062,-6.91547804899994 -35.483033946,-6.91474850799995 -35.4830214789999,-6.91377057099993 -35.4830756969999,-6.91288052699997 -35.483205418,-6.91235775899997 -35.483224497,-6.91178409499997 -35.483318233,-6.91141593599997 -35.483388512,-6.91078317699993 -35.483393989,-6.91042283199994 -35.483237741,-6.91009274399994 -35.482889567,-6.90964600199993 -35.482357403,-6.90919286499997 -35.481944466,-6.90902588799997 -35.481008757,-6.90879545399997 -35.480396959,-6.90859274399998 -35.479857631,-6.90817640699993 -35.479650148,-6.90789805699995 -35.479484591,-6.90719299099993 -35.479628266,-6.90652308199998 -35.479964094,-6.90601394799995 -35.4805138039999,-6.90559929599993 -35.4809896639999,-6.90513355399997 -35.481259345,-6.90463947199993 -35.48134469,-6.90407281499995 -35.481377763,-6.90335936199995 -35.481298489,-6.90249915399994 -35.491853056,-6.89376660599993</coordinates></LinearRing></outerBoundaryIs></Polygon></MultiGeometry>
  </Placemark>
  <Placemark>
	<Style><LineStyle><color>ff0000ff</color></LineStyle><PolyStyle><fill>0</fill></PolyStyle></Style>
	<ExtendedData><SchemaData schemaUrl="#campus_uepbshp">
		<SimpleData name="fid">1</SimpleData>
		<SimpleData name="CD_MUN">2507507</SimpleData>
		<SimpleData name="NM_MUN">João Pessoa</SimpleData>
		<SimpleData name="SIGLA_UF">PB</SimpleData>
		<SimpleData name="AREA_KM2">210.044000000000011</SimpleData>
		<SimpleData name="POP">809015</SimpleData>
		<SimpleData name="DENS">3421.280000000000200</SimpleData>
		<SimpleData name="LAT">-7.165440000000000</SimpleData>
		<SimpleData name="LONG_GMS">-34º52'11&quot;</SimpleData>
		<SimpleData name="LAT_GMS">-7º9'56&quot;</SimpleData>
		<SimpleData name="LONG">-34.86983</SimpleData>
		<SimpleData name="MESO">Mata Parai</SimpleData>
		<SimpleData name="MICRO">João Pesso</SimpleData>
		<SimpleData name="GENTILICO">Pessoense</SimpleData>
		<SimpleData name="layer">NM_MUN_João Pessoa</SimpleData>
		<SimpleData name="path">C:\Users\damas\OneDrive\2025_1\EAD\MAPAS\NM_MUN_João Pessoa.gpkg|layername=NM_MUN_João Pessoa</SimpleData>
	</SchemaData></ExtendedData>
      <MultiGeometry><Polygon><outerBoundaryIs><LinearRing><coordinates>-34.855849151,-7.23126285099994 -34.856019896,-7.23105165599998 -34.8562599319999,-7.23084042499994 -34.8569800399999,-7.23059078699993 -34.85745051,-7.23041796099994 -34.8576617419999,-7.23024513599995 -34.857990602,-7.22978626099996 -34.858074603,-7.22966904999993 -34.858266632,-7.22924658599993 -34.858265735,-7.22896638899994 -34.858237828,-7.22875691299993 -34.858314639,-7.22854568199995 -34.858698697,-7.22844966699995 -34.85905395,-7.22853607999997 -34.8594956159999,-7.22868010199994 -34.860014093,-7.22868970299993 -34.8605229689999,-7.22845926899993 -34.860983838,-7.22856488499997 -34.861387098,-7.22890093499996 -34.861684743,-7.22929459399995 -34.862049597,-7.22961144099997 -34.862299235,-7.22967865099997 -34.86240485,-7.22951542699997 -34.862596879,-7.22930419499994 -34.8626055039999,-7.22928694499996 -34.862702495,-7.22909296299997 -34.86267369,-7.22872810899997 -34.862827313,-7.22807521099998 -34.862923328,-7.22792158799996 -34.863048146,-7.22760474099994 -34.8632977839999,-7.22746071999995 -34.8635666239999,-7.22745111799998 -34.863816261,-7.22753753099994 -34.8643539409999,-7.22769115399996 -34.86501644,-7.22776796599993 -34.865352491,-7.22768155299997 -34.865551809,-7.22756377399998 -34.8655637219999,-7.22755673399996 -34.865555866,-7.22751296299998 -34.8654965119999,-7.22718227799993 -34.865342889,-7.22671180799995 -34.865506114,-7.22654858299995 -34.865631693,-7.22656335699997 -34.865995787,-7.22660619199996 -34.866500431,-7.22675311399996 -34.8667543,-7.22682702499998 -34.867541618,-7.22705745899998 -34.868453754,-7.22724948799993 -34.868751398,-7.22738390799998 -34.869173862,-7.22758553799997 -34.8694907089999,-7.22758553799997 -34.869663535,-7.22742231399997 -34.869740346,-7.22715347399998 -34.8696539329999,-7.22685582899993 -34.869538716,-7.22661579299995 -34.869346687,-7.22643336599998 -34.8689722309999,-7.22603010599994 -34.868712993,-7.22574206299993 -34.868616978,-7.22541561399993 -34.868789804,-7.22509876699996 -34.869077847,-7.22493554199997 -34.8693562889999,-7.22487793399995 -34.8696155279999,-7.22478191899995 -34.869893969,-7.22474351399995 -34.870479657,-7.22482992699997 -34.870777301,-7.22483952799996 -34.8709098639999,-7.22481743399993 -34.8710653439999,-7.22479152099993 -34.871343786,-7.22468590499994 -34.871468604,-7.22458989099994 -34.871766249,-7.22446507199993 -34.871900669,-7.22434025299998 -34.8720062849999,-7.22417702899997 -34.872089337,-7.22391277099996 -34.8721118999999,-7.22384097899993 -34.8721118999999,-7.22360094299995 -34.871929473,-7.22304405999995 -34.871699039,-7.22282322699994 -34.871680958,-7.22281277999997 -34.871266974,-7.22257358999997 -34.87103654,-7.22225674199996 -34.8709309239999,-7.22197830099998 -34.8712189669999,-7.22142141699993 -34.87137259,-7.22137340999996 -34.87150701,-7.22115257699994 -34.872217516,-7.22040366499994 -34.872515161,-7.22023083999994 -34.872735994,-7.22032685399995 -34.872841609,-7.22049967999993 -34.8728258679999,-7.22068208899998 -34.872870414,-7.22097014999997 -34.8730528409999,-7.22110456999997 -34.873686536,-7.22123898999996 -34.873955376,-7.22114297599995 -34.874473853,-7.22115257699994 -34.875136352,-7.22100855599996 -34.875683634,-7.22093174399993 -34.8762021119999,-7.22085493299994 -34.8764901549999,-7.22078772299994 -34.876682183,-7.22070130999998 -34.876874212,-7.22053808499993 -34.8771814579999,-7.22005801399996 -34.8775367109999,-7.21963555099995 -34.8777095369999,-7.21940511599996 -34.8780647899999,-7.21916507999993 -34.87840084,-7.21901145699997 -34.878794499,-7.21880022599993 -34.87904043,-7.21871646399995 -34.8793705849999,-7.21860819699998 -34.880772394,-7.21803211099996 -34.8811084439999,-7.21783048099996 -34.8814829,-7.21770566199996 -34.882001378,-7.21754243799995 -34.8823854349999,-7.21735040899995 -34.882836703,-7.21713917799997 -34.883095941,-7.21704316299997 -34.883652825,-7.21682232999996 -34.884209708,-7.21661109899998 -34.884603367,-7.21640946899993 -34.884929815,-7.21626544699996 -34.885217858,-7.21620783899994 -34.8854002859999,-7.21611182399994 -34.8857267339999,-7.21591979599998 -34.885909162,-7.21588138999994 -34.886076639,-7.21580716599993 -34.8866424019999,-7.21554768099998 -34.886984522,-7.21539171699993 -34.887118942,-7.21535331099994 -34.887310971,-7.21533410799998 -34.887608616,-7.21521889099995 -34.887829449,-7.21510367399998 -34.8881751,-7.21496925399993 -34.8884727449999,-7.21483483299994 -34.888981621,-7.21465240599997 -34.8892888669999,-7.21450838499993 -34.8896537209999,-7.21439316699997 -34.889941764,-7.21446037799996 -34.8905082489999,-7.21447957999993 -34.890757886,-7.21449878299995 -34.890959516,-7.21452758799995 -34.891180349,-7.21450838499993 -34.8914587909999,-7.21458519599997 -34.8917468339999,-7.21457559499993 -34.891958065,-7.21451798599998 -34.8922077029999,-7.21456599299995 -34.8926397669999,-7.21467160899994 -34.892975817,-7.21469081199996 -34.893215853,-7.21473881899993 -34.8935230989999,-7.21481563099996 -34.894118388,-7.21488284099996 -34.894627264,-7.21497885499997 -34.89493451,-7.21497885499997 -34.8952513569999,-7.21488284099996 -34.895923458,-7.21484443499997 -34.8965955579999,-7.21465240599997 -34.8968643979999,-7.21465240599997 -34.89707563,-7.21456599299995 -34.8973252669999,-7.21453718899994 -34.897642114,-7.21453718899994 -34.897795737,-7.21461399999993 -34.8982374029999,-7.21449878299995 -34.898525446,-7.21439316699997 -34.898842294,-7.21446997899994 -34.8992167499999,-7.21443157299996 -34.8995720029999,-7.21429715299996 -34.8999752629999,-7.21412432699998 -34.9003017119999,-7.21410512399996 -34.90071412,-7.21418010799994 -34.9007241749999,-7.21418193599993 -34.9010794279999,-7.21417233399995 -34.901684318,-7.21395150099994 -34.902087579,-7.21375947299993 -34.9024620349999,-7.21375947299993 -34.9029805119999,-7.21337541499997 -34.903652612,-7.21312577799995 -34.9048239869999,-7.21246327899996 -34.90631221,-7.21215603299993 -34.907291556,-7.21224244599995 -34.908530141,-7.21240567099994 -34.910661659,-7.21277052499994 -34.911208941,-7.21281853199997 -34.911650607,-7.21281853199997 -34.9122843019999,-7.21292414799996 -34.912793178,-7.21326019799994 -34.913244445,-7.21372106699994 -34.914329407,-7.21507486899998 -34.9146078489999,-7.21550693399996 -34.915020711,-7.21600620799995 -34.915251145,-7.21622704099997 -34.9156496049999,-7.21676952199994 -34.9159489259999,-7.21717315299998 -34.915966452,-7.21719678599993 -34.9162496939999,-7.21750883299995 -34.9166625559999,-7.21804651299993 -34.917363461,-7.21863220099993 -34.918381213,-7.21920828699996 -34.920147877,-7.21997640199993 -34.921588092,-7.22068690799995 -34.9230859159999,-7.22133980499996 -34.9247565649999,-7.22218473099997 -34.9275612279999,-7.22346325299998 -34.9283859069999,-7.22391298999997 -34.9289427909999,-7.22462349599994 -34.929460601,-7.22554089799996 -34.9301942559999,-7.22479171099997 -34.930566668,-7.22436768899996 -34.930744669,-7.22413946499995 -34.930889441,-7.22374890199995 -34.9310184949999,-7.22348838899995 -34.931114872,-7.22319551799995 -34.931194634,-7.22282147899995 -34.9311276239999,-7.22236682099998 -34.931109975,-7.22204193699997 -34.931076402,-7.22179835999998 -34.931189462,-7.22160290699998 -34.931790334,-7.22134039599996 -34.931919939,-7.22120986399995 -34.931836384,-7.22069028499993 -34.9318841579999,-7.22044636399994 -34.932206101,-7.21963260599995 -34.932822549,-7.21920754999996 -34.933243763,-7.21878332099993 -34.933435408,-7.21793761799995 -34.933464635,-7.21715759499995 -34.933609818,-7.21686451799997 -34.933787609,-7.21658755099998 -34.934030615,-7.21634280299997 -34.934595627,-7.21530054499993 -34.934999048,-7.21451893699998 -34.935330157,-7.21426233699998 -34.935842291,-7.21386544799998 -34.9366062569999,-7.21369973099996 -34.9373214139999,-7.21353421899994 -34.937727663,-7.21341876099996 -34.93803664,-7.21338495399993 -34.938378364,-7.21339975199993 -34.939028305,-7.21320201899994 -34.939382113,-7.21312315199998 -34.9395484359999,-7.21308607599997 -34.9419067819999,-7.21291357799993 -34.9424762039999,-7.21291115699995 -34.94314338,-7.21294081499997 -34.943697156,-7.21308468899997 -34.944104164,-7.21314794799997 -34.94472267,-7.21321030699994 -34.9453582099999,-7.21345131699997 -34.946237718,-7.21367503899995 -34.9473774639999,-7.21388140199997 -34.9487615959999,-7.21416795799996 -34.9493712669999,-7.21449379499995 -34.950131407,-7.21490950699996 -34.950652578,-7.21503726299994 -34.9518092929999,-7.21540601899994 -34.9522331279999,-7.21559917999997 -34.953469308,-7.21552890199996 -34.95437843,-7.21507007599996 -34.95514071,-7.21451439099997 -34.9553433459999,-7.21429667199993 -34.955496747,-7.21407417899997 -34.9559675749999,-7.21384469499998 -34.956178794,-7.21377879999994 -34.956373884,-7.21374546899995 -34.956650807,-7.21382552099993 -34.956797299,-7.21384114099993 -34.9570737339999,-7.21380746199998 -34.957268894,-7.21379037799994 -34.9575613179999,-7.21369163799994 -34.9577728859999,-7.21370697899994 -34.958017341,-7.21380341699995 -34.958536489,-7.21401389699997 -34.958978335,-7.21405925899995 -34.959677906,-7.21405625799997 -34.960231334,-7.21411887299996 -34.9610138579999,-7.21448920999995 -34.961551857,-7.21474686199997 -34.962252408,-7.21497131899997 -34.9627082219999,-7.21503434999994 -34.9631312179999,-7.21503253199995 -34.963911503,-7.21488294899996 -34.964480921,-7.21488049899995 -34.964725517,-7.21500942799997 -34.96503519,-7.21513807599996 -34.9653447929999,-7.21525047699993 -34.9658823739999,-7.21541063899997 -34.9662898719999,-7.21558760799996 -34.966648844,-7.21582977599996 -34.966910061,-7.21603986899993 -34.9674636309999,-7.21613496999993 -34.967691117,-7.21606899899996 -34.96842147,-7.21565966199995 -34.96855099,-7.21551287499994 -34.9687106599999,-7.21481354199994 -34.9696159659999,-7.19836936199994 -34.9705119459999,-7.18208907499996 -34.970485326,-7.18200366099995 -34.970471108,-7.18191057199994 -34.970470841,-7.18184847299995 -34.970491344,-7.18179663499996 -34.9705666999999,-7.18164795999996 -34.970656111,-7.18155442599993 -34.9715875919999,-7.18047401899997 -34.97165303,-7.18042888799994 -34.971711679,-7.18041138599995 -34.971770283,-7.18038353399993 -34.971825285,-7.18032119699996 -34.9718940879999,-7.18025535199996 -34.971938697,-7.18018615999995 -34.971979851,-7.18011698199996 -34.972076393,-7.18007516699993 -34.972121016,-7.18000942499998 -34.972151615,-7.17989544299996 -34.972178981,-7.17983322599997 -34.97223035,-7.17972950399997 -34.972480714,-7.17931097699994 -34.972549057,-7.17913818299996 -34.972579283,-7.17893795199996 -34.9725956029999,-7.17871708099995 -34.9725523829999,-7.17830671599995 -34.9725506579999,-7.17790652199994 -34.972596239,-7.17726117399997 -34.972575424,-7.17724056299994 -34.972540851,-7.17723381199994 -34.972464857,-7.17723413799996 -34.9721468709999,-7.17719065499995 -34.9720880589999,-7.17717020699996 -34.971987736,-7.17713613799998 -34.9718667029999,-7.17710560799998 -34.97180795,-7.17709895999997 -34.971756225,-7.17711988299993 -34.971718332,-7.17714419499993 -34.9716596389999,-7.17715134799994 -34.971604326,-7.17714123499997 -34.9715697239999,-7.17712758399995 -34.9715109859999,-7.17712438599995 -34.97141443,-7.17716275099997 -34.971348814,-7.17716648299995 -34.971272686,-7.17713575999994 -34.9712137999999,-7.17709806199997 -34.971154973,-7.17707416499996 -34.971120415,-7.17707086299993 -34.971068497,-7.17704693599995 -34.971054502,-7.17700559599996 -34.9709817249999,-7.17695070799994 -34.9709436379999,-7.17693017199997 -34.9707794459999,-7.17650307499997 -34.9706719179999,-7.17640003599996 -34.970619718,-7.17631055999993 -34.970525992,-7.17620401199997 -34.9705326929999,-7.17615568299993 -34.970546198,-7.17608317399993 -34.970608182,-7.17603805799996 -34.9706391519999,-7.17601032499994 -34.97065961,-7.17594813699998 -34.9706764069999,-7.17583766399997 -34.9707620799999,-7.17567859599995 -34.970765371,-7.17564063199995 -34.9707995279999,-7.17555078399994 -34.9708372279999,-7.17548162199995 -34.9708955049999,-7.17537787199996 -34.970898752,-7.17532955799993 -34.9708498869999,-7.17521246699994 -34.9708600869999,-7.17517447299997 -34.9708769269999,-7.17507434999993 -34.9708071439999,-7.17491249899996 -34.970692679,-7.17480258999996 -34.9706667479999,-7.17476593699996 -34.9706020959999,-7.17462357799997 -34.9705740759999,-7.17453399799996 -34.970594149,-7.17438211099994 -34.9706244349999,-7.17419567999997 -34.9706550929999,-7.17409549799993 -34.9706305719999,-7.17401625299993 -34.970616369,-7.17392661299994 -34.970636709,-7.17383682599996 -34.9706364269999,-7.17377127699996 -34.970601409,-7.17366102599993 -34.970507685,-7.17355447799997 -34.970431498,-7.17350995499993 -34.970379521,-7.17347222799998 -34.9702826979999,-7.17344849299997 -34.9702032349999,-7.17344538399993 -34.970151288,-7.17341455699994 -34.970085212,-7.17331133999994 -34.970095234,-7.17323194599993 -34.970115633,-7.17315595799994 -34.97014638,-7.17307647599995 -34.970163354,-7.17300740299993 -34.9701424209999,-7.17295919199995 -34.970111303,-7.17295242599994 -34.97005267,-7.17297337699995 -34.970018113,-7.17297007599996 -34.969910586,-7.17286703599996 -34.969862108,-7.17283964399996 -34.9698102049999,-7.17281916699994 -34.9697789539999,-7.17278135099997 -34.969768428,-7.17274344499998 -34.9697613559999,-7.17270552599996 -34.9697301639999,-7.17268150899997 -34.9696471729999,-7.17266116499997 -34.969536741,-7.17268578899996 -34.969471051,-7.17267226999996 -34.9693983779999,-7.17264153199994 -34.969334927,-7.17258719299997 -34.969190397,-7.17247337299995 -34.9691449539999,-7.17247182199998 -34.9691005719999,-7.17247030799996 -34.969062471,-7.17244632099994 -34.96904613,-7.17239011299995 -34.969041434,-7.17237396099995 -34.969013667,-7.17234302999998 -34.968972142,-7.17232595799993 -34.968916651,-7.17227444499997 -34.9689060659999,-7.17222273999994 -34.968923204,-7.17219161699995 -34.9688954069999,-7.17215378599997 -34.968833112,-7.17212645199993 -34.968763908,-7.17209914899996 -34.9686262439999,-7.17204294499993 -34.9685632059999,-7.17201720899993 -34.968407602,-7.17197992499996 -34.968279825,-7.17198737299998 -34.9681793999999,-7.17192915299995 -34.968103125,-7.17186392899993 -34.967859733,-7.17164147699998 -34.9676870449999,-7.17150000899994 -34.9675624549999,-7.17144534299996 -34.967496528,-7.17137662499994 -34.967395644,-7.17121145599998 -34.9672145129999,-7.17086032899994 -34.9671103379999,-7.17073312399998 -34.96700981,-7.17065075399995 -34.966971295,-7.17053016799997 -34.966905013,-7.17037865099996 -34.966835751,-7.17033754699997 -34.966496244,-7.17010784899998 -34.966374872,-7.16999796799996 -34.966221909,-7.16977092099995 -34.9662042529999,-7.16968129499998 -34.966200295,-7.16956401199997 -34.966006399,-7.16945788999993 -34.965736792,-7.16941764399996 -34.9653499029999,-7.16941584799997 -34.9650452499999,-7.16925844999997 -34.964774844,-7.16903190499994 -34.9645634999999,-7.16888445699993 -34.9642684569999,-7.16855106499997 -34.964223241,-7.16847880799997 -34.964105591,-7.16843101099994 -34.963977636,-7.16839705699994 -34.963786974,-7.16823916999994 -34.963677468,-7.16802849499993 -34.963651136,-7.16797754899994 -34.9636576899999,-7.16789471999994 -34.963643238,-7.16774642999997 -34.9635804559999,-7.16760524699993 -34.963483487,-7.16754701099995 -34.963282964,-7.16750646699995 -34.9629928099999,-7.16750770699997 -34.962859142,-7.16753441999998 -34.9628340479999,-7.16753943499998 -34.962726569,-7.16744674299997 -34.9626261449999,-7.16738852099996 -34.9624527989999,-7.16724090999998 -34.9621962859999,-7.16703155299996 -34.9619194909999,-7.16692578399994 -34.9616049059999,-7.16686847599993 -34.961338901,-7.16686271099996 -34.961159503,-7.16691522699995 -34.960921589,-7.16701629299996 -34.9607941369999,-7.16709963699998 -34.960639317,-7.16724519899998 -34.960608642,-7.16734193099995 -34.96051213,-7.16739064299998 -34.9603739459999,-7.16738778299998 -34.96028052,-7.16735023099994 -34.96020091,-7.16731261999996 -34.960048791,-7.16728221799997 -34.959952029,-7.16727228099995 -34.959876036,-7.16727260499994 -34.9596722809999,-7.16728382399998 -34.9595373889999,-7.16724299799995 -34.959450782,-7.16718471699994 -34.959421688,-7.16717231599995 -34.9592985159999,-7.16711981499998 -34.959115442,-7.16712059599996 -34.958960179,-7.16716265799994 -34.958694056,-7.16712929199997 -34.958535132,-7.16712306899996 -34.9583417389999,-7.16713424299996 -34.9581622219999,-7.16715915799995 -34.9580104569999,-7.16721155499994 -34.9578969849999,-7.16727153699998 -34.957865704,-7.16728807299995 -34.9576729,-7.16743724599996 -34.957597025,-7.16746516899997 -34.957469233,-7.16746916299996 -34.9573247389999,-7.16747897499994 -34.957251911,-7.16753908999993 -34.9572316859999,-7.16765647699998 -34.95721465,-7.16771175099996 -34.957173229,-7.16771882699993 -34.9570937079999,-7.16770191499995 -34.956877693,-7.16765568299996 -34.956872431,-7.16765455699993 -34.9567619979999,-7.16767917799996 -34.956707858,-7.16772281499993 -34.9566759369999,-7.16774854499994 -34.9566520069999,-7.16780729699997 -34.956617642,-7.16784884399993 -34.95654525,-7.16788365299993 -34.9564453419999,-7.16794617899996 -34.956431525,-7.16794623799996 -34.9564001419999,-7.16787737099997 -34.956358968,-7.16786044099996 -34.9563506329999,-7.16786401899998 -34.956289754,-7.16791234099998 -34.956213878,-7.16794026399998 -34.95608442,-7.16794321099997 -34.956058151,-7.16793644199993 -34.9558475229999,-7.16789352299998 -34.9558157279999,-7.16788400599995 -34.9557679719999,-7.16786971099998 -34.9556746929999,-7.16786665799998 -34.955646854,-7.16788126699993 -34.955588528,-7.16791187499996 -34.955564437,-7.16793267799994 -34.95552328,-7.16800185399995 -34.955481859,-7.16800892999993 -34.9554196089999,-7.16799194499993 -34.955360769,-7.16796459499994 -34.955291508,-7.16792348899997 -34.9552719239999,-7.16787518699994 -34.955263579,-7.16785460699998 -34.9552359309999,-7.16785127399993 -34.955207985,-7.16787415099998 -34.9551808539999,-7.16789635899994 -34.955122176,-7.16790695899994 -34.9550599999999,-7.16790722399998 -34.955004776,-7.16791780899996 -34.9549323689999,-7.16794916699996 -34.954811309,-7.16791173199994 -34.954731121,-7.16786641799996 -34.954714355,-7.16785694299995 -34.9546569519999,-7.16786521499995 -34.954590105,-7.16788162199992 -34.954565911,-7.16787827499996 -34.954553764,-7.16787832599994 -34.9545002799999,-7.16787855399997 -34.954407074,-7.16789274999996 -34.9542039949999,-7.16806266599997 -34.954139084,-7.16811249799997 -34.9541316909999,-7.16811817499996 -34.953963433,-7.16835349299993 -34.95390837,-7.16840202799995 -34.9538565569999,-7.16840224799995 -34.953808227,-7.16840935399995 -34.95378412,-7.16842670699998 -34.953728955,-7.16845109199994 -34.953663295,-7.16844447099993 -34.95357347,-7.16844140199993 -34.953564163,-7.16843715999994 -34.953528477,-7.16842089299996 -34.9534800289999,-7.16840039899995 -34.953393805,-7.16843181599995 -34.95335253,-7.16847339199995 -34.953349267,-7.16851825699996 -34.9532906329999,-7.16853920599993 -34.9532561939999,-7.16856350299997 -34.953225296,-7.16860848499994 -34.953228113,-7.16862692999996 -34.9532395099999,-7.16870157599993 -34.9532396129999,-7.16872572599993 -34.953194899,-7.16877076599997 -34.953139763,-7.16880205099994 -34.953049967,-7.16880588299995 -34.9529633609999,-7.16874759999996 -34.952947012,-7.16874114899997 -34.95292876,-7.16873394699996 -34.952897642,-7.16872717899997 -34.9528797089999,-7.16873535999997 -34.952790766,-7.16877593399994 -34.952756194,-7.16876918099996 -34.9525663279999,-7.16879758799996 -34.9524973599999,-7.16882548099994 -34.952376461,-7.16882599499996 -34.952079586,-7.16887210699997 -34.951920882,-7.16891763199993 -34.9516270939999,-7.16887747899995 -34.9513362019999,-7.16870621199996 -34.951297896,-7.16863392299996 -34.951169869,-7.16858271599995 -34.9511105,-7.16843116599995 -34.951130345,-7.16822407799998 -34.951187907,-7.16795127899996 -34.9512010779999,-7.16779942099993 -34.9511866299999,-7.16765112999997 -34.950976864,-7.16706206099997 -34.950872621,-7.16691760099997 -34.950439182,-7.16652958399993 -34.950114028,-7.16642401199994 -34.9499375249999,-7.16634540899997 -34.949864443,-7.16621806699993 -34.9498258739999,-7.16608367799995 -34.949693381,-7.16579443499995 -34.949400834,-7.16523331599996 -34.9489537979999,-7.16473589099996 -34.9488664199999,-7.16465597099995 -34.9481189429999,-7.16433828299995 -34.947959418,-7.16419060599998 -34.947672102,-7.16404692099997 -34.9475372699999,-7.16401989099995 -34.947248133,-7.16391401999994 -34.947052916,-7.16384253899997 -34.946855791,-7.16378817299994 -34.946247071,-7.16360789599997 -34.94579786,-7.16357184599997 -34.945352543,-7.16363928199996 -34.9450521709999,-7.16367505299996 -34.944724311,-7.16374544099995 -34.9443755359999,-7.16377106599998 -34.9441509819999,-7.16376511499993 -34.943981578,-7.16373133099995 -34.943760507,-7.16373226499996 -34.9434806849999,-7.16372654799994 -34.943256408,-7.16378614699994 -34.9431424329999,-7.16379007899997 -34.942869373,-7.16374983099996 -34.942700115,-7.16375054599996 -34.942337333,-7.16373137799997 -34.942164592,-7.16372520799996 -34.9419435789999,-7.16373994199995 -34.941612323,-7.16382414199995 -34.94135741,-7.16399082199996 -34.941060958,-7.16413697699994 -34.94066158,-7.16444916899997 -34.940630987,-7.16448947799995 -34.940482951,-7.16468452799995 -34.940310414,-7.16472665699996 -34.9400892539999,-7.16470688999993 -34.9397297789999,-7.16465320599997 -34.93957431,-7.16461194099998 -34.9394738729999,-7.16458528299995 -34.939190712,-7.16460717799993 -34.9390045609999,-7.16469766499995 -34.938045562,-7.16500531599996 -34.937047208,-7.16580994199995 -34.936566843,-7.16630722399998 -34.936551951,-7.16632264099997 -34.9361496459999,-7.16659226199994 -34.936102821,-7.16668737799995 -34.935888889,-7.16686111099995 -34.935419106,-7.16754842999995 -34.935202375,-7.16778183299994 -34.934210411,-7.16846537099997 -34.933835589,-7.16860905299995 -34.9337102609999,-7.16865709499996 -34.9335154039999,-7.16863535099998 -34.933135089,-7.16852372199997 -34.93249323,-7.16824863999994 -34.932308623,-7.16813835499994 -34.9318513709999,-7.16786519099998 -34.9310150919999,-7.16760563199995 -34.930075839,-7.16739838499996 -34.928450122,-7.16719982399997 -34.927891852,-7.16713163799994 -34.9275989139999,-7.16714592799997 -34.927550082,-7.16714830999996 -34.9270165889999,-7.16736504199997 -34.926827605,-7.16748530399997 -34.926649813,-7.16759844499995 -34.926494803,-7.16776705199993 -34.92617467,-7.16811526599997 -34.926126773,-7.16820868799994 -34.9256578489999,-7.16905721499995 -34.9256078339999,-7.16969907399994 -34.9255411469999,-7.17004084299998 -34.9254460609999,-7.17013920799997 -34.9252994079999,-7.17029091799998 -34.9251328249999,-7.17034803199994 -34.9247159,-7.17049097799998 -34.923907325,-7.17077439599996 -34.923340488,-7.17109115799997 -34.922998719,-7.17121619499994 -34.922498569,-7.17113283699996 -34.9217228539999,-7.17065211199997 -34.9213148809999,-7.17039928399993 -34.920648015,-7.16986579099995 -34.9202979099999,-7.16944899899994 -34.918930834,-7.16869877399995 -34.9184806989999,-7.16853205799993 -34.918213953,-7.16816528099997 -34.917947206,-7.16784851999995 -34.917447056,-7.16729835499996 -34.917013593,-7.16696492199998 -34.9166801599999,-7.16679820499996 -34.9164134129999,-7.16658147299995 -34.9162633679999,-7.16636474199993 -34.9161800099999,-7.16598129399995 -34.9162115949999,-7.16550751799997 -34.9162133529999,-7.16548114399995 -34.9161299949999,-7.16466423299994 -34.9149243749999,-7.16355544999993 -34.9141627389999,-7.16286369299996 -34.913886502,-7.16233691599996 -34.9134458579999,-7.16149661699995 -34.913138099,-7.16078153099994 -34.912879021,-7.16017955599995 -34.9124955729999,-7.15866243499994 -34.912619401,-7.15713521999993 -34.9126456179999,-7.15681187999996 -34.912628946,-7.15607832699993 -34.912449726,-7.15456954199993 -34.9123872069999,-7.15342336499998 -34.912203819,-7.15312744299996 -34.911903729,-7.15288987199995 -34.9114369229999,-7.15260228599993 -34.910559467,-7.15211023499995 -34.910486638,-7.15204795299996 -34.910244899,-7.15199793799997 -34.910086518,-7.15195625899997 -34.909978152,-7.15191457999993 -34.909911466,-7.15183955799995 -34.910028167,-7.15156447499993 -34.910028167,-7.15141442999993 -34.9097710629999,-7.15098848699995 -34.909753085,-7.15096429499994 -34.9097697559999,-7.15084759399997 -34.909828107,-7.15079757899997 -34.9099698159999,-7.15073089199996 -34.9099698159999,-7.15067254099995 -34.90993631,-7.15062946099994 -34.909853115,-7.15052249599995 -34.909928137,-7.15041413099993 -34.91010319,-7.14999733899998 -34.9102115549999,-7.14983062299996 -34.910453295,-7.14974726399993 -34.910533452,-7.14970166099994 -34.910595004,-7.14966390599994 -34.9107783919999,-7.14946384599995 -34.9108700859999,-7.14935547999994 -34.910995123,-7.14906372599995 -34.911095153,-7.14872195699996 -34.911303549,-7.14839685999993 -34.911470266,-7.14808843399993 -34.9116869969999,-7.14784669499994 -34.91196208,-7.14763829899994 -34.9122454979999,-7.14755494099995 -34.91256226,-7.14742156799997 -34.9127187619999,-7.14738349899994 -34.912870685,-7.14734654499995 -34.913129096,-7.14731320199996 -34.913312484,-7.14717982799993 -34.913337492,-7.14702978399993 -34.9131957829999,-7.14694642499995 -34.9131457679999,-7.14683805899995 -34.9131415489999,-7.14673257999993 -34.9131374319999,-7.14662966399993 -34.913587567,-7.14616285699998 -34.91497965,-7.14523757999996 -34.915188046,-7.14501251299993 -34.915288076,-7.14482078799995 -34.915346427,-7.14452069899994 -34.915446457,-7.14437065399994 -34.915629845,-7.14427062399994 -34.915796562,-7.14403721999997 -34.915846577,-7.14382048899995 -34.9159132629999,-7.14360375699994 -34.915988286,-7.14345371199994 -34.9160716439999,-7.14305359199994 -34.916205017,-7.14290354799994 -34.9162800399999,-7.14271182299996 -34.916296712,-7.14258678599998 -34.9165717939999,-7.14214498699994 -34.9166218089999,-7.14198660599993 -34.9165824139999,-7.14188417999998 -34.916538451,-7.14176987499997 -34.916555122,-7.14161982999997 -34.916663488,-7.14146144899996 -34.9168718839999,-7.14125305299996 -34.91693857,-7.14086960499998 -34.917031746,-7.14080916699993 -34.917246996,-7.14066954499998 -34.917163638,-7.14046114899998 -34.917162931,-7.14040226799995 -34.917163638,-7.14020273899996 -34.9172114799999,-7.14009969399996 -34.917272004,-7.13996933499993 -34.917405377,-7.13988597699995 -34.917422049,-7.13975260399997 -34.917563758,-7.13961089499998 -34.917755482,-7.13938582699996 -34.917763818,-7.13929413299996 -34.9178305039999,-7.13923578199996 -34.9179888849999,-7.13874396799997 -34.917972213,-7.13849389299997 -34.917951865,-7.13845997999994 -34.917847176,-7.13828549799996 -34.917855512,-7.13813545299996 -34.917963878,-7.13797707199996 -34.9180554979999,-7.13786338699992 -34.918122258,-7.13781035499994 -34.9181305939999,-7.13768531799997 -34.918105587,-7.13756027999995 -34.918222288,-7.13740189999993 -34.918522378,-7.13731020499995 -34.9185574009999,-7.13713057499996 -34.918595798,-7.13696431199998 -34.91825483,-7.13632853699994 -34.91815975,-7.13610668299998 -34.918127575,-7.13603160799994 -34.918106366,-7.13571347099997 -34.9181321299999,-7.13569736799997 -34.918445713,-7.13550137899995 -34.9190607789999,-7.13528928699998 -34.9193152889999,-7.13511961399996 -34.919336498,-7.13482268499996 -34.919274625,-7.13479578399995 -34.918848687,-7.13461059399998 -34.9187426409999,-7.13429245599997 -34.918424504,-7.13357134399996 -34.9180427389999,-7.13344408899997 -34.9176185549999,-7.13338046199993 -34.917660973,-7.13312595199994 -34.917693678,-7.13306054199995 -34.917851856,-7.13274418599997 -34.917855443,-7.13270114399995 -34.917873065,-7.13248967599998 -34.9173640449999,-7.13189581899996 -34.916409632,-7.13123833499998 -34.915998486,-7.13085419499993 -34.915624893,-7.13049601399996 -34.9151795,-7.13041117699993 -34.914684044,-7.13019787199994 -34.91339793,-7.12945676399994 -34.9124435169999,-7.12835388699995 -34.912125379,-7.12782365799995 -34.9112496509999,-7.12768894399994 -34.911128548,-7.12767519399995 -34.909336977,-7.12830839199995 -34.908161681,-7.12823003899996 -34.90761321,-7.12772074399993 -34.9065554439999,-7.12689803699993 -34.906236404,-7.12685549799994 -34.904924114,-7.12667872299994 -34.9047924999999,-7.12666297799996 -34.904424325,-7.12646649599998 -34.903068732,-7.12576191799997 -34.902670563,-7.12528971299997 -34.9021284959999,-7.12462579799995 -34.901603725,-7.12231869099998 -34.9013057889999,-7.12157002899994 -34.900796494,-7.12094320399996 -34.899856257,-7.12055143899994 -34.898177951,-7.12082299099995 -34.8973489589999,-7.12137414599994 -34.895742721,-7.12227520599993 -34.894528249,-7.12227520599993 -34.894097307,-7.12172673499998 -34.894097307,-7.12149167599995 -34.894015536,-7.12071437699996 -34.8939681169999,-7.12023430199997 -34.8939406009999,-7.12000296799994 -34.8940189539999,-7.11808331799995 -34.8939406009999,-7.11663378599997 -34.892255092,-7.11396427099993 -34.89076376,-7.11175302499993 -34.891183849,-7.10979799099994 -34.891198244,-7.10962118699996 -34.8914333029999,-7.10926859799997 -34.892608599,-7.10844589099997 -34.8937447179999,-7.10785824299995 -34.89429319,-7.10727059499993 -34.895283353,-7.10589300399994 -34.895362021,-7.10575514599998 -34.895821074,-7.10464576799995 -34.8960071239999,-7.10390030499997 -34.896192029,-7.10315943199993 -34.895711406,-7.10210562299994 -34.892594538,-7.09696108999998 -34.8914274539999,-7.09385279099996 -34.886378216,-7.08797543899993 -34.880777415,-7.08129502799994 -34.8782696169999,-7.07827417999994 -34.871982193,-7.07094531099995 -34.863385353,-7.06077431599994 -34.861371302,-7.06147084099996 -34.860989718,-7.06153126399994 -34.8586982429999,-7.06210923799995 -34.8580911289999,-7.06235465199995 -34.857466088,-7.06318737399994 -34.857044629,-7.06424202999995 -34.8570291089999,-7.06502773099993 -34.8571102069999,-7.06543649299994 -34.8573968929999,-7.06616433499994 -34.858090717,-7.06705079599993 -34.859027289,-7.06836503499994 -34.8592459029999,-7.06893179699995 -34.859422044,-7.06949186399993 -34.859540592,-7.07000319899993 -34.8595636159999,-7.07069159099996 -34.859422044,-7.07213630199993 -34.859308856,-7.07287955799995 -34.8590892899999,-7.07373091499994 -34.859031882,-7.07458162499995 -34.859216744,-7.07518837299995 -34.859461686,-7.07561263499997 -34.8599695729999,-7.07589409899998 -34.860842808,-7.07629559899993 -34.8615731799999,-7.07645467499998 -34.862424604,-7.07647151799995 -34.8634185679999,-7.07664978499997 -34.8641700229999,-7.07701126599994 -34.864780158,-7.07751505799996 -34.8655964929999,-7.07888874999998 -34.8658848319999,-7.08002156299995 -34.8658474659999,-7.08081144199997 -34.865748964,-7.08152056799997 -34.865205085,-7.08237322699995 -34.8645789029999,-7.08292247299994 -34.864073446,-7.08324849099995 -34.8637506659999,-7.08363452499998 -34.8634690769999,-7.08418238999997 -34.86341198,-7.08467437899998 -34.863410299,-7.08468886199995 -34.863434067,-7.08555949499993 -34.863356564,-7.08645078299998 -34.8627746569999,-7.08793132699998 -34.862390574,-7.08819610999996 -34.8618637009999,-7.08823872099993 -34.861194284,-7.08811990499993 -34.860281701,-7.08802231199996 -34.859470796,-7.08800530799994 -34.858984139,-7.08796675599996 -34.85843732,-7.08809044099996 -34.857890906,-7.08831537099996 -34.8576088199999,-7.08874173899994 -34.857489062,-7.08920795699993 -34.8574301969999,-7.08969418199996 -34.8575137949999,-7.09032158299993 -34.857590041,-7.09051726999996 -34.857718613,-7.09084725199995 -34.858106517,-7.09153418499994 -34.858583095,-7.09217471099993 -34.859145525,-7.09282599599993 -34.859410102,-7.09308818099993 -34.859507266,-7.09324210199998 -34.859512106,-7.09324976799996 -34.8595747059999,-7.09369500699995 -34.8595150319999,-7.09397873899997 -34.859450958,-7.09414205399997 -34.8594146519999,-7.09422213499994 -34.859395236,-7.09436875599994 -34.859296603,-7.09511358699996 -34.8591556009999,-7.09533689599994 -34.858993921,-7.09545904099997 -34.858791374,-7.09550035099994 -34.858446687,-7.09548148199997 -34.858081485,-7.09540194599998 -34.857760965,-7.09529644599996 -34.8574426289999,-7.09520246199997 -34.857160983,-7.09513634699994 -34.8571073429999,-7.09512234999994 -34.856715343,-7.09510254299994 -34.856417968,-7.09508460799998 -34.856174758,-7.09509570599994 -34.8558807479999,-7.09507663099993 -34.8556499819999,-7.09514899499993 -34.855455585,-7.09520995299994 -34.855354554,-7.09529135499997 -34.85529435,-7.09544346799993 -34.855062572,-7.09577851199998 -34.854931297,-7.09590053399995 -34.8549419999999,-7.09604223799994 -34.8549222149999,-7.09616381399996 -34.8548617669999,-7.09625517899997 -34.8547607369999,-7.09633658099995 -34.8545887569999,-7.09641826599994 -34.854454662,-7.09646075899997 -34.854100869,-7.09655933899995 -34.853830295,-7.09664557499997 -34.8531917569999,-7.09684908799994 -34.852938572,-7.09690072199993 -34.8526648719999,-7.09689168999995 -34.8524721749999,-7.09686208499994 -34.8521377019999,-7.09686341999998 -34.8519855069999,-7.09682352799996 -34.8518233789999,-7.09683429999995 -34.851742821,-7.09696624399993 -34.8517229139999,-7.09705744599995 -34.8516627889999,-7.09722980799995 -34.851390749,-7.09763588499993 -34.8513508139999,-7.09778791599996 -34.851290446,-7.09789952999995 -34.851148952,-7.09800134299996 -34.8509471309999,-7.09822489299995 -34.850754556,-7.09822566099996 -34.850359187,-7.09820698899995 -34.850217127,-7.09816705599997 -34.8501055949999,-7.09815737599996 -34.850024673,-7.09819819799998 -34.849964223,-7.09828956199993 -34.849942681,-7.09839676199994 -34.849864526,-7.09870507699998 -34.8497341259999,-7.09892093699995 -34.8491437329999,-7.09968499399997 -34.848845744,-7.09993930199994 -34.848561946,-7.09994043299997 -34.8483539429999,-7.09988557499997 -34.84819149,-7.09981534899993 -34.847685365,-7.09967557899995 -34.847475458,-7.09961472099997 -34.8469079,-7.09946102899994 -34.846628685,-7.09934064299995 -34.846253506,-7.09930163699994 -34.846011642,-7.09930058499998 -34.8456446929999,-7.09933502099994 -34.8455239629999,-7.09936022599993 -34.845550353,-7.09795379599996 -34.845553222,-7.09780088499997 -34.8457839599999,-7.09720260199992 -34.84613895,-7.09599127299998 -34.846262376,-7.09517066999996 -34.8469235109999,-7.09320888599996 -34.846912629,-7.09302161999994 -34.8468598929999,-7.09250546399994 -34.846873919,-7.09228737699993 -34.8472477559999,-7.08937028699995 -34.84718945,-7.08872759199994 -34.847338704,-7.08675771999998 -34.8474102019999,-7.08562345499996 -34.847418462,-7.08515261699995 -34.8473934579999,-7.08466682399995 -34.847374696,-7.08434280499995 -34.847306519,-7.08376595999994 -34.847317155,-7.08339725799993 -34.8472974599999,-7.08267676199995 -34.8472697239999,-7.08216132099994 -34.8471350249999,-7.08142274299996 -34.846974678,-7.08061463599995 -34.8468252279999,-7.07998118499995 -34.846746918,-7.07940437999997 -34.84675655,-7.07884343499995 -34.846762299,-7.07873037399997 -34.8467657099999,-7.07832546299994 -34.846775747,-7.07773366799995 -34.846807535,-7.07754000599994 -34.8468333079999,-7.07720781599994 -34.846931664,-7.07692359899994 -34.8469381479999,-7.07658772399998 -34.8469472739999,-7.07626488599993 -34.8470476379999,-7.07601642899994 -34.847143197,-7.07583380299997 -34.847147439,-7.07562622699993 -34.8470841769999,-7.07542983399998 -34.8470583929999,-7.07489759199996 -34.846992132,-7.07480166899995 -34.846986541,-7.07467006799993 -34.846965828,-7.07455877699994 -34.846853618,-7.07437697599994 -34.8468175419999,-7.07422524599997 -34.846806602,-7.07402279299993 -34.846892753,-7.07364856899994 -34.846916317,-7.07357686499995 -34.846933215,-7.07336909699995 -34.846934394,-7.07302498899998 -34.8469232319999,-7.07296679699994 -34.8468878199999,-7.07278217799995 -34.8468871759999,-7.07262018299997 -34.847058868,-7.07246762999995 -34.847099026,-7.07237128499997 -34.8471083159999,-7.07215862599998 -34.84709366,-7.07213494899997 -34.8470114099999,-7.07200207599993 -34.846980381,-7.07184526399993 -34.8470298939999,-7.07156738699996 -34.847099245,-7.07115124099994 -34.8471592509999,-7.07094850599998 -34.847328488,-7.07017834799996 -34.84744325,-7.06972733699996 -34.847629701,-7.06946335199996 -34.847727971,-7.06922107899993 -34.84775516,-7.06915404699993 -34.847856233,-7.06890683299997 -34.847913676,-7.06876588999995 -34.848046854,-7.06865698699994 -34.848172924,-7.06843858999997 -34.8482934969999,-7.06817486599994 -34.8483353199999,-7.06798102599993 -34.848317228,-7.06777307499993 -34.8484089469999,-7.06726818799996 -34.848453911,-7.06696815399994 -34.8484930549999,-7.06682233099997 -34.84855779,-7.06655776999997 -34.848585876,-7.06623972399996 -34.8486485299999,-7.06589772599995 -34.848835629,-7.06532983799997 -34.8489107579999,-7.06497725399993 -34.849030881,-7.06470082199996 -34.849033951,-7.06429551499997 -34.849281875,-7.06320533899998 -34.8493040399999,-7.06264406299994 -34.849267297,-7.06220816299998 -34.849192859,-7.06182566999996 -34.849183339,-7.06177590599998 -34.8492561369999,-7.06175190599993 -34.849337014,-7.06170096099993 -34.849427966,-7.06163478899998 -34.8494680219999,-7.06151313299995 -34.849431766,-7.06131584199994 -34.8493960329999,-7.06125017299996 -34.849329413,-7.06106312699995 -34.8492561469999,-7.06097800099997 -34.8490341369999,-7.06072005399994 -34.84896249,-7.06054315299997 -34.848961259,-7.06023320799994 -34.848961243,-7.06022928899995 -34.849011113,-7.06002659399996 -34.8489599769999,-7.05991036199993 -34.848787143,-7.05977436099994 -34.848518251,-7.05969442799994 -34.8482234589999,-7.05947284999996 -34.8480401699999,-7.05925589199995 -34.847912601,-7.05903365099994 -34.847678317,-7.05873589599997 -34.847494566,-7.05840250399996 -34.84738759,-7.05826117999993 -34.8469199469999,-7.05789853699997 -34.8467871719999,-7.05764087899996 -34.8468368609999,-7.05739262299994 -34.846821258,-7.05729143699995 -34.8467444249999,-7.05708418199993 -34.8465662039999,-7.05686720299997 -34.846523334,-7.05684982999998 -34.8463682569999,-7.05678698699995 -34.846069303,-7.05679323199996 -34.8460169529999,-7.05677246699997 -34.845450104,-7.05654762199993 -34.845150729,-7.05644755699996 -34.844891613,-7.05627645899995 -34.844678584,-7.05622667699993 -34.844583218,-7.05623813699998 -34.8444607879999,-7.05625284999996 -34.844258134,-7.05626377499993 -34.8440351309999,-7.05625453199997 -34.843943978,-7.05622111799994 -34.8438575129999,-7.05618942199993 -34.8437304889999,-7.05610386199993 -34.8432792139999,-7.05603477099993 -34.84240175,-7.05597858999994 -34.8423515539999,-7.05655964199997 -34.84227709,-7.05742161599994 -34.841960532,-7.05896139399994 -34.841759924,-7.05963161099993 -34.8413802389999,-7.06090011799995 -34.841372023,-7.06092756499993 -34.840839694,-7.06220402499997 -34.84082096,-7.06224894799993 -34.840649017,-7.06266124699994 -34.83989466,-7.06420872999996 -34.8395464609999,-7.06469178399993 -34.838087162,-7.06671625599995 -34.8378391749999,-7.06702995099994 -34.836804875,-7.06833830399995 -34.835731585,-7.06933365399993 -34.834719423,-7.07027231399996 -34.834546143,-7.07036486099997 -34.8343753729999,-7.07047622699997 -34.834265865,-7.07056984599996 -34.834109859,-7.07068113199995 -34.8340256389999,-7.07072523899996 -34.8339338069999,-7.07077156899993 -34.833617046,-7.07092842599997 -34.8336023049999,-7.07094007599994 -34.833306706,-7.07117368899998 -34.832717363,-7.07150945999996 -34.8317735169999,-7.07207284599997 -34.830595064,-7.07289061199998 -34.830152309,-7.07340874999994 -34.829857466,-7.07402548099998 -34.829707954,-7.07449818899994 -34.82969559,-7.07452239799994 -34.8296357319999,-7.07487625699997 -34.829587972,-7.07515858999994 -34.8295686119999,-7.07527303799998 -34.829568261,-7.07533383399993 -34.829590809,-7.07567477199996 -34.8296025,-7.07577225899996 -34.829602219,-7.07582085299993 -34.829614119,-7.07588186999993 -34.829668941,-7.07620443199994 -34.8296968829999,-7.07636883599997 -34.8298523789999,-7.07690401199994 -34.829966154,-7.07751935699997 -34.829951243,-7.07768628899993 -34.829839987,-7.07793599699994 -34.829846265,-7.07837056499994 -34.8298210419999,-7.07848576299995 -34.829818442,-7.07876668099993 -34.829849167,-7.07919043999993 -34.8298487659999,-7.07925101699993 -34.830016773,-7.07974872599993 -34.830032823,-7.07980698799997 -34.830207446,-7.08044086699994 -34.8305823269999,-7.08134773999996 -34.830640025,-7.08148731599994 -34.8306896019999,-7.08160677799998 -34.831152688,-7.08272264899995 -34.8313617319999,-7.08322636999998 -34.832524651,-7.08661330199993 -34.832538934,-7.08667456199993 -34.832659841,-7.08719314099994 -34.83269167,-7.08732965699994 -34.832813503,-7.08804092999998 -34.83292634,-7.08869967899994 -34.833013074,-7.08947162199996 -34.8332287969999,-7.09139157199996 -34.833252032,-7.09181833399998 -34.8332942489999,-7.09259376099993 -34.8332911329999,-7.09265460199993 -34.8332246639999,-7.09395253099996 -34.8330437659999,-7.09543205499995 -34.833031325,-7.09546839699993 -34.8329775729999,-7.09614728899993 -34.832964784,-7.09621992499996 -34.832813313,-7.09684898899997 -34.832736143,-7.09713440299993 -34.832589222,-7.09767780099997 -34.8324896089999,-7.09812484499997 -34.8324484,-7.09830978399998 -34.832273449,-7.09909493599997 -34.8318196449999,-7.10023034399995 -34.8315051129999,-7.10101729799993 -34.831468296,-7.10105348599996 -34.8311221609999,-7.10163300099993 -34.8304905259999,-7.10256225499995 -34.830320146,-7.10281291399997 -34.8298692609999,-7.10344818299995 -34.8297483859999,-7.10361848799994 -34.829146911,-7.10429913599995 -34.828245333,-7.10531938899993 -34.8275272889999,-7.10613194999996 -34.8266552599999,-7.10711876399995 -34.8265770039999,-7.10720732199997 -34.825668166,-7.10797735099993 -34.824318677,-7.10895035099998 -34.8243063109999,-7.10897451199997 -34.823444239,-7.10960907299994 -34.823407279,-7.10965734499996 -34.823358116,-7.10970542699994 -34.823321243,-7.10974148999998 -34.8233053989999,-7.10976218299993 -34.823284282,-7.10978976299998 -34.823271904,-7.10981399299993 -34.8229655229999,-7.10996886999993 -34.822626999,-7.11033618899995 -34.822289693,-7.11059666799997 -34.822265058,-7.11063304799995 -34.822189379,-7.11063337099995 -34.821882875,-7.11085059399994 -34.821630464,-7.11107780499998 -34.821609919,-7.11109629999993 -34.82143281,-7.11118211599995 -34.8214396829999,-7.11122792799995 -34.8214459669999,-7.11123471299993 -34.821376084,-7.11127277799994 -34.82128362,-7.11149914199996 -34.821218933,-7.11178885399994 -34.821206343,-7.11183716799997 -34.8211816309999,-7.11186106299994 -34.821136977,-7.11217350499993 -34.8211341529999,-7.11219326599996 -34.821118455,-7.11224426699994 -34.8211303799999,-7.11227634499994 -34.8211495899999,-7.11235423399995 -34.821151691,-7.11235987599997 -34.8211672109999,-7.11240154799998 -34.821188562,-7.11253608599998 -34.821194482,-7.11278350899994 -34.821250838,-7.11313781799993 -34.82131429,-7.11344232799996 -34.821336615,-7.11376821099998 -34.821470695,-7.11442126999998 -34.8215917049999,-7.11474664499997 -34.8217465179999,-7.11516290999998 -34.8219223369999,-7.11583232499993 -34.8219253079999,-7.11584363999998 -34.822187195,-7.11703993299994 -34.8226249369999,-7.11926464499993 -34.8226291949999,-7.11929350799994 -34.82278875,-7.12037486799994 -34.822850686,-7.12093399499997 -34.822904329,-7.12141825799995 -34.8229224089999,-7.12184438899993 -34.822947042,-7.12242492499996 -34.822937711,-7.12257119899994 -34.8229141699999,-7.12294023799996 -34.82289457,-7.12324749099997 -34.8228517919999,-7.12391808999996 -34.8227662899999,-7.12444121999994 -34.82273572,-7.12462825699993 -34.822487248,-7.12614850299997 -34.822264698,-7.12706759699995 -34.822207867,-7.12730230299996 -34.822057166,-7.12792467399993 -34.821947285,-7.12828178099994 -34.821484504,-7.12978579099996 -34.8212046369999,-7.13047250999995 -34.820807934,-7.13144590899998 -34.819677596,-7.13421945399995 -34.818709527,-7.13616776299995 -34.818016529,-7.13719509399994 -34.8179664479999,-7.13726387299994 -34.8169795279999,-7.13861928499995 -34.8163033659999,-7.13958489999993 -34.8162387359999,-7.13965194599996 -34.813611292,-7.14237758499996 -34.811573273,-7.14425609099993 -34.8104518989999,-7.14500054199993 -34.809237912,-7.14554944299994 -34.808407513,-7.14577538799995 -34.8080655109999,-7.14580999599997 -34.807784743,-7.14577183599994 -34.8075654099999,-7.14568578199993 -34.807260668,-7.14557434199997 -34.807004927,-7.14548719899994 -34.806689169,-7.14539884899995 -34.806286617,-7.14539660999998 -34.805797882,-7.14538210399996 -34.80545632,-7.14542816599993 -34.8049559579999,-7.14544922599993 -34.8045127579999,-7.14544687099993 -34.8040560969999,-7.14541889199995 -34.8037223929999,-7.14540421799995 -34.803232872,-7.14551365399996 -34.802618362,-7.14568407099995 -34.801723,-7.14587148999993 -34.801123471,-7.14594318599995 -34.800701408,-7.14594103799993 -34.8002066029999,-7.14604798299996 -34.7998607759999,-7.14610662299998 -34.799327524,-7.14614044499996 -34.798796376,-7.14616071299997 -34.7984866039999,-7.14617107199996 -34.79815181,-7.14619374499995 -34.79784009,-7.14632830499994 -34.7974435039999,-7.14653358699996 -34.797045392,-7.14681379599995 -34.796771502,-7.14704560199993 -34.79663397,-7.14725376299998 -34.79659637,-7.14732728299998 -34.79645879,-7.14758425999997 -34.796446294,-7.14760870499993 -34.79620891,-7.14809684799997 -34.796050024,-7.14844930799995 -34.795982728,-7.14859858999995 -34.795586562,-7.14978068299996 -34.7943335369999,-7.15248158299994 -34.79407223,-7.15296353599996 -34.794057713,-7.15299187299996 -34.7937980139999,-7.15340114099996 -34.79342181,-7.15399549299997 -34.7931612799999,-7.15456048499993 -34.7931611879999,-7.15457466599997 -34.793086643,-7.15508450799996 -34.79308646,-7.15511287599998 -34.793167648,-7.15578016099994 -34.7932319879999,-7.15602863699996 -34.7933773409999,-7.15658997099996 -34.793511344,-7.15707075199998 -34.793723927,-7.15783346299997 -34.7937946449999,-7.15814365299997 -34.7937946009999,-7.15818579699993 -34.793794572,-7.15821389499996 -34.7940188759999,-7.15878454599994 -34.794202012,-7.15925368799998 -34.795012351,-7.16209754299996 -34.795058126,-7.16242283299994 -34.795057759,-7.16247965599996 -34.795057073,-7.16258581399995 -34.795056291,-7.16270694599996 -34.7950561059999,-7.16273535799996 -34.7950537199999,-7.16310470599996 -34.795150464,-7.16347469999994 -34.795167573,-7.16350967099993 -34.795177746,-7.16353046599994 -34.795178344,-7.16353168799998 -34.795261045,-7.16384456199995 -34.7954374779999,-7.16465386199997 -34.7956704809999,-7.16779213799992 -34.795723011,-7.16847161399994 -34.7958514859999,-7.17013341899997 -34.7959490109999,-7.17082076699995 -34.796032407,-7.17187226199997 -34.796101124,-7.17384612699993 -34.7960965249999,-7.17407392099994 -34.796073544,-7.17413027299995 -34.796061939,-7.17418686299993 -34.796061757,-7.17423231899994 -34.796038766,-7.17428870399993 -34.796027201,-7.17433395199993 -34.7960042019999,-7.17439035999996 -34.7959756019999,-7.17443710099997 -34.795969809,-7.17444656899994 -34.795969569,-7.17450344099996 -34.7959350899999,-7.17455976999997 -34.795923525,-7.17459372899998 -34.795900495,-7.17463888499998 -34.795877409,-7.17469543599998 -34.795854371,-7.17474061099995 -34.795854102,-7.17479755499994 -34.795831006,-7.17485413499998 -34.795819374,-7.17489951699997 -34.795807688,-7.17495629599995 -34.7957960539999,-7.17500168999993 -34.795784419,-7.17504708899997 -34.795772782,-7.17509249299997 -34.795749723,-7.17513772899997 -34.7957151809999,-7.17519419799993 -34.795703536,-7.17523962299992 -34.795680354,-7.17530768799998 -34.795657333,-7.17534155799996 -34.795634085,-7.17542105099994 -34.795622399,-7.17546654299997 -34.795622032,-7.17552366799993 -34.7956216649999,-7.17558079299994 -34.7956212239999,-7.17564934399996 -34.7956210039999,-7.17568361899993 -34.795620529,-7.17575220399993 -34.795642803,-7.17583255299996 -34.7956424609999,-7.17587829399997 -34.795642205,-7.17591259799997 -34.7956416919999,-7.17598120299994 -34.79565287,-7.17601564699993 -34.7956753079999,-7.17607309199997 -34.7956863119999,-7.17613039099996 -34.795685884,-7.17618754499995 -34.7957083159999,-7.17624496799993 -34.795719403,-7.17629081999996 -34.795730487,-7.17633666699993 -34.795741399,-7.17640536399995 -34.795775334,-7.17645145799997 -34.7958048589999,-7.17676160799994 -34.795915453,-7.17745802699994 -34.79591957,-7.18031547299995 -34.795920721,-7.18111420699995 -34.7958376789999,-7.18248007399995 -34.795870408,-7.18449111599995 -34.795869931,-7.18451412599995 -34.795824524,-7.18515484599993 -34.7958007519999,-7.18564083099994 -34.7958006649999,-7.18567478399996 -34.7957105839999,-7.18606948399997 -34.795710495,-7.18610349899996 -34.795390072,-7.18794150899993 -34.795204375,-7.18902400499996 -34.7950241459999,-7.19063489499996 -34.794964896,-7.19090773199997 -34.794828136,-7.19110933199994 -34.794806529,-7.19113691099994 -34.794714282,-7.19125465099995 -34.794631957,-7.19165227899992 -34.794631527,-7.19172063899993 -34.794631383,-7.19174342599996 -34.7946310249999,-7.19180039199995 -34.794661516,-7.19227981399996 -34.794661372,-7.19230259299997 -34.794694422,-7.19248686999993 -34.794737224,-7.19272551899996 -34.794769587,-7.19315807399994 -34.794769553,-7.19316944799994 -34.794767185,-7.19354521699995 -34.794766969,-7.19357937899997 -34.7947406559999,-7.19419416999995 -34.794740368,-7.19423972999994 -34.794816812,-7.19461588299993 -34.794985353,-7.19517481799994 -34.794985405,-7.19518624399996 -34.795215946,-7.19591942499994 -34.795250078,-7.19595378799994 -34.795566864,-7.19644502899996 -34.7956784959999,-7.19658274399995 -34.79612098,-7.19712861899995 -34.79715979,-7.19855341399995 -34.7976618289999,-7.19929836599994 -34.798287127,-7.20026850599993 -34.7997755229999,-7.20257772699995 -34.800076464,-7.20301937299996 -34.80035752,-7.20364106099993 -34.8006282979999,-7.20423055899994 -34.8009232649999,-7.20501122699994 -34.80114945,-7.20567563999998 -34.801272758,-7.20621378199996 -34.801285741,-7.20625829099993 -34.801362996,-7.20652315099994 -34.801464341,-7.20690125599998 -34.801941825,-7.20799145499996 -34.8022829399999,-7.20878867699997 -34.8024858979999,-7.20951243299993 -34.8035074389999,-7.21376655499995 -34.803618741,-7.21437348899997 -34.8037362229999,-7.21529243099997 -34.803759907,-7.21547768399995 -34.803968429,-7.21712211699997 -34.804076654,-7.21799191199995 -34.804101342,-7.21926984099997 -34.804073678,-7.22128781999993 -34.804058922,-7.22172347699995 -34.8040412889999,-7.22235763899994 -34.80413542,-7.22332357599993 -34.804285734,-7.22535022299996 -34.804350026,-7.22602426999993 -34.804506357,-7.22766326599998 -34.804512987,-7.22772286799994 -34.8046389789999,-7.22885542499995 -34.80485449,-7.23063890499998 -34.8048745569999,-7.23143621799994 -34.8048234039999,-7.23208315899996 -34.804751317,-7.23236475299996 -34.8045567629999,-7.23271755799993 -34.8041307149999,-7.23282397099996 -34.80393724,-7.23281164499997 -34.8037770019999,-7.23293974899997 -34.8036458449999,-7.23305377599996 -34.803631239,-7.23308248699993 -34.8036169119999,-7.23325434199995 -34.803615668,-7.23326926799996 -34.8036154819999,-7.23329799799995 -34.8037448379999,-7.23352901999993 -34.803805891,-7.23362567099997 -34.803945095,-7.23384603599993 -34.804116075,-7.23432104299997 -34.8045693989999,-7.23580483099994 -34.805232594,-7.23873526299997 -34.8052865299999,-7.23903858599994 -34.805443489,-7.23992127999998 -34.805796764,-7.24190800099996 -34.805893387,-7.24267851599996 -34.805914807,-7.24329709199998 -34.80590203,-7.24330964799998 -34.805885008,-7.24396580799993 -34.8058304899999,-7.24449534099995 -34.806466894,-7.24529058299993 -34.807695877,-7.24578985799997 -34.808156746,-7.24511775699995 -34.808245281,-7.24337067499994 -34.808300768,-7.24227573299993 -34.808292809,-7.24123054699993 -34.80778229,-7.24015381599997 -34.8072542109999,-7.23886722399993 -34.806966168,-7.23784947199994 -34.80697577,-7.23724458099997 -34.807590261,-7.23611161199995 -34.8078506589999,-7.23602309599994 -34.808713629,-7.23575635899994 -34.8095009469999,-7.23568914899994 -34.810403482,-7.23593878599996 -34.810657963,-7.23631724499995 -34.8107779379999,-7.23649566899996 -34.811450038,-7.23716776999993 -34.8119973199999,-7.23751342099996 -34.812928659,-7.23742700899993 -34.813026608,-7.23741284699997 -34.8137255779999,-7.23731179099997 -34.8149353589999,-7.23742700899993 -34.815357822,-7.23779186299993 -34.815599608,-7.23821326099994 -34.8156938719999,-7.23837755099993 -34.816260357,-7.23872320199996 -34.8167404279999,-7.23889602799994 -34.817518145,-7.23890562899993 -34.817660841,-7.23885447399994 -34.818027021,-7.23872320199996 -34.818324665,-7.23833914499994 -34.818340414,-7.23819215199995 -34.8183822739999,-7.23780146399997 -34.818238252,-7.23747501599996 -34.817931006,-7.23698534299996 -34.817833187,-7.23690317499995 -34.817450935,-7.23658208199993 -34.8171724929999,-7.23615001799993 -34.817124486,-7.23529548999994 -34.817306913,-7.23480581699994 -34.817998216,-7.23431614399993 -34.818881548,-7.23357683299997 -34.819534446,-7.23320237699994 -34.819812887,-7.23323118199994 -34.819995315,-7.23349041999995 -34.82016756,-7.23408466499995 -34.8201873429999,-7.23415291899994 -34.820321763,-7.23492103399997 -34.82062819,-7.23502809899998 -34.821118683,-7.23519947599993 -34.8219156019999,-7.23528588899995 -34.8223668689999,-7.23543951199997 -34.822623896,-7.23559479899995 -34.8228277379999,-7.23571795299995 -34.82330781,-7.23592918499997 -34.823903098,-7.23600599599996 -34.824844952,-7.23553777999996 -34.825065004,-7.23538759599995 -34.8252280959999,-7.23527628699998 -34.825535342,-7.23478661399997 -34.825557574,-7.23465322599998 -34.825602552,-7.23438335399993 -34.8251608859999,-7.23333679699994 -34.825141684,-7.23292393599996 -34.8251551549999,-7.23288144899993 -34.825266502,-7.23253027699997 -34.825362517,-7.23204060399996 -34.825112879,-7.23144531499997 -34.8246328079999,-7.23123408299995 -34.824066323,-7.23141651099996 -34.8232886069999,-7.23232864699997 -34.822942955,-7.23238625499994 -34.822871973,-7.23238219899997 -34.8226069049999,-7.23236705299996 -34.8224052749999,-7.23208861099994 -34.8223668689999,-7.23179096699994 -34.822395673,-7.23136850299994 -34.822549296,-7.23093643899995 -34.822530093,-7.23060998999995 -34.822549296,-7.23032194699994 -34.8226357089999,-7.22994749099996 -34.8230293679999,-7.22975546199996 -34.823471034,-7.22994749099996 -34.823951106,-7.23000509999997 -34.8243351629999,-7.22995709299994 -34.825112879,-7.22961144099997 -34.8255161389999,-7.22952502799996 -34.8259770079999,-7.22955383199997 -34.826051143,-7.22962267199995 -34.8262458479999,-7.22980346999998 -34.8265050869999,-7.23032194699994 -34.8267931299999,-7.23074440999994 -34.82719639,-7.23078281599993 -34.827570846,-7.23059078699993 -34.827901443,-7.23032029999996 -34.82799331,-7.23024513599995 -34.8282621499999,-7.22991868699995 -34.8287230189999,-7.22970745499993 -34.828937073,-7.22979605799998 -34.82933751,-7.23016832399998 -34.8295103359999,-7.23059078699993 -34.829798379,-7.23099404699997 -34.830220842,-7.23116687299995 -34.830768124,-7.23123408299995 -34.8311521809999,-7.23097484499993 -34.831161783,-7.23074440999994 -34.8309889569999,-7.23000509999997 -34.8308833409999,-7.22953462899994 -34.8309889569999,-7.22876651499996 -34.8311521809999,-7.22823843599997 -34.831334609,-7.22796959599998 -34.8318050789999,-7.22786397999994 -34.832573194,-7.22804640699997 -34.832861237,-7.22807521099998 -34.83335091,-7.22823843599997 -34.8336965619999,-7.22848807299994 -34.83388859,-7.22876651499996 -34.8340038069999,-7.22953462899994 -34.833881258,-7.22975744599995 -34.833792576,-7.22991868699995 -34.833562141,-7.23027393999996 -34.833562141,-7.23050437399996 -34.833840583,-7.23071560599993 -34.8343081579999,-7.23084919899998 -34.8346471039999,-7.23094603999994 -34.835616848,-7.23111886599997 -34.835825804,-7.23124654699996 -34.8366538029999,-7.23162774199994 -34.836707345,-7.23164627599994 -34.837153078,-7.23180056799993 -34.8377867729999,-7.23190618399997 -34.8380556129999,-7.23202140099994 -34.838199634,-7.23231904499994 -34.838219255,-7.23245639199996 -34.83823804,-7.23258788599998 -34.838185005,-7.23266920599997 -34.8380940179999,-7.23280871899993 -34.8376619539999,-7.23311596399998 -34.837297099,-7.23338480499996 -34.836865035,-7.23398009399995 -34.8367498179999,-7.23427773799995 -34.836865035,-7.23476741099995 -34.837066665,-7.23535309899995 -34.837258694,-7.23612121299993 -34.8374699249999,-7.23679331399995 -34.837709961,-7.23713896499993 -34.837940396,-7.23732139299995 -34.8382572429999,-7.23745581299994 -34.8384876769999,-7.23751342099996 -34.8385696509999,-7.23750734899994 -34.8387469159999,-7.23749421899993 -34.83882183,-7.23745676199997 -34.8389389449999,-7.23739820399993 -34.8390061549999,-7.23720617599997 -34.838880632,-7.23694721499993 -34.8386205899999,-7.23641073199997 -34.8385548869999,-7.23602519899993 -34.8386701049999,-7.23549711999993 -34.838785322,-7.23539150399995 -34.839150176,-7.23479621599995 -34.8393037989999,-7.23453697699995 -34.8395630379999,-7.23435454999998 -34.84011032,-7.23408570899994 -34.840369558,-7.23402810099998 -34.84071521,-7.23402810099998 -34.841291296,-7.23430654199996 -34.841435318,-7.23453697699995 -34.841483325,-7.23487302699994 -34.8414636489999,-7.23492924399994 -34.841348905,-7.23525708399995 -34.841435318,-7.23601559799994 -34.8415889409999,-7.23647646699993 -34.841972998,-7.23663969099994 -34.842233026,-7.23651319099997 -34.8430387569999,-7.23612121299993 -34.843208912,-7.23605740599993 -34.8434228149999,-7.23581396799995 -34.843464325,-7.23561679299996 -34.843499626,-7.23544911299996 -34.843634046,-7.23473860699994 -34.843902886,-7.23459458499997 -34.844238936,-7.23462338999997 -34.844703608,-7.23493464299997 -34.8451990799999,-7.23516106999995 -34.845919188,-7.23514186699992 -34.8462744409999,-7.23489222999996 -34.8462744409999,-7.23468099799993 -34.8461688249999,-7.23443136099996 -34.84560234,-7.23399929599998 -34.8454199129999,-7.23361523899996 -34.845218283,-7.23290473299994 -34.8450934639999,-7.23236705299996 -34.8451318699999,-7.23201179999995 -34.846226433,-7.23179096699994 -34.8466296939999,-7.23183897399997 -34.8469945479999,-7.23211741499995 -34.847282591,-7.23241505999994 -34.847473505,-7.23279216899994 -34.8476858509999,-7.23304875399998 -34.8481888069999,-7.23324434799997 -34.848377155,-7.23331759499996 -34.848780415,-7.23351922499995 -34.849106864,-7.23377846299996 -34.849634943,-7.23454657799994 -34.849855776,-7.23489222999996 -34.8499902629999,-7.23496196399998 -34.850115014,-7.23502664999995 -34.85035505,-7.23496904099994 -34.8504990719999,-7.23482501999996 -34.850569599,-7.23475785099993 -34.850902332,-7.23444096199995 -34.8515168239999,-7.23363444199993 -34.851468817,-7.23315436999997 -34.851324795,-7.23282792099997 -34.851153499,-7.23260569599995 -34.850911933,-7.23243426299996 -34.85062389,-7.23229024099993 -34.850316644,-7.23205980699993 -34.850326246,-7.23190618399997 -34.8505662819999,-7.23170455399998 -34.851238382,-7.23168535099995 -34.8519392869999,-7.23166614799993 -34.852321542,-7.23149285899996 -34.8526593939999,-7.23133969899993 -34.8531202629999,-7.23098444599998 -34.8535139219999,-7.23085962699997 -34.853821168,-7.23099404699997 -34.854022798,-7.23128209099997 -34.8542643549999,-7.23166052899995 -34.854310841,-7.23173335799993 -34.8545604779999,-7.23211741499995 -34.8549157319999,-7.23227103799996 -34.85517497,-7.23223263299997 -34.8553477959999,-7.23209821199993 -34.855530223,-7.23184857499996 -34.855655042,-7.23159893799993 -34.855849151,-7.23126285099994</coordinates></LinearRing></outerBoundaryIs></Polygon></MultiGeometry>
  </Placemark>
  <Placemark>
	<Style><LineStyle><color>ff0000ff</color></LineStyle><PolyStyle><fill>0</fill></PolyStyle></Style>
	<ExtendedData><SchemaData schemaUrl="#campus_uepbshp">
		<SimpleData name="fid">1</SimpleData>
		<SimpleData name="CD_MUN">2508307</SimpleData>
		<SimpleData name="NM_MUN">Lagoa Seca</SimpleData>
		<SimpleData name="SIGLA_UF">PB</SimpleData>
		<SimpleData name="AREA_KM2">108.218999999999994</SimpleData>
		<SimpleData name="POP">27503</SimpleData>
		<SimpleData name="DENS">240.729999999999990</SimpleData>
		<SimpleData name="LAT">-7.146270000000000</SimpleData>
		<SimpleData name="LONG_GMS">-35º52'0&quot;</SimpleData>
		<SimpleData name="LAT_GMS">-7º8'47&quot;</SimpleData>
		<SimpleData name="LONG">-35.86676</SimpleData>
		<SimpleData name="MESO">Agreste Pa</SimpleData>
		<SimpleData name="MICRO">Campina Gr</SimpleData>
		<SimpleData name="GENTILICO">Lagoa-sequense</SimpleData>
		<SimpleData name="layer">NM_MUN_Lagoa Seca</SimpleData>
		<SimpleData name="path">C:\Users\damas\OneDrive\2025_1\EAD\MAPAS\NM_MUN_Lagoa Seca.gpkg|layername=NM_MUN_Lagoa Seca</SimpleData>
	</SchemaData></ExtendedData>
      <MultiGeometry><Polygon><outerBoundaryIs><LinearRing><coordinates>-35.8106965389999,-7.16242167299993 -35.810834068,-7.16253863499998 -35.8111975369999,-7.16299673599997 -35.8113743599999,-7.16323065999995 -35.811688712,-7.16347432999993 -35.8119441229999,-7.16370825299992 -35.8121700629999,-7.16399091099993 -35.812563003,-7.16440027599998 -35.812857707,-7.16468293299994 -35.8132113529999,-7.16493634899996 -35.813397999,-7.16508255099995 -35.813869527,-7.16549191599995 -35.8142329959999,-7.16565761099997 -35.8147831119999,-7.16604748099996 -35.815195698,-7.16640811099995 -35.8161289299999,-7.16714886299997 -35.8174256309999,-7.16813328199993 -35.8180445099999,-7.16870833799993 -35.8193412109999,-7.16993642099993 -35.8205337159999,-7.17098219699994 -35.8208638519999,-7.17127171299995 -35.821698849,-7.17191499099994 -35.822622257,-7.17264598799994 -35.8230348439999,-7.17302610599995 -35.8237224879999,-7.17333799699998 -35.8242529569999,-7.17364014199995 -35.824567308,-7.17389355299997 -35.824708729,-7.17404509199997 -35.824812895,-7.17415671099997 -35.824862072,-7.17429495199997 -35.8248718359999,-7.17432240299996 -35.824989718,-7.17507288899998 -35.8250486589999,-7.17712940899997 -35.8249995419999,-7.17769470699994 -35.825009365,-7.17819177899997 -35.8245687159999,-7.17872327099997 -35.824508367,-7.17879606099996 -35.824483041,-7.17881170699997 -35.823987722,-7.17911769499995 -35.823860017,-7.17941983599997 -35.8236537239999,-7.18012158099998 -35.823584959,-7.18054067899993 -35.823568601,-7.18067943099993 -35.823535842,-7.18100850799993 -35.82319202,-7.18187593999994 -35.822887491,-7.18234376799995 -35.822524022,-7.18270438499997 -35.822140906,-7.18297728399995 -35.8220328479999,-7.18314297299997 -35.822042671,-7.18332815399998 -35.8222293169999,-7.18402014699996 -35.822219494,-7.18421507399995 -35.822244053,-7.18471701199996 -35.822268611,-7.18495579799998 -35.8222587879999,-7.18507275399998 -35.8222293169999,-7.18518970999997 -35.8221313829999,-7.18548654099993 -35.821964083,-7.18603764199997 -35.821949348,-7.18615459799997 -35.821944436,-7.18631541199994 -35.821988642,-7.18647622599997 -35.82206723,-7.18667115299996 -35.822199847,-7.18693917599995 -35.82237667,-7.18720232599998 -35.8225289339999,-7.18737775999995 -35.8228032819999,-7.18756488899993 -35.8237519589999,-7.18804050799997 -35.8269396809999,-7.18942447799998 -35.8273178859999,-7.18961940299994 -35.8277353839999,-7.18987767899995 -35.828049736,-7.19009696999996 -35.828423028,-7.19037960999998 -35.8290124379999,-7.19077433299998 -35.8296018469999,-7.19109108499993 -35.830181433,-7.19143220299998 -35.830765931,-7.19174895499998 -35.8310704589999,-7.19194387899995 -35.8319889549999,-7.19270408199998 -35.832332778,-7.19298184799993 -35.832710982,-7.19326448699996 -35.833069539,-7.19359098399997 -35.8334919489999,-7.19404417999993 -35.833732625,-7.19436580399997 -35.834425181,-7.19522346399998 -35.834722735,-7.19556483399998 -35.834783089,-7.19549689299993 -35.834802087,-7.19548935399996 -35.8348894759999,-7.19542527099998 -35.8349160719999,-7.19533480099994 -35.83493507,-7.19526694799993 -35.8349540679999,-7.19515762899994 -35.8349730649999,-7.19506715899996 -35.834988263,-7.19486359999996 -35.834957867,-7.19473166399996 -35.834957867,-7.19464119399993 -35.8349768649999,-7.19455449299994 -35.8350072609999,-7.19449040899997 -35.83493127,-7.19441878699996 -35.8349122729999,-7.19437732099993 -35.8349844639999,-7.19433208599997 -35.8350377629999,-7.19432620999993 -35.835087051,-7.19432077699997 -35.835159242,-7.19433585499996 -35.8352010369999,-7.19434339499998 -35.8352580289999,-7.19435847299997 -35.8353606159999,-7.19433585499996 -35.835474602,-7.19429438999992 -35.8355809889999,-7.19421899799994 -35.835618984,-7.19420014999997 -35.8356759769999,-7.19416245299993 -35.8357035079999,-7.19410782399996 -35.835721571,-7.19407198299996 -35.835744368,-7.19398528199997 -35.835782363,-7.19390988999993 -35.835850455,-7.19389300099994 -35.835858354,-7.19389104099997 -35.8359267449999,-7.19392496799998 -35.835976139,-7.19392119799994 -35.8360150789999,-7.19391540299995 -35.8360521289999,-7.19390988999993 -35.836101523,-7.19396266399997 -35.8361211939999,-7.19398968699994 -35.8361509169999,-7.19403051699993 -35.836131919,-7.19407575199995 -35.836314296,-7.19412475699994 -35.8363750889999,-7.19415491399997 -35.836424483,-7.19423407599993 -35.8365574659999,-7.19435847299997 -35.83660306,-7.19444517399995 -35.836633456,-7.19452433599997 -35.8366562529999,-7.19465250299993 -35.836675251,-7.19470527699997 -35.8366904489999,-7.19473543399994 -35.8367436419999,-7.19479197799996 -35.836891824,-7.19472789499997 -35.837024807,-7.19463742399995 -35.8370275299999,-7.19463382199996 -35.837059003,-7.19459218899993 -35.8371045969999,-7.19455072299996 -35.837146392,-7.19449417899995 -35.837233781,-7.19441878699996 -35.837343967,-7.19435093399994 -35.837473151,-7.19420768899994 -35.8375111459999,-7.19408706099995 -35.837564339,-7.19396643399995 -35.837590936,-7.19387219299995 -35.8376669259999,-7.19381187999994 -35.837769513,-7.19371386999995 -35.8378531029999,-7.19359324199996 -35.8379898859999,-7.19356308499994 -35.838011375,-7.19356714599996 -35.8381494659999,-7.19359324199996 -35.838286248,-7.19354800699995 -35.838381391,-7.19351896199993 -35.838385036,-7.19351784999998 -35.838445828,-7.19351784999998 -35.838496753,-7.19353380499996 -35.8385902099999,-7.19356308499994 -35.838625468,-7.19355036499996 -35.8386738,-7.19353292799997 -35.8388029829999,-7.19351784999998 -35.838947365,-7.19360831999995 -35.8389727639999,-7.19371541799995 -35.838977761,-7.19373648699997 -35.839008158,-7.19398528199997 -35.83898536,-7.19424161499995 -35.839015757,-7.19442255599995 -35.839084148,-7.19452056599994 -35.8391525389999,-7.19464873299995 -35.8391552319999,-7.19466155699996 -35.8391905349999,-7.19482967399995 -35.8391905349999,-7.19496537999993 -35.8391676099999,-7.19499949499993 -35.839099346,-7.19510108499998 -35.839015757,-7.19534987899993 -35.838878974,-7.19544788899998 -35.83882578,-7.19569668199995 -35.838886573,-7.19593039699993 -35.83898536,-7.19618672999997 -35.8390613509999,-7.19636013099995 -35.839205733,-7.19649583599994 -35.8393121189999,-7.19653353199993 -35.839578086,-7.19689541299994 -35.8396996709999,-7.19695572599994 -35.8398516509999,-7.19691049099993 -35.8400036319999,-7.19677478599993 -35.840094821,-7.19659384499994 -35.840201207,-7.19632997399998 -35.8402316039999,-7.19617165099993 -35.840284797,-7.19595301499993 -35.8402746469999,-7.19591273599997 -35.840254401,-7.19583238799993 -35.840239203,-7.19562128999996 -35.840315193,-7.19541019299993 -35.840330391,-7.19532726099993 -35.8403531879999,-7.19512370299998 -35.840368386,-7.19489752699997 -35.8403835839999,-7.19474674299994 -35.840467174,-7.19459595799998 -35.8405431639999,-7.19446779199995 -35.840679947,-7.19439239999997 -35.8408851209999,-7.19433962499994 -35.8409915079999,-7.19437732099993 -35.8411158979999,-7.19448124599995 -35.84113589,-7.19449794899998 -35.8412422759999,-7.19460349799994 -35.841356262,-7.19473166399996 -35.8415234409999,-7.19490506599993 -35.8415842329999,-7.19501815399997 -35.841660224,-7.19512370299998 -35.84176661,-7.19518401699997 -35.841840845,-7.19515368999993 -35.841895794,-7.19513124199995 -35.8420021809999,-7.19496537999993 -35.842055374,-7.19483721299997 -35.84216936,-7.19476935999995 -35.8422833449999,-7.19458841899996 -35.8423137419999,-7.19444517399995 -35.8423441379999,-7.19406067399996 -35.8423517369999,-7.19394758599998 -35.842336539,-7.19375156599995 -35.842458123,-7.19358570299994 -35.842518916,-7.19351030999997 -35.8426632979999,-7.19335198699997 -35.8427240899999,-7.19325397699993 -35.8427848819999,-7.19308811299993 -35.842769684,-7.19289209299995 -35.8427544859999,-7.19277146499996 -35.842746887,-7.19264329799995 -35.8427620849999,-7.19252266999996 -35.842777283,-7.19235680699995 -35.842708892,-7.19207031499997 -35.842686095,-7.19190445099997 -35.8427240899999,-7.19179136299994 -35.842754052,-7.19178393099997 -35.84277351,-7.19177910499997 -35.842862532,-7.19175702399997 -35.842936863,-7.19173858799996 -35.843088844,-7.19176120499998 -35.843149636,-7.19184413699998 -35.843210429,-7.19199492199994 -35.8432332259999,-7.19209293299997 -35.843347212,-7.19217586499997 -35.843430801,-7.19229649299996 -35.843628376,-7.19238696399998 -35.84375756,-7.19246235599996 -35.8437655989999,-7.19246845499993 -35.843886744,-7.19256036599995 -35.84395968,-7.19274850899995 -35.844000729,-7.19285439699996 -35.8444338749999,-7.19320874099998 -35.844451508,-7.19322623499994 -35.8445630589999,-7.19333690799994 -35.8446706249999,-7.19345618299997 -35.844692242,-7.19348015399993 -35.844730238,-7.19358570299994 -35.844958209,-7.19377418299996 -35.8451253879999,-7.19394004599997 -35.8453533589999,-7.19401543899994 -35.845398953,-7.19413606599994 -35.8457257119999,-7.19442255599995 -35.8458624949999,-7.19467135099995 -35.8461132639999,-7.19492768399994 -35.846295641,-7.19510108499998 -35.846432423,-7.19517647699996 -35.8466148009999,-7.19530464399998 -35.8466148009999,-7.19542527099998 -35.84669839,-7.19556851599998 -35.84669839,-7.19593039699993 -35.8466148009999,-7.19613395499994 -35.8463336359999,-7.19622442599996 -35.8462044519999,-7.19638274799996 -35.846212051,-7.19648829699997 -35.846212051,-7.19665415899993 -35.8463640319999,-7.19685017799998 -35.846607201,-7.19697834299996 -35.8468123759999,-7.19706127399996 -35.8472835159999,-7.19721205799993 -35.847292672,-7.19721357199995 -35.847420299,-7.19723467499995 -35.847648799,-7.19732283599996 -35.8476938649999,-7.19734022399996 -35.847754009,-7.19734548899993 -35.847952232,-7.19736284099997 -35.84795703,-7.19736799699996 -35.8480434209999,-7.19746084999997 -35.848142208,-7.19761163399994 -35.8481954019999,-7.19775487799996 -35.8482030009999,-7.19792827799995 -35.848248595,-7.19803382699996 -35.8482865899999,-7.19829769699993 -35.8482637929999,-7.19845601899993 -35.8482637929999,-7.19868973299998 -35.848301788,-7.19900637699993 -35.8483245849999,-7.19914961999996 -35.8483625809999,-7.19930040299994 -35.8485145619999,-7.19946626399997 -35.848658943,-7.19955673299995 -35.848757731,-7.19985829899997 -35.8488565179999,-7.20000154199994 -35.8489553059999,-7.20015232399993 -35.849069292,-7.20025033299993 -35.849168079,-7.20041619399996 -35.849297263,-7.20068006299994 -35.8494036499999,-7.20100424399993 -35.849510036,-7.20115502599998 -35.8495221549999,-7.20116704899993 -35.849570829,-7.20121533899993 -35.8496289679999,-7.20126340599995 -35.849662017,-7.20129072999993 -35.8497760029999,-7.20138119899997 -35.84982895,-7.20137619699995 -35.8499355829999,-7.20136612099998 -35.85011796,-7.20120026099994 -35.8502167469999,-7.20095900999996 -35.850269941,-7.20075545399993 -35.8502851389999,-7.20061221099996 -35.85027754,-7.20046896699995 -35.8502243459999,-7.20032572399998 -35.8500951629999,-7.20020509799997 -35.8500343699999,-7.20008447199996 -35.8500343699999,-7.20005268499995 -35.8500343699999,-7.20002756199995 -35.8500343699999,-7.19997138499997 -35.8501255589999,-7.19991861199998 -35.850292738,-7.19992615099994 -35.850399124,-7.19997138499997 -35.850418582,-7.19998172699997 -35.850611898,-7.20008447199996 -35.850680289,-7.20013724599994 -35.85074868,-7.20022771599997 -35.851029845,-7.20031064599993 -35.8510979229999,-7.20028608599995 -35.8511134349999,-7.20028048899997 -35.8513262079999,-7.20032572399998 -35.851389389,-7.20039258599996 -35.851440193,-7.20044634999994 -35.85147059,-7.20052174099993 -35.851500986,-7.20063482799998 -35.851500986,-7.20077807099995 -35.8517061599999,-7.20090623599998 -35.8518657399999,-7.20101178299996 -35.8518657399999,-7.20126057399995 -35.851934131,-7.20138873799993 -35.8520253199999,-7.20147920799997 -35.852192499,-7.20175815399995 -35.852382475,-7.20182600599998 -35.8525572529999,-7.20177323199994 -35.852633243,-7.20173553699993 -35.852762427,-7.20162998999996 -35.85276407,-7.20162842999997 -35.8529372049999,-7.20146412899993 -35.8530967849999,-7.20135858199995 -35.853400747,-7.20127565199994 -35.853598322,-7.20126811299997 -35.853750303,-7.20132088699995 -35.8537721499999,-7.20136733399994 -35.853803496,-7.20143397299995 -35.853833892,-7.20156213799993 -35.853788298,-7.20167522399993 -35.853719907,-7.20178831099997 -35.8536971089999,-7.20187877999996 -35.853621119,-7.20203710099997 -35.8536059209999,-7.20215772599994 -35.8536363169999,-7.20231604699995 -35.8536971089999,-7.20248190699994 -35.8537655009999,-7.20261007099998 -35.854099859,-7.20286639999995 -35.8542746369999,-7.20304733699993 -35.854479811,-7.20317550199997 -35.8546241929999,-7.20334889999998 -35.8548977579999,-7.20349214299995 -35.855049739,-7.20355245499996 -35.855171324,-7.20371077499993 -35.855308107,-7.20391432999998 -35.855452489,-7.20398972099997 -35.8556652619999,-7.20418573599994 -35.8558476389999,-7.20425358699993 -35.855961625,-7.20424604799996 -35.856007163,-7.20423744299995 -35.856121204,-7.20421589199998 -35.856219992,-7.20412542399993 -35.85631878,-7.20392186899994 -35.85639477,-7.20378616599993 -35.856493558,-7.20362784599996 -35.8566455389999,-7.20361276799997 -35.856660737,-7.20370323599997 -35.856647027,-7.20378484299994 -35.8566455389999,-7.20379370499995 -35.856599944,-7.20386909599995 -35.856592345,-7.20394448599995 -35.856660737,-7.20400479899996 -35.856782321,-7.20410280599998 -35.8568963069999,-7.20414050199997 -35.856964698,-7.20438175099997 -35.857040689,-7.20452499299995 -35.8569950949999,-7.20464561799997 -35.8569495,-7.20469085199994 -35.856979896,-7.20479639899997 -35.857010293,-7.20490571499994 -35.8569836959999,-7.20500372299995 -35.857010293,-7.20513565599992 -35.857154674,-7.20525251099997 -35.857287658,-7.20534297899997 -35.8573940439999,-7.20539952199994 -35.8575270279999,-7.20550506799998 -35.857610617,-7.20562946199993 -35.857671409,-7.20573123899993 -35.8576790079999,-7.20588955899996 -35.857728402,-7.20632682199994 -35.8577758279999,-7.20639228399995 -35.857815791,-7.20644744599997 -35.857880383,-7.20651152799996 -35.857932755,-7.20650039399993 -35.85798677,-7.20648891099995 -35.858119753,-7.20640975099997 -35.858260335,-7.20630797499996 -35.858362922,-7.20620996699995 -35.8585376999999,-7.20612326899993 -35.8587276769999,-7.20605164799997 -35.8588492609999,-7.20602149199993 -35.859005042,-7.20609688199994 -35.859157023,-7.20617981099997 -35.8592064159999,-7.20620242799993 -35.859271008,-7.20625897099995 -35.8593621969999,-7.20634566999996 -35.8593621969999,-7.20642482899996 -35.8593457219999,-7.20643913099997 -35.859271008,-7.20650398899994 -35.859248211,-7.20667361699998 -35.859381194,-7.20677162399994 -35.859506579,-7.20688093999996 -35.859542194,-7.20689655199993 -35.859669958,-7.20695255999993 -35.859825738,-7.20703925899994 -35.859943524,-7.20713726599996 -35.860076507,-7.20732574099998 -35.860110703,-7.20738228299996 -35.860143899,-7.20740904299993 -35.860232287,-7.20748028999998 -35.860384268,-7.20750290699993 -35.8605666449999,-7.20743505599995 -35.860689701,-7.20732925099998 -35.860737624,-7.20728804599997 -35.860798416,-7.20720134699997 -35.860851609,-7.20704302799993 -35.860897204,-7.20688847899993 -35.861079581,-7.20680177999998 -35.861182629,-7.20679275899994 -35.861208764,-7.20679047199997 -35.8613569459999,-7.20690732599996 -35.8615355229999,-7.20700910299996 -35.8616077139999,-7.20707318399997 -35.861660908,-7.20717119099993 -35.861748297,-7.20725788999994 -35.861839485,-7.20730312399996 -35.8619610699999,-7.20735589699996 -35.8620446589999,-7.20740489999997 -35.862162444,-7.20750667699997 -35.862257432,-7.20761976199998 -35.862344821,-7.20777808099996 -35.862371418,-7.20793262999996 -35.862371418,-7.20799671199995 -35.8624703959999,-7.20817092999994 -35.8624805219999,-7.20818875299994 -35.8624892029999,-7.20820403399995 -35.862530998,-7.20824926799997 -35.862610788,-7.20826057599993 -35.862728573,-7.20824549799994 -35.862846358,-7.20819649499998 -35.8629679429999,-7.20803817599995 -35.86307433,-7.20796278599994 -35.86308579,-7.20794383699996 -35.8631541199999,-7.20783085399995 -35.863260506,-7.20773661599998 -35.863427685,-7.20766122599997 -35.863556869,-7.20760468399993 -35.8636632559999,-7.20754814099996 -35.8638228359999,-7.20752929399993 -35.86386463,-7.20752552399995 -35.863963418,-7.20752929399993 -35.864119198,-7.20758960599994 -35.864206587,-7.20766499599995 -35.864377566,-7.20784970099993 -35.864567542,-7.20794393899996 -35.864651131,-7.20799294199998 -35.864746119,-7.20804571499997 -35.8648259089999,-7.20804948399996 -35.8649892889999,-7.20797786399993 -35.865171666,-7.20795901699995 -35.865224859,-7.20806456199995 -35.8652600409999,-7.20805247999994 -35.865323647,-7.20803063699998 -35.865426234,-7.20806456199995 -35.865627608,-7.20812487399996 -35.865661804,-7.20810602699993 -35.865703599,-7.20805702299998 -35.8657833889999,-7.20808717899996 -35.865863179,-7.20804948399996 -35.865885976,-7.20810602699993 -35.86601516,-7.20820403399995 -35.866110148,-7.20815879999998 -35.866110148,-7.20805325399994 -35.866083551,-7.20798163399996 -35.8660303579999,-7.20790247399998 -35.866014686,-7.20787137799994 -35.8659999619999,-7.20784216199996 -35.8660569539999,-7.20779692799994 -35.8661519419999,-7.20782331499993 -35.866155487,-7.20782459299994 -35.866235532,-7.20785347099996 -35.866338119,-7.20782708399997 -35.866362941,-7.20777912899996 -35.8664103099999,-7.20768761299996 -35.8664863,-7.20758206699998 -35.866588887,-7.20740866999995 -35.866683876,-7.20730312399996 -35.866797861,-7.20721642499996 -35.8668890499999,-7.20709203199993 -35.866972639,-7.20694879099995 -35.866976439,-7.20681308899998 -35.866930844,-7.20670754199995 -35.866900448,-7.20649268099993 -35.866778864,-7.20637959499993 -35.8665660899999,-7.20627404899994 -35.866338119,-7.20619865899994 -35.8662203339999,-7.20620619799996 -35.86601136,-7.20623635399994 -35.8658707779999,-7.20626274099993 -35.865768191,-7.20626274099993 -35.8655934129999,-7.20618358099995 -35.865479427,-7.20611195999993 -35.8654034369999,-7.20599887499998 -35.865293251,-7.20578401299997 -35.865251456,-7.20554653299996 -35.865285651,-7.20532790099998 -35.865350243,-7.20525627999996 -35.865426234,-7.20510549999995 -35.86537684,-7.20485294199995 -35.865357842,-7.20482655499995 -35.865350243,-7.20468331299998 -35.8655250209999,-7.20454384099997 -35.86553642,-7.20443075499998 -35.865601012,-7.20432520799994 -35.865627608,-7.20423473999995 -35.8656884009999,-7.20414804099994 -35.8656922,-7.20400479899996 -35.865673203,-7.20388040399996 -35.8656504059999,-7.20372585299998 -35.86561241,-7.20351475999996 -35.8655630169999,-7.20338282599994 -35.8654300329999,-7.20328481799993 -35.8653654409999,-7.20316796299994 -35.865354043,-7.20301341199996 -35.865384439,-7.20285509099995 -35.865426234,-7.20272692699996 -35.865418635,-7.20257614499997 -35.865487026,-7.20247059799993 -35.865475628,-7.20228965999996 -35.865513623,-7.20213510899993 -35.8655858139999,-7.20206348699998 -35.865635207,-7.20197678799997 -35.865764391,-7.20182223699993 -35.8658061859999,-7.20176192399992 -35.865920172,-7.20164695299997 -35.8660170589999,-7.20159040899995 -35.8660683529999,-7.20155459899996 -35.866117747,-7.20152632699995 -35.8661690399999,-7.20149993999996 -35.8662374319999,-7.20144716699997 -35.8663362189999,-7.20135104299993 -35.8663837129999,-7.20124926499994 -35.8664179089999,-7.20114183299995 -35.8664749019999,-7.20104947899995 -35.866524296,-7.20096277899995 -35.8665698899999,-7.20082518999993 -35.866579389,-7.20074791499997 -35.866623083,-7.20065179099993 -35.866778864,-7.20054812799998 -35.866894749,-7.20048027599995 -35.866927045,-7.20045011999997 -35.866970739,-7.20038603699993 -35.867035331,-7.20027106599997 -35.8670752259999,-7.20015986299995 -35.867181613,-7.20001473499997 -35.867276601,-7.19990918799994 -35.867419083,-7.19978102299996 -35.86752167,-7.19973201799996 -35.867609059,-7.19972259399998 -35.8676755509999,-7.19973955699993 -35.8677173459999,-7.19975463599997 -35.867793336,-7.19974144199995 -35.867857928,-7.19971693999997 -35.867859828,-7.19964531799997 -35.86784463,-7.19957746599994 -35.8678655269999,-7.19952092299997 -35.867875026,-7.19945495499996 -35.867888324,-7.19937202499995 -35.867914921,-7.19933621399997 -35.8679263189999,-7.19927966999995 -35.867924419,-7.19918731599995 -35.867945317,-7.19909496099996 -35.8680289059999,-7.19894229399995 -35.868140992,-7.19891402199994 -35.868196085,-7.19888386599996 -35.868308171,-7.19883863099994 -35.868384162,-7.19882355199996 -35.868425956,-7.19875946999997 -35.868549441,-7.19864449799996 -35.8685779369999,-7.19853517999996 -35.868566539,-7.19842397799994 -35.8685475409999,-7.19835047099997 -35.868507646,-7.19827884899996 -35.868481049,-7.19821665099994 -35.8684354549999,-7.19816010699998 -35.868429756,-7.19807717699996 -35.8684563529999,-7.19804324999996 -35.86847725,-7.19796031999994 -35.868532343,-7.19781707599998 -35.868545641,-7.19773602999993 -35.868570338,-7.19766252299996 -35.868631131,-7.19761351799997 -35.868653928,-7.19756828299995 -35.868769813,-7.19757393799995 -35.8688116079999,-7.19758524699995 -35.8688331779999,-7.19759529099997 -35.868904696,-7.19762859699995 -35.868976887,-7.19766817699997 -35.869050978,-7.19769833399994 -35.869071509,-7.19771243599996 -35.8691003719999,-7.19773225999995 -35.8691440659999,-7.19772660599995 -35.869187761,-7.19762671199993 -35.86919346,-7.19755885899997 -35.869235255,-7.19749289199996 -35.8692257559999,-7.19742126999995 -35.8692295549999,-7.19731383699997 -35.8691991589999,-7.19726483199997 -35.869132667,-7.19723467499995 -35.869119369,-7.19717624699996 -35.8691079709999,-7.19709520099997 -35.8690452779999,-7.19704996599995 -35.869037679,-7.19703677199993 -35.8690433789999,-7.19691614499993 -35.869064276,-7.19685960099997 -35.869206758,-7.19679740299995 -35.869209648,-7.19679902599995 -35.8693511399999,-7.19687844899994 -35.8693853359999,-7.19691237599994 -35.869421431,-7.19693310799994 -35.869516419,-7.19697268899995 -35.869579111,-7.19700284599998 -35.869691197,-7.19704054199997 -35.869769087,-7.19705938999994 -35.869884973,-7.19708200699995 -35.8699419659999,-7.19707635299994 -35.86998756,-7.19708200699995 -35.8700502519999,-7.19705938999994 -35.8701043889999,-7.19697800999995 -35.870112944,-7.19696514999993 -35.8701965339999,-7.19689541299994 -35.8702535259999,-7.19681059699997 -35.870316219,-7.19671447199994 -35.8703922089999,-7.19662211699995 -35.8704909969999,-7.19654107099996 -35.870618281,-7.19649583599994 -35.870768362,-7.19652599299997 -35.8708139559999,-7.19653918599994 -35.87086335,-7.19656557399998 -35.870950739,-7.19662023299998 -35.870974442,-7.19662237099993 -35.871076123,-7.19663154099993 -35.871167311,-7.19658065199997 -35.871180803,-7.19656815899998 -35.871195808,-7.19655426499997 -35.871275598,-7.19652033799997 -35.8712904409999,-7.19651867599993 -35.8713933829999,-7.19650714499994 -35.8714408769999,-7.19649583599994 -35.871476973,-7.19645813999995 -35.8714712729999,-7.19638274799996 -35.871443319,-7.19635593899994 -35.87141428,-7.19632808899996 -35.871370586,-7.19630170199997 -35.871355388,-7.19625835199997 -35.871370586,-7.19618861399994 -35.87141808,-7.19615468799998 -35.871486471,-7.19607364199993 -35.87149977,-7.19600578899997 -35.8715016689999,-7.19594924499995 -35.87149787,-7.19588704699993 -35.8715016689999,-7.19585311999998 -35.8715149679999,-7.19581353999996 -35.871554863,-7.19577395899995 -35.871590958,-7.19568160399996 -35.87165555,-7.19549123899998 -35.871716342,-7.19533291599993 -35.871805631,-7.19514255099995 -35.871801832,-7.19506715899996 -35.871798032,-7.19502757799995 -35.87181133,-7.19500307599998 -35.871874023,-7.19494841599993 -35.8719158169999,-7.19485040699993 -35.871943143,-7.19478183199993 -35.871948113,-7.19476935999995 -35.87194785,-7.19476010299996 -35.871944314,-7.19463553899993 -35.8718949199999,-7.19458841899996 -35.871839827,-7.19454506899996 -35.87173344,-7.19443763499993 -35.871668848,-7.19433397099993 -35.871632753,-7.19426611799997 -35.87165365,-7.19421899799994 -35.8716707479999,-7.19412098799995 -35.8716479509999,-7.19406067399996 -35.871619455,-7.19400412999994 -35.871598557,-7.19389858099993 -35.871589058,-7.19384769099997 -35.8715833589999,-7.19378549199996 -35.871668848,-7.19374591099995 -35.871784734,-7.19370915799993 -35.8718312779999,-7.19370444599997 -35.871930065,-7.19370256099995 -35.871968061,-7.19368371299993 -35.8719728099999,-7.19364978599998 -35.871947163,-7.19362151399997 -35.8719538129999,-7.19359701199994 -35.8720136549999,-7.19360172399996 -35.8720440509999,-7.19353858299996 -35.872059249,-7.19348863499994 -35.872046901,-7.19342078199998 -35.872035502,-7.19338402799997 -35.872035502,-7.19333690799994 -35.872045951,-7.19326905499997 -35.872047551,-7.19326511899993 -35.872069698,-7.19321062599994 -35.872164686,-7.19307114999998 -35.87225504,-7.19303655099998 -35.872311431,-7.19301495699995 -35.872381259,-7.19298821799993 -35.8726282279999,-7.19294675299994 -35.872730815,-7.19287889899994 -35.872837201,-7.19282612499995 -35.872972616,-7.19277760999995 -35.8729739839999,-7.19277711999996 -35.8731031679999,-7.19271680599996 -35.873160688,-7.19260267099997 -35.8731905569999,-7.19254340299995 -35.8732855449999,-7.19230214699996 -35.873295158,-7.19226081599993 -35.873331139,-7.19210612599994 -35.873334939,-7.19192141499997 -35.873372934,-7.19186863999994 -35.873429927,-7.19181586499997 -35.8734869199999,-7.19175555099997 -35.873488203,-7.19175232999993 -35.873551511,-7.19159345699995 -35.8735401129999,-7.19136727899996 -35.8735135159999,-7.19123157199994 -35.873524553,-7.19113302599993 -35.873528714,-7.19109586499997 -35.8735129529999,-7.19104783499995 -35.8734755209999,-7.19093377099995 -35.873437526,-7.19078298499994 -35.873460323,-7.19068874399994 -35.8734413249999,-7.19060204299996 -35.873447434,-7.19058619099997 -35.8735401129999,-7.19034570699995 -35.873471722,-7.19014591599995 -35.87340713,-7.19002151799998 -35.8730347769999,-7.18975764299995 -35.872747331,-7.18963237399993 -35.8726282279999,-7.18958046899996 -35.872267273,-7.18927512799996 -35.872160886,-7.18908287499994 -35.8721228909999,-7.18892831999995 -35.872107693,-7.18873983699996 -35.87213429,-7.18850611799996 -35.872168764,-7.18844933099996 -35.8722216789999,-7.18837041099994 -35.872358462,-7.18835533199996 -35.872514242,-7.18838548899993 -35.8726282279999,-7.18834025299998 -35.872757411,-7.18821208499998 -35.8729131919999,-7.18800852299995 -35.8729777839999,-7.18782380999994 -35.872992982,-7.18774087699995 -35.8729777839999,-7.18749207899998 -35.8732931439999,-7.18704348899996 -35.8734489239999,-7.18679469099993 -35.8736085039999,-7.18659866799993 -35.8737492239999,-7.18652315399993 -35.873870671,-7.18641772299998 -35.873939063,-7.18633102099994 -35.8739846569999,-7.18621416099995 -35.874246824,-7.18598044099997 -35.8743646089999,-7.18590881699993 -35.874501392,-7.18578441799997 -35.874698967,-7.18562232099993 -35.875006728,-7.18549792199997 -35.87539048,-7.18557708499998 -35.8755808029999,-7.18554230099994 -35.875679244,-7.18552430999995 -35.87572793,-7.18548822699995 -35.875994604,-7.18529058899998 -35.8761693819999,-7.18485330599998 -35.876241573,-7.18477037299994 -35.8762947659999,-7.18464974299997 -35.876345965,-7.18450295399998 -35.876370757,-7.18443486999996 -35.8764163509999,-7.18438209499993 -35.876530337,-7.18435947699993 -35.8766443219999,-7.18438209499993 -35.8768266989999,-7.18446879799995 -35.877066069,-7.18452157299993 -35.877225649,-7.18462335499993 -35.877282642,-7.18462335499993 -35.8774270239999,-7.18455173099994 -35.8775828039999,-7.18433308899995 -35.8777195869999,-7.18427277399996 -35.877825974,-7.18428785199995 -35.8778316899999,-7.18429057499998 -35.877920962,-7.18433308899995 -35.877981754,-7.18431047099995 -35.878057745,-7.18415968299996 -35.878080542,-7.18397119799994 -35.878114737,-7.18381664099996 -35.8781261359999,-7.18366585299998 -35.878209725,-7.18345474999995 -35.87833511,-7.18331904099995 -35.8783845029999,-7.18325495599993 -35.8784718919999,-7.18303631299995 -35.878502289,-7.18287798499995 -35.878483291,-7.18279505199996 -35.8784414959999,-7.18268949999998 -35.8784110999999,-7.18256509999998 -35.878369305,-7.18246331799998 -35.878304713,-7.18234268699996 -35.878312313,-7.18196571599998 -35.878874642,-7.18034096799994 -35.8793685799999,-7.17960964099996 -35.879569954,-7.17948146999993 -35.879980303,-7.17915350299995 -35.880170279,-7.17906302899996 -35.8807820019999,-7.17891977899995 -35.8809111859999,-7.17885946299998 -35.8810441689999,-7.17870490399997 -35.8810973619999,-7.17850133799993 -35.8810745649999,-7.17828269299997 -35.8810745649999,-7.17808666699995 -35.881120159,-7.17790571899997 -35.8811108739999,-7.17787545099998 -35.8810669659999,-7.17773231099994 -35.881082164,-7.17749858599996 -35.881123959,-7.17732517799993 -35.881154355,-7.17715176899998 -35.881241744,-7.17702736799993 -35.8813689639999,-7.17681909999993 -35.881393725,-7.17677856399996 -35.8813823259999,-7.17654860899995 -35.881329133,-7.17629603499995 -35.881298737,-7.17617540299995 -35.881344331,-7.17603969099997 -35.881306336,-7.17587759199995 -35.881329133,-7.17573057099997 -35.8813519299999,-7.17568910399996 -35.881420321,-7.17564009699993 -35.881526708,-7.17561370799996 -35.881697687,-7.17551192499997 -35.881902861,-7.17535359499993 -35.882035844,-7.17526311999995 -35.882290412,-7.17505201299997 -35.882411997,-7.17493514999995 -35.882609572,-7.17482205699997 -35.8827729509999,-7.17459964099993 -35.882978125,-7.17424528199996 -35.8831833,-7.17381552699993 -35.8833428799999,-7.17360818899994 -35.883384658,-7.17352717499995 -35.8834758629999,-7.17330283699994 -35.883544254,-7.17308795899993 -35.8835632519999,-7.17298617499995 -35.88357465,-7.17285046299997 -35.883639242,-7.17265820399996 -35.8837304309999,-7.17252249099994 -35.883836817,-7.17237923899995 -35.88389381,-7.17225483599998 -35.884026794,-7.17214174199995 -35.8842319679999,-7.17201356999993 -35.8842661629999,-7.17173837399997 -35.8843535519999,-7.17141417199997 -35.8844768289999,-7.17127576599995 -35.887725228,-7.17077641899994 -35.887832859,-7.17077737699998 -35.8886329539999,-7.17038045799995 -35.8887442719999,-7.17030797799993 -35.8892643359999,-7.16952310999994 -35.8899257379999,-7.16889883799996 -35.8900866559999,-7.16876512399995 -35.8902115139999,-7.16864531899995 -35.8903487319999,-7.16854599499993 -35.890509967,-7.16844127799993 -35.890693848,-7.16830175299998 -35.8908013929999,-7.16821703799997 -35.890989998,-7.16811158199994 -35.891223522,-7.16799802299994 -35.891298499,-7.16798453599995 -35.891377479,-7.16799468799996 -35.891532502,-7.16803192099997 -35.8917990149999,-7.16808799499995 -35.89207126,-7.16814316899996 -35.892395027,-7.16827070499994 -35.892668031,-7.16845107199993 -35.892868306,-7.16855463999997 -35.893019763,-7.16859398299994 -35.894060752,-7.16867709999997 -35.894244355,-7.16866013199996 -35.894431015,-7.16861659599994 -35.894565873,-7.16861370299995 -35.894646488,-7.16862850599995 -35.894731599,-7.16868865599997 -35.894921239,-7.16881831199993 -35.895142386,-7.16888690199994 -35.895374374,-7.16887914199998 -35.895630207,-7.16882531399995 -35.8959137369999,-7.16872129499995 -35.895924094,-7.16871691799997 -35.896146995,-7.16881775899998 -35.896428666,-7.16850471899994 -35.896845872,-7.16833588699996 -35.897156251,-7.16825561199994 -35.8971706249999,-7.16830031399996 -35.8972011019999,-7.16845565899996 -35.897213025,-7.16877143699998 -35.897199659,-7.16897748299994 -35.8971494899999,-7.16918885999996 -35.8970552289999,-7.16944710399997 -35.897032523,-7.16949897299997 -35.897006753,-7.16956402699998 -35.896987069,-7.16961371799994 -35.896960775,-7.16967861099994 -35.896903102,-7.16981996599998 -35.8966868009999,-7.17066217899998 -35.8964613429999,-7.17127852699997 -35.896428375,-7.17152143999994 -35.8963967139999,-7.17179346599994 -35.8970362599999,-7.17181873699997 -35.897562916,-7.17182431499998 -35.897932742,-7.17181873499993 -35.897977322,-7.17181334299994 -35.89898156,-7.17169186999996 -35.899177349,-7.17168848799997 -35.8992848569999,-7.17170489799997 -35.899362042,-7.17175139299997 -35.8994557669999,-7.17185532499997 -35.899576823,-7.17206551199996 -35.899745292,-7.17243761499998 -35.899926399,-7.17280513099996 -35.9000261099999,-7.17292771799993 -35.9001128159999,-7.17298363499998 -35.900177844,-7.17299008599997 -35.90028189,-7.17297503099996 -35.9003404159999,-7.17297502999998 -35.900398942,-7.17302234399995 -35.900464606,-7.17317786699994 -35.900773973,-7.17395004199994 -35.9008503599999,-7.17407964299997 -35.900963259,-7.17417342099998 -35.901102414,-7.17445215099997 -35.901280234,-7.17460876099994 -35.9014727539999,-7.17473913299995 -35.901575077,-7.17480063599993 -35.9016575049999,-7.17479748999995 -35.901780727,-7.17475872399996 -35.90193332,-7.17470312299997 -35.9021996229999,-7.17456471899993 -35.9023644769999,-7.17450809799993 -35.9025039699999,-7.17453011399994 -35.9025768879999,-7.17458358699997 -35.902818883,-7.17540777899995 -35.903056963,-7.17640296799993 -35.9031908219999,-7.17697432499995 -35.9033200069999,-7.17752614199998 -35.903381247,-7.17772739699996 -35.903461621,-7.17779574599996 -35.903541993,-7.17780713699995 -35.905562999,-7.17753178399994 -35.905641502,-7.17753777399997 -35.905706794,-7.17759556999994 -35.907269072,-7.17969741799993 -35.9074720959999,-7.17945266999993 -35.907817049,-7.17897605999997 -35.908043989,-7.17859547099994 -35.908317073,-7.17800921699995 -35.9084019589999,-7.17767692299998 -35.908550615,-7.17742321399993 -35.9087224949999,-7.17709036899993 -35.908831708,-7.17685270799996 -35.9089010779999,-7.17656790599995 -35.9088751429999,-7.17622051599994 -35.908617754,-7.17554283799996 -35.9084814519999,-7.17525144099994 -35.908352909,-7.17493629699993 -35.90832002,-7.17473903199993 -35.9083893399999,-7.17444633099996 -35.908410256,-7.17400385699995 -35.908391228,-7.17349844499995 -35.90829559,-7.17276049799995 -35.9081295039999,-7.17213753299995 -35.9082188629999,-7.17126413199998 -35.9082437719999,-7.17105533599994 -35.9083236129999,-7.17032349299996 -35.908392826,-7.16939097799997 -35.908449783,-7.16901936599993 -35.9085194539999,-7.16878195599998 -35.908585622,-7.16861565899995 -35.908730298,-7.16835802699995 -35.909134346,-7.16784598599997 -35.909384556,-7.16739416099995 -35.9094086649999,-7.16734934199997 -35.9095252509999,-7.16713260499995 -35.909619274,-7.16699377799995 -35.90982001,-7.16684637599997 -35.9098751729999,-7.16681198799995 -35.9100248239999,-7.16671869599998 -35.910341177,-7.16649611999998 -35.9103988159999,-7.16645566199998 -35.9104516519999,-7.16640535999994 -35.910532455,-7.16632843199994 -35.910689318,-7.16612206599996 -35.9108743479999,-7.16580059399996 -35.910990478,-7.16559882799993 -35.9111983179999,-7.16532499799996 -35.911430009,-7.16507076499994 -35.9116463079999,-7.16488376899997 -35.911839259,-7.16475616399993 -35.912050393,-7.16462520999994 -35.9122252609999,-7.16451674999996 -35.9124765949999,-7.16424264399996 -35.912493888,-7.16420566499994 -35.912735229,-7.16368956799994 -35.9129444439999,-7.16319307199996 -35.913104506,-7.16286820099998 -35.9134107359999,-7.16189864199993 -35.913522997,-7.16151878299996 -35.913604328,-7.16124970399994 -35.913670469,-7.16107945799996 -35.913787612,-7.16084569799995 -35.9139014159999,-7.16067304099994 -35.914013282,-7.16049582399995 -35.9140655689999,-7.16040554599994 -35.9142026329999,-7.16019535599997 -35.9143515599999,-7.15998509099995 -35.9145826939999,-7.15964397299996 -35.9148336489999,-7.15931062799996 -35.91504171,-7.15907234199994 -35.915167187,-7.15890566899998 -35.915339963,-7.15871499999997 -35.915583786,-7.15850413399994 -35.915819777,-7.15830516499994 -35.9159889489999,-7.15816981099994 -35.916248663,-7.15797069199994 -35.9165165869999,-7.15781891499995 -35.916863642,-7.15767453399997 -35.9171556909999,-7.15758579399994 -35.9173369759999,-7.15748985799996 -35.917604497,-7.15727489099993 -35.9179114579999,-7.15704387599993 -35.918084483,-7.15689269999996 -35.918534543,-7.15677925999995 -35.9189059729999,-7.15673740899996 -35.919300977,-7.15667171199993 -35.919813698,-7.15646308799995 -35.920168206,-7.15624756799997 -35.9204904279999,-7.15592956799998 -35.9211734049999,-7.15513534499996 -35.9217291479999,-7.15423134599996 -35.922080068,-7.15283101899996 -35.922053529,-7.15238885099996 -35.922081493,-7.15181205599993 -35.922013455,-7.15106209499993 -35.922016087,-7.15023269799997 -35.9220702879999,-7.15005067999994 -35.922226036,-7.14967054599992 -35.9223743279999,-7.14936154899993 -35.922633381,-7.14905974799996 -35.922915706,-7.14868670999994 -35.923127563,-7.14842470299993 -35.923251834,-7.14834080999998 -35.9233874189999,-7.14824927899997 -35.9237185979999,-7.14809709899993 -35.9239940689999,-7.14788997999995 -35.924174594,-7.14767556499993 -35.9243775369999,-7.14725563799993 -35.9245886379999,-7.14687515299994 -35.924955886,-7.14617772299994 -35.925393551,-7.14536136299995 -35.925558946,-7.14500208299995 -35.925674364,-7.14475136899995 -35.9262306439999,-7.14393425599997 -35.926395804,-7.14379102899994 -35.9270506459999,-7.14354990499993 -35.927352667,-7.14330910499996 -35.927569948,-7.14313586799994 -35.927734906,-7.14296104599993 -35.928087841,-7.14250067199993 -35.928260053,-7.14222311899994 -35.9284624869999,-7.14172420699998 -35.928609014,-7.14113876299996 -35.928591438,-7.14086241599995 -35.928936413,-7.14039419399995 -35.929218427,-7.13997376599997 -35.929555493,-7.13950559399996 -35.9298928599999,-7.13908481299995 -35.9300495059999,-7.13884685399995 -35.930307946,-7.13845027099995 -35.930534856,-7.13806968699993 -35.930801555,-7.13772834299994 -35.93124993,-7.13735424999993 -35.931596661,-7.13716247499997 -35.931784647,-7.13706709399997 -35.931990787,-7.13696250099997 -35.93233787,-7.13682601499994 -35.9328034669999,-7.13667297799998 -35.9329059139999,-7.13661703499997 -35.9330392419999,-7.13655943299995 -35.933221365,-7.13648074999998 -35.933311939,-7.13645270499995 -35.9334818149999,-7.13640010599994 -35.9339240909999,-7.13631040699994 -35.9341500789999,-7.13625155499994 -35.934229304,-7.13590017099995 -35.934228092,-7.13571008199995 -35.934186622,-7.13553752999997 -35.9341390179999,-7.13530741299996 -35.934142435,-7.13493871899993 -35.934117531,-7.13465085199994 -35.934097331,-7.13419589999995 -35.9340620679999,-7.13409243499996 -35.933963149,-7.13395481199996 -35.933731187,-7.13375466899993 -35.933498857,-7.13349692299994 -35.933237584,-7.13322207899995 -35.933057671,-7.13304464599997 -35.93291269,-7.13291883599993 -35.932122958,-7.13207129699992 -35.931913919,-7.13184796499996 -35.9317400309999,-7.13171081699994 -35.931502633,-7.13156255099994 -35.93135725,-7.13137337699993 -35.9312754499999,-7.13120684099994 -35.9311244469999,-7.13104074399996 -35.930804737,-7.13064529799993 -35.930746152,-7.13050165699997 -35.930681873,-7.13036957299994 -35.930605401,-7.13013387699993 -35.9305695899999,-7.12994400699995 -35.930563127,-7.12983459799995 -35.930441545,-7.12976048199994 -35.930365513,-7.12959390999993 -35.930289261,-7.12939277499993 -35.930114349,-7.12909433799996 -35.930096572,-7.12906931199996 -35.9299514099999,-7.12886494999998 -35.9298346799999,-7.12864679099994 -35.9298107339999,-7.12850868999993 -35.929803685,-7.12830711599997 -35.929830981,-7.12806500099992 -35.9298461939999,-7.12773655399997 -35.929833123,-7.12749469499994 -35.9298080039999,-7.12717226499996 -35.9298056609999,-7.12680360599995 -35.9297981729999,-7.12653290799994 -35.929849314,-7.12613592299994 -35.9298531319999,-7.12610627999993 -35.9298442899999,-7.12562245199996 -35.9298481169999,-7.12531711999998 -35.9298285099999,-7.12495433099997 -35.9297919319999,-7.12464349399994 -35.9298528419999,-7.12424563099995 -35.929892148,-7.12407832699995 -35.9299085339999,-7.12393420999996 -35.9299705779999,-7.12371491599993 -35.929962798,-7.12339813699998 -35.929971989,-7.12302940399996 -35.929987863,-7.12280464299994 -35.9299920189999,-7.12255115399995 -35.9300312889999,-7.12237808899994 -35.930000369,-7.12204993499995 -35.929981605,-7.12181963199993 -35.9299173649999,-7.12169330799998 -35.9298802759999,-7.12130182699997 -35.92986196,-7.12079957099996 -35.9298523429999,-7.12053585399997 -35.9298563529999,-7.12025932299997 -35.929854028,-7.12020620199996 -35.929829372,-7.11964311699995 -35.929833968,-7.11945875099997 -35.9298673989999,-7.11927420199993 -35.9298934889999,-7.11884199699995 -35.9298807119999,-7.11864621999996 -35.929837477,-7.11841984599994 -35.929797198,-7.11820894899995 -35.929784495,-7.11802053299994 -35.929765365,-7.11773678699996 -35.929780837,-7.11744866199996 -35.9298245209999,-7.11706242999998 -35.9298456139999,-7.11675122799994 -35.929778706,-7.11620440099995 -35.9297367299999,-7.11595120299995 -35.9296300039999,-7.11549103699997 -35.9295944899999,-7.11534724799998 -35.9295870779999,-7.11508807099995 -35.9296312019999,-7.11477096299996 -35.9296585,-7.11452884799996 -35.929725837,-7.11423463399996 -35.929752989,-7.11396947799994 -35.929780471,-7.11375616399994 -35.9297724749999,-7.11340482199995 -35.9297656849999,-7.11324356999995 -35.929781377,-7.11299000799994 -35.9298493709999,-7.11279947999998 -35.9298429469999,-7.11269583099994 -35.9298909739999,-7.11208490999996 -35.929906155,-7.11175070399997 -35.929915824,-7.11145685499997 -35.92994221,-7.11107073299996 -35.929947027,-7.11092092799993 -35.929998379,-7.11083419499994 -35.9301115929999,-7.11049936799998 -35.930213384,-7.11018189499993 -35.9302750269999,-7.10989923899996 -35.9303535679999,-7.10955310999998 -35.930352838,-7.10943790399995 -35.9302863359999,-7.10895443999993 -35.9302788159999,-7.10867798199996 -35.930350677,-7.10818788299997 -35.9303555669999,-7.10804959899997 -35.930415604,-7.10751348999997 -35.930461195,-7.10740489499995 -35.9301566469999,-7.10726473599993 -35.9294015139999,-7.10698652899993 -35.928474158,-7.10644336299993 -35.928023728,-7.10620489999997 -35.927624678,-7.10599644099995 -35.9271361159999,-7.10574122199995 -35.9265929499999,-7.10543651899997 -35.926354487,-7.10523779999994 -35.926169016,-7.10493309699996 -35.925864313,-7.10445617099998 -35.925731834,-7.10419121199993 -35.9255596099999,-7.10407198099995 -35.925377741,-7.10405588299994 -35.9245510339999,-7.10394490499993 -35.924181824,-7.10392625299994 -35.9239530529999,-7.10395306399994 -35.923545922,-7.10403223699996 -35.923373699,-7.10400574099998 -35.923055748,-7.10391300499998 -35.922565574,-7.10374078199993 -35.921942921,-7.10347582299994 -35.9215057389999,-7.10330359999995 -35.921254028,-7.10325060799994 -35.9209228289999,-7.10327710399997 -35.920631374,-7.10339633499996 -35.920485647,-7.10343607899995 -35.919982225,-7.10339633499996 -35.919742156,-7.10341884199994 -35.9195582909999,-7.10343607899995 -35.918816406,-7.10354206299996 -35.91840572,-7.10363479799997 -35.9182467439999,-7.10372753399997 -35.917955289,-7.10408522899996 -35.917504859,-7.10449591499997 -35.917216287,-7.10476819499996 -35.917041255,-7.10485153399998 -35.916972728,-7.10483791899998 -35.916767176,-7.10488152099992 -35.916399675,-7.10492512299993 -35.916318701,-7.10490020699996 -35.916019717,-7.10473825799994 -35.9159075979999,-7.10463236799995 -35.915783021,-7.10442058699994 -35.9157107189999,-7.10427027999998 -35.9155276389999,-7.10393473899995 -35.915185053,-7.10361706799995 -35.915163895,-7.10359590999997 -35.915004417,-7.10343643199997 -35.914836239,-7.10333054199998 -35.9147054329999,-7.10326825399994 -35.9144811959999,-7.10320596599996 -35.9139168029999,-7.10300725199994 -35.913110853,-7.10288829499996 -35.9117128619999,-7.10235712799994 -35.911117627,-7.10210346299993 -35.910774273,-7.10173198899997 -35.909934149,-7.10033447499995 -35.909527446,-7.09964990299994 -35.909124402,-7.09921951399997 -35.908931308,-7.09895790299993 -35.908644782,-7.09865269099993 -35.9084018569999,-7.09837862199993 -35.908264823,-7.09827896099995 -35.9080592719999,-7.09810455299993 -35.907947153,-7.09796751899995 -35.907878635,-7.09771836599998 -35.9080423949999,-7.09707542199993 -35.908190077,-7.09641031199993 -35.908258594,-7.09594937799994 -35.908289738,-7.09558810599998 -35.908183848,-7.09543238499998 -35.9078661779999,-7.09532026599993 -35.907579652,-7.09527043599996 -35.9072059219999,-7.09531403799997 -35.9070003699999,-7.09531403799997 -35.9068135049999,-7.09527043599996 -35.906595496,-7.09518946099996 -35.9063525719999,-7.09503996899997 -35.9063306969999,-7.09502871899997 -35.906134563,-7.09492784999998 -35.905785748,-7.09484064599997 -35.905424476,-7.09475967199995 -35.9052998999999,-7.09468492599996 -35.905175323,-7.09458526399993 -35.9050632039999,-7.09443577199994 -35.9049074829999,-7.09420530599994 -35.904577355,-7.09371322799996 -35.9043844669999,-7.09342665199995 -35.904359346,-7.09338932899993 -35.904091507,-7.09309034499995 -35.903767607,-7.09281627699994 -35.9034437079999,-7.09259826699997 -35.903297331,-7.09258269499998 -35.9029409519999,-7.09261826999995 -35.902524956,-7.09268235699994 -35.902250887,-7.09269481399997 -35.901777496,-7.09266989899993 -35.9016404619999,-7.09270727199993 -35.9014037659999,-7.09280693299996 -35.901017579,-7.09293150999997 -35.900768426,-7.09298134099993 -35.900432069,-7.09301871399992 -35.900195373,-7.09298134099993 -35.899684609,-7.09283184899994 -35.8996657179999,-7.09282502699995 -35.8992361329999,-7.09266989899993 -35.89861325,-7.09243320299993 -35.897716299,-7.09239582999993 -35.8973425689999,-7.09244566099994 -35.895972226,-7.09234599999996 -35.895860107,-7.09224633899993 -35.8957230729999,-7.09194735499995 -35.895586039,-7.09157362499997 -35.895511293,-7.09132447199994 -35.895498835,-7.09103794499993 -35.895511293,-7.09055209699994 -35.895498835,-7.09021573999996 -35.8954490049999,-7.08989184099994 -35.895349343,-7.08945582299998 -35.895278063,-7.08923406099996 -35.895237224,-7.08910700799993 -35.8951749359999,-7.08884539699994 -35.895162478,-7.08868344799993 -35.8952247669999,-7.08838446399994 -35.8951549929999,-7.08555788299998 -35.894881787,-7.08570664599995 -35.894393362,-7.08605562699995 -35.8939507769999,-7.08623543399995 -35.8934295359999,-7.08652093399996 -35.8923692179999,-7.08694058199995 -35.891580032,-7.08736753199997 -35.8910981189999,-7.08761310999995 -35.8896588919999,-7.08856310799996 -35.889411423,-7.08891854899997 -35.88920954,-7.08928045199997 -35.889059757,-7.08940970299994 -35.888909973,-7.08949371599994 -35.888538769,-7.08987500599994 -35.88842806,-7.08995255699995 -35.88831735,-7.08997840699993 -35.888108955,-7.08999133199995 -35.888004758,-7.09003010699996 -35.8877963629999,-7.09015935799994 -35.887548894,-7.09026922099997 -35.8872297889999,-7.09043724699995 -35.8871321039999,-7.09045017199998 -35.886956271,-7.09043724699995 -35.8867934629999,-7.09044370999993 -35.8867283389999,-7.09050187199995 -35.886689265,-7.09105118799994 -35.8867153149999,-7.09123860099993 -35.8869953449999,-7.09183315299993 -35.8870932299999,-7.09212820099998 -35.887251105,-7.09261559599997 -35.887392598,-7.09290592899993 -35.8876075049999,-7.09320320399996 -35.8878159,-7.09344877899997 -35.8882326899999,-7.09377190399994 -35.8884345719999,-7.09406917799993 -35.8886234299999,-7.09430828999996 -35.8888122879999,-7.09450216399995 -35.8889034599999,-7.09477358799995 -35.889098831,-7.09503854999997 -35.8894244479999,-7.09541983499997 -35.8895807439999,-7.09551030999995 -35.889886824,-7.09563309699996 -35.8903752489999,-7.09580758299995 -35.8904403719999,-7.09587866999993 -35.8905771309999,-7.09607900599997 -35.890648767,-7.09618886799996 -35.890759477,-7.09630519199993 -35.8908311129999,-7.09645382899993 -35.8908441369999,-7.09663477699996 -35.8908962359999,-7.09704837399994 -35.890915773,-7.09734564599995 -35.890915773,-7.09755890699995 -35.8909587919999,-7.09774186099997 -35.890553511,-7.09805805499997 -35.890416721,-7.09812714599997 -35.89029707,-7.09815794199994 -35.89017519,-7.09813954799995 -35.88973407,-7.09805516199998 -35.889578523,-7.09803176399993 -35.889474637,-7.09804623699995 -35.8890695279999,-7.09818715799997 -35.888373815,-7.09860155199993 -35.8877223539999,-7.09894373399993 -35.887326769,-7.09908796299993 -35.886699388,-7.09919181099997 -35.8857108359999,-7.09933135099993 -35.885183034,-7.09945117299998 -35.8836870769999,-7.10010509899996 -35.883233474,-7.10021982699993 -35.882632078,-7.10032482099996 -35.8817138379999,-7.10041529499995 -35.8811668019999,-7.10046053099995 -35.880919333,-7.10050576799995 -35.8807109379999,-7.10061562899995 -35.880502543,-7.10099044699996 -35.8803397349999,-7.10146866399998 -35.880137852,-7.10176593299997 -35.8799750439999,-7.10192102999997 -35.8794931309999,-7.10230230999997 -35.878965631,-7.10273528899995 -35.878509768,-7.10300024599997 -35.8778455089999,-7.10342029899994 -35.877526404,-7.10365294399998 -35.877441744,-7.10389204999996 -35.8773440589999,-7.10409884599994 -35.877135664,-7.10442842499998 -35.876849121,-7.10488078899994 -35.8766407259999,-7.10519744299995 -35.8764062819999,-7.10540423699996 -35.876113227,-7.10566919199994 -35.8758592459999,-7.10592768499993 -35.8756248019999,-7.10626372599995 -35.87539687,-7.10648990699997 -35.8752145239999,-7.10658684099997 -35.8748237839999,-7.10668377599995 -35.874765173,-7.10676778599998 -35.8749179669999,-7.10698365299993 -35.8750712529999,-7.10733646899996 -35.8752014999999,-7.10742047799994 -35.8754033819999,-7.10745278999997 -35.8756508509999,-7.10753679999993 -35.8759634429999,-7.10766604599996 -35.8761978869999,-7.10780175399998 -35.876412795,-7.10797623599996 -35.876725387,-7.10810548099994 -35.8766732879999,-7.10820887799997 -35.876523504,-7.10828642499996 -35.8761978869999,-7.10841567099993 -35.8757941219999,-7.10860307699994 -35.8755596779999,-7.10873878499996 -35.8753056969999,-7.10885510599996 -35.8751363759999,-7.10897142699997 -35.874739123,-7.10893265399994 -35.874250698,-7.10891326699993 -35.8737694169999,-7.10897545099994 -35.873345483,-7.10897788899996 -35.8729654539999,-7.10895949399998 -35.872811471,-7.10895203999996 -35.872650866,-7.10903094799994 -35.872479342,-7.10910067299994 -35.8722253609999,-7.10915883299998 -35.8720169659999,-7.10912005999995 -35.871867182,-7.10908128599993 -35.8716913489999,-7.10906189899993 -35.8714048059999,-7.10910067299994 -35.871118263,-7.10924930499993 -35.87094243,-7.10930746499997 -35.870773109,-7.10932038999994 -35.8706265819999,-7.10934300799994 -35.870499309,-7.10988981499997 -35.869829851,-7.11018018899995 -35.8690245459999,-7.11043836099998 -35.868539153,-7.11052334899995 -35.8684775099999,-7.11053852599997 -35.8681974789999,-7.11068069599997 -35.8673793089999,-7.11227820799996 -35.866920423,-7.11311487799998 -35.866075681,-7.11524347699998 -35.864248075,-7.11981446099998 -35.8641067729999,-7.11947548299997 -35.8640335219999,-7.11940279699996 -35.8638870199999,-7.11932102499998 -35.863621484,-7.11920290899997 -35.863383418,-7.11910296599996 -35.8631270399999,-7.11897576399997 -35.862834036,-7.11882130599997 -35.862193089,-7.11842153099997 -35.8615704549999,-7.11831250099993 -35.8608287879999,-7.11818529999994 -35.859665927,-7.11793089699995 -35.859263046,-7.11775826599995 -35.8589791979999,-7.11768557999994 -35.858759445,-7.11765832199995 -35.8585854739999,-7.11759472099993 -35.858145968,-7.11751294899994 -35.857559959,-7.11736757599994 -35.8571204529999,-7.11726763199994 -35.856653477,-7.11718585899996 -35.8565099919999,-7.11716760499996 -35.856296378,-7.11714042999995 -35.855957592,-7.11713134399997 -35.855850319,-7.11710357599998 -35.8557469949999,-7.11707682899993 -35.8554356779999,-7.11692236999994 -35.855106049,-7.11685876899998 -35.8547306369999,-7.11684059799995 -35.854538353,-7.11682242599994 -35.854437633,-7.11674973899994 -35.854291131,-7.11661345199997 -35.8541904099999,-7.11650442099995 -35.8540439079999,-7.11640447699995 -35.8538790929999,-7.11632270499996 -35.8537234349999,-7.11632270499996 -35.8534670559999,-7.11638630499993 -35.8532656159999,-7.11642264899996 -35.853091644,-7.11640447699995 -35.85289936,-7.11637721999995 -35.85269792,-7.11639539099997 -35.8524873229999,-7.11646807799997 -35.852340821,-7.11658619399998 -35.8520386599999,-7.11670430999993 -35.851791438,-7.11685876899998 -35.851663249,-7.11694962799993 -35.851480121,-7.11700414299997 -35.8511138659999,-7.11700414299997 -35.8509307379999,-7.11703139999997 -35.8508261219999,-7.11706216299996 -35.8505553259999,-7.11715860199996 -35.8502623219999,-7.11714951599993 -35.850070038,-7.11711317299995 -35.8499418489999,-7.11742209099998 -35.8498502849999,-7.11761289299994 -35.8496300849999,-7.11792176399996 -35.849474873,-7.11813078499995 -35.849337528,-7.11833067299995 -35.849136087,-7.11850330299995 -35.848971272,-7.11868501899994 -35.848714893,-7.11884856299997 -35.84849514,-7.11900302199996 -35.848485727,-7.11900726799996 -35.8482936999999,-7.11909387999998 -35.8480922589999,-7.11918473799994 -35.84786335,-7.11925742399995 -35.847680222,-7.11933919599994 -35.8474604689999,-7.11937553899998 -35.8472407159999,-7.11940279699996 -35.847085057,-7.11941188199995 -35.846920242,-7.11948456899995 -35.84667302,-7.11964811299993 -35.846416641,-7.11972988499997 -35.846114481,-7.11982074299993 -35.8459588219999,-7.11989342899994 -35.8457940069999,-7.11998428699997 -35.845601723,-7.12014783099994 -35.8454185959999,-7.12027503099995 -35.8453270319999,-7.12025685999993 -35.845244624,-7.12015691599993 -35.845061497,-7.11983891399996 -35.84495162,-7.11958451199996 -35.844841744,-7.11934828199998 -35.844741023,-7.11909387999998 -35.8446403029999,-7.11886673499993 -35.84452127,-7.11873953399993 -35.8444754879999,-7.11851238899993 -35.844502957,-7.11822164299997 -35.844484645,-7.11795815399995 -35.8444022369999,-7.11785820999995 -35.8441641709999,-7.11766740799993 -35.8438986359999,-7.11745843399996 -35.843742978,-7.11731306099995 -35.8436056319999,-7.11724037399995 -35.843477443,-7.11722220299993 -35.843303471,-7.11713134399997 -35.8431752819999,-7.11703139999997 -35.842828922,-7.11668686399997 -35.840110355,-7.12219884699994 -35.839990778,-7.12209131699996 -35.8398525179999,-7.12202828199997 -35.8396619439999,-7.12199120299994 -35.8393480559999,-7.12197266399994 -35.839049116,-7.12200974299998 -35.838821174,-7.12206165399994 -35.8385409169999,-7.12221367899997 -35.838301765,-7.12240649099994 -35.838174715,-7.12264379699997 -35.8380065609999,-7.12275874299996 -35.837887657,-7.12275516799997 -35.837883248,-7.12275503499995 -35.837748725,-7.12267346099998 -35.837395412,-7.12249605599993 -35.837128423,-7.12236199499995 -35.836795852,-7.12216176799996 -35.836571646,-7.12219884699994 -35.8363437039999,-7.12238424299994 -35.8359775019999,-7.12285514899997 -35.8359885039999,-7.12291974899995 -35.8360577409999,-7.12332626599994 -35.835970029,-7.12364493499996 -35.8359027669999,-7.12380437499996 -35.835805611,-7.12391931999997 -35.835674825,-7.12390448799994 -35.835409515,-7.12382291399996 -35.835286202,-7.12367459799998 -35.835174099,-7.12345953899995 -35.8349573679999,-7.12320369299994 -35.834882632,-7.12297009399992 -35.834807897,-7.12283660899993 -35.834658427,-7.12267716899993 -35.834452906,-7.12258076299997 -35.834124071,-7.12248435699996 -35.833769079,-7.12245840099996 -35.832625632,-7.12277357499994 -35.832352762,-7.12295709299997 -35.831829703,-7.12320369299994 -35.831650338,-7.12316661399996 -35.8311195049999,-7.12260243999998 -35.8309505619999,-7.12226314699996 -35.830805831,-7.12212097999998 -35.830686484,-7.12208944499997 -35.8303322319999,-7.12209093399997 -35.8301332149999,-7.12226558999993 -35.8299426409999,-7.12256963899995 -35.829684804,-7.12320369299994 -35.829389395,-7.12342303899993 -35.8290271349999,-7.12383032999998 -35.8287610909999,-7.12406741199993 -35.828360598,-7.12428312599997 -35.827751774,-7.12458020199995 -35.827569855,-7.12468860599995 -35.8274567889999,-7.12477718799994 -35.827332391,-7.12508366499998 -35.827317114,-7.12531855499998 -35.827474082,-7.12548709599997 -35.827762252,-7.12558920999993 -35.828656295,-7.12531494099994 -35.828812308,-7.12532772899993 -35.829171291,-7.12553167999994 -35.829509313,-7.12605643499995 -35.8294483399999,-7.12658363399993 -35.829357995,-7.12680865999994 -35.829139125,-7.12701614999997 -35.8290168739999,-7.12727343899996 -35.828963808,-7.12759443999994 -35.829132875,-7.12823933799996 -35.8290609869999,-7.12848257599995 -35.829127077,-7.12878910399996 -35.829176708,-7.12940266599998 -35.829128117,-7.12970531599996 -35.8290532849999,-7.12987142899993 -35.8289234539999,-7.12998601599998 -35.828562861,-7.13026767099996 -35.828333636,-7.13028281799996 -35.82819591,-7.13026075599993 -35.828062621,-7.13015873999996 -35.828018213,-7.13009459399996 -35.827843929,-7.12970401899997 -35.8277463539999,-7.12949846699996 -35.8274926239999,-7.12925722299997 -35.8273407459999,-7.12917111199994 -35.827065126,-7.12909950099993 -35.826863249,-7.12908699399998 -35.826643337,-7.12912498899993 -35.826478403,-7.12915348499996 -35.826249796,-7.12926941099994 -35.8260121289999,-7.12940371699995 -35.825856873,-7.12951461399996 -35.825747872,-7.12968936299995 -35.8255614679999,-7.12995620699996 -35.8254072789999,-7.13024117899994 -35.825307956,-7.13049832799993 -35.825040123,-7.13094891499998 -35.824894937,-7.13120634499995 -35.824694801,-7.13147785499996 -35.8244987739999,-7.13167145999995 -35.824303448,-7.13197958899997 -35.824208514,-7.13220464399996 -35.824109359,-7.13248927999996 -35.823895856,-7.13282500599996 -35.823431824,-7.13344171399996 -35.823258642,-7.13362143599994 -35.823085938,-7.13387903499995 -35.82293535,-7.13400364599994 -35.8227388989999,-7.13412853699998 -35.8225602319999,-7.13416169799996 -35.8223856459999,-7.13411237299994 -35.8219508609999,-7.13351490599996 -35.8216285039999,-7.13330156399996 -35.821315769,-7.13316146099993 -35.8209014359999,-7.13290745099994 -35.820698771,-7.13276667499997 -35.8203903429999,-7.13258073299994 -35.820224509,-7.13246263699995 -35.820022434,-7.13241805999996 -35.8197795309999,-7.13244703099997 -35.8196423639999,-7.13251658599995 -35.819317358,-7.13261935499997 -35.819134413,-7.13270293299996 -35.818937933,-7.13282324199997 -35.8187368389999,-7.13293899799993 -35.8185769089999,-7.13303617899993 -35.818366866,-7.13318863799998 -35.818161269,-7.13331816499993 -35.817873036,-7.13343445299995 -35.817621184,-7.13350012699993 -35.817373974,-7.13357493399997 -35.8172094569999,-7.13367214199997 -35.816898544,-7.13382979799997 -35.8166598089999,-7.13395012699993 -35.8163949199999,-7.13402613799997 -35.816280487,-7.13403222299996 -35.816131323,-7.13401423099998 -35.8159593189999,-7.13384780599995 -35.8156840299999,-7.13351862499997 -35.8155040849999,-7.13328257699993 -35.8154233939999,-7.13306011199995 -35.8152309559999,-7.13282819999995 -35.8149348969999,-7.13272457899996 -35.8146437729999,-7.13257161599995 -35.8144710719999,-7.13234463799995 -35.8143131749999,-7.13223114899995 -35.8142440939999,-7.13206338199996 -35.8143526489999,-7.13192522199995 -35.8145302839999,-7.13183640399996 -35.8148115399999,-7.13165383499995 -35.8150483859999,-7.13150087099996 -35.8151964159999,-7.13141698799996 -35.8153395109999,-7.13122454999996 -35.8153493789999,-7.13113079799996 -35.8152802989999,-7.13097783499995 -35.8149891749999,-7.13079526499996 -35.8147079189999,-7.13066203899996 -35.8144710719999,-7.13058802399996 -35.8141503419999,-7.13056828699996 -35.8138789559999,-7.13062749899996 -35.8136618459999,-7.13075085699995 -35.8133953939999,-7.13098770299996 -35.8131881529999,-7.13119494399996 -35.8131087319999,-7.13127436399998 -35.8130549259999,-7.13132816999996 -35.8128871599999,-7.13145152799996 -35.8127588679999,-7.13151567399996 -35.8125121529999,-7.13157981999996 -35.812364123,-7.13155514899995 -35.812186488,-7.13146139699995 -35.8121618169999,-7.13128376199995 -35.812186488,-7.13101237499995 -35.8121914229999,-7.13089395099996 -35.8122111599999,-7.13079526499996 -35.8121963569999,-7.13064723599996 -35.8121618169999,-7.13049920699996 -35.811944707,-7.13032157199996 -35.811722663,-7.13012419999995 -35.811643714,-7.12997616999996 -35.811559831,-7.12981333799996 -35.8115696999999,-7.12970971799996 -35.8117473349999,-7.12955675399996 -35.811929904,-7.12937911899996 -35.8121124739999,-7.12916694399996 -35.812235831,-7.12895970299996 -35.8123049119999,-7.12878700199997 -35.8123369849999,-7.12861923599996 -35.812346853,-7.12851561499997 -35.81233205,-7.12842679799996 -35.8122777729999,-7.12835278299997 -35.812186488,-7.12825656399997 -35.8121914229999,-7.12812087099996 -35.8121963569999,-7.12799257899997 -35.8122456999999,-7.12786675399997 -35.8121938899999,-7.12765211199996 -35.8121149409999,-7.12735111899997 -35.812139612,-7.12696624299997 -35.8121149409999,-7.12661097299997 -35.8119521089999,-7.12643827199997 -35.811641247,-7.12629024299997 -35.81139317,-7.12610795899997 -35.810910242,-7.12591369699993 -35.810607933,-7.12588776899997 -35.81041534,-7.12589352199996 -35.810205547,-7.12608720599997 -35.810011244,-7.12656482899996 -35.8098336379999,-7.12677206199993 -35.8096645059999,-7.12686471299997 -35.809459577,-7.12710417999995 -35.8091678179999,-7.12739456799994 -35.8088530699999,-7.12767593299998 -35.80862001,-7.12781478499994 -35.8084416209999,-7.12789374899995 -35.808084256,-7.12795547699994 -35.807791825,-7.12813591999998 -35.807692323,-7.12836558399994 -35.8074783879999,-7.12863259199997 -35.807310343,-7.12890390199993 -35.807178821,-7.12914750399995 -35.806947684,-7.12960244499993 -35.8067161289999,-7.12998867099998 -35.806444299,-7.13041006999993 -35.805580312,-7.13163687499997 -35.805289822,-7.13182147999993 -35.8050800509999,-7.13179201399993 -35.8041440499999,-7.13089304599993 -35.803840156,-7.13069790099996 -35.803558358,-7.13036518499996 -35.8034471719999,-7.13018261299993 -35.803331762,-7.13005962099993 -35.8032942629999,-7.12992699499995 -35.8032434519999,-7.12986774799998 -35.80311045,-7.12986855499997 -35.80303226,-7.12983237999993 -35.802902952,-7.12968656699996 -35.802796827,-7.12958184399997 -35.802635917,-7.12951868299996 -35.802433396,-7.12940080099997 -35.8022448849999,-7.12932406499993 -35.802116441,-7.12932026299995 -35.8020891739999,-7.12936165899993 -35.8017267459999,-7.12934553299993 -35.801543517,-7.12938329399998 -35.8012904079999,-7.12924281299996 -35.80113375,-7.12912465199997 -35.801026221,-7.12905872299996 -35.800926588,-7.12899763499996 -35.8007840229999,-7.12893436299993 -35.8007014149999,-7.12892570099996 -35.8005781689999,-7.12902265399993 -35.8005074129999,-7.12908525599994 -35.8003956919999,-7.12918410199995 -35.80023598,-7.12931792499995 -35.80008505,-7.12938755799996 -35.7999427349999,-7.12936551499996 -35.799800505,-7.12935721499997 -35.79960827,-7.12942251699997 -35.79940728,-7.12955658999994 -35.7991646799999,-7.12963594099995 -35.798683508,-7.12970299399996 -35.798326667,-7.12985175499995 -35.7980891249999,-7.13000895599993 -35.7978699839999,-7.13017520699998 -35.797414413,-7.13068189999996 -35.7971867099999,-7.13094898999998 -35.796875953,-7.13113411999996 -35.7965554109999,-7.13121852399996 -35.796206683,-7.13119314899996 -35.795838498,-7.13098464199993 -35.795322606,-7.13062126799997 -35.794907892,-7.13030309399994 -35.794465104,-7.12989346299997 -35.7941847119999,-7.12978025999996 -35.794014478,-7.12970377899995 -35.793446552,-7.12983548899996 -35.792760658,-7.13017864799997 -35.7923678999999,-7.13045589699993 -35.7921723219999,-7.13076319199996 -35.792042747,-7.13104569799998 -35.792013557,-7.13110202399997 -35.791995066,-7.13114008499997 -35.7919506219999,-7.13122806599995 -35.792027113,-7.13174070199995 -35.792087758,-7.13180951699997 -35.792581307,-7.13236955899993 -35.793300001,-7.13289663299997 -35.7937435699999,-7.13343453299996 -35.7938743779999,-7.13382772599994 -35.793610203,-7.13413168599993 -35.793247353,-7.13404683899995 -35.793090833,-7.13395158099996 -35.792984374,-7.13379188199997 -35.7928047,-7.13366011399995 -35.792519845,-7.13357937499995 -35.792322493,-7.13355766299998 -35.792052564,-7.13366924499996 -35.791847011,-7.13380792499993 -35.791681957,-7.13381808599996 -35.79155315,-7.13375472799993 -35.791314464,-7.13372410299996 -35.7909112799999,-7.13379525999994 -35.790623255,-7.13394818199993 -35.7904732929999,-7.13417814999997 -35.7905161799999,-7.13444360299997 -35.790812069,-7.13483121799993 -35.7910481399999,-7.13518712699994 -35.791045942,-7.13558112599998 -35.7907687279999,-7.13600427599994 -35.790398701,-7.13624931999993 -35.7901098689999,-7.13626939099993 -35.789879244,-7.13605546799994 -35.7897313829999,-7.13587540299994 -35.789537869,-7.13535202099996 -35.78936199,-7.13508966299997 -35.789154562,-7.13491911999995 -35.7889453679999,-7.13483563099993 -35.788704555,-7.13483250499996 -35.788583445,-7.13490424599996 -35.788500734,-7.13525750199994 -35.78840129,-7.13549861799993 -35.7882713399999,-7.13562538699995 -35.7879278459999,-7.13570763499996 -35.787764904,-7.13568800399997 -35.787633539,-7.13558113799996 -35.7872201939999,-7.13548971899996 -35.7870162519999,-7.13551614799997 -35.786362018,-7.13578810199994 -35.786153863,-7.13587640299994 -35.7857785539999,-7.13600694399997 -35.785613498,-7.13601710299997 -35.78542736,-7.13595408899994 -35.784985956,-7.13577350299994 -35.784631437,-7.13592911499995 -35.784366367,-7.13608647699994 -35.7841285659999,-7.13620244299995 -35.784181157,-7.13619297799994 -35.784039601,-7.13628086199998 -35.783794921,-7.13632032399994 -35.783541919,-7.13627470199998 -35.7833837979999,-7.13629398099994 -35.78332926,-7.13637677199995 -35.7830817789999,-7.13643533999993 -35.7827748,-7.13646257999994 -35.782516775,-7.13664738599994 -35.78234136,-7.13684085699998 -35.782124036,-7.13702479499995 -35.782490324,-7.13734289699994 -35.783001038,-7.13778723199994 -35.783094692,-7.13791761799996 -35.783199633,-7.13810795499995 -35.7832774939999,-7.13833664899994 -35.7834318289999,-7.13856488199997 -35.783596297,-7.13866210299994 -35.7837302259999,-7.13869188899997 -35.7838155219999,-7.13878081799993 -35.783887689,-7.13897135299993 -35.7839214869999,-7.13914029399996 -35.7840431139999,-7.13937963599994 -35.7844222699999,-7.13974590799995 -35.7846030269999,-7.13982912799997 -35.7848519,-7.13992338599996 -35.7850454159999,-7.14002164399994 -35.7851840979999,-7.14016390799998 -35.785212665,-7.14037107399997 -35.785202698,-7.14052936699994 -35.785138998,-7.14083530299996 -35.78513989,-7.14098261699996 -35.7851844159999,-7.14111875599997 -35.785277939,-7.14122731599997 -35.785431285,-7.14129186499997 -35.785605886,-7.14125807299996 -35.785791248,-7.14119693399994 -35.786047687,-7.14114627799995 -35.7863210099999,-7.14117736399993 -35.786523584,-7.14125252799994 -35.786825145,-7.14143621799997 -35.787110583,-7.14166365699998 -35.787402178,-7.14200563899993 -35.787814543,-7.14244510299994 -35.7879019759999,-7.14245003099995 -35.78805476,-7.14242182599997 -35.7881476229999,-7.14242126399995 -35.788273459,-7.14245324099994 -35.7883780729999,-7.14258901499994 -35.788439153,-7.14275233299998 -35.7884953659999,-7.14301389399998 -35.788485995,-7.14327039499994 -35.7884647079999,-7.14336327999996 -35.7884281579999,-7.14364177099998 -35.78833056,-7.14376239899997 -35.7881946589999,-7.14387234699996 -35.788009728,-7.14400441599997 -35.787961028,-7.14408109799996 -35.7878145,-7.14424021599996 -35.787624073,-7.14436686199997 -35.787575605,-7.14448173699998 -35.787570704,-7.14457452299996 -35.7874458269999,-7.14470077299995 -35.7872729119999,-7.14501282599997 -35.787301316,-7.14519271099994 -35.787427583,-7.14529561699993 -35.787564378,-7.14533298299995 -35.787652076,-7.14538155899993 -35.787723651,-7.14547388299997 -35.787713289,-7.14556670199994 -35.7875377249999,-7.14592299099996 -35.7873460709999,-7.14626732599993 -35.787276547,-7.14651327899998 -35.787271845,-7.14663880199993 -35.787190999,-7.14681934799995 -35.787038874,-7.14695667499996 -35.786908269,-7.14703930899998 -35.7866319949999,-7.14742291899995 -35.7865997819999,-7.14752080499994 -35.786530952,-7.14787640099996 -35.7863966369999,-7.14824823999993 -35.786201837,-7.14855496999996 -35.7861001319999,-7.14889933099994 -35.786027342,-7.14942455999994 -35.785899237,-7.15000271399998 -35.78579998,-7.15075082399994 -35.785845071,-7.15097971499995 -35.7860662479999,-7.15121967299996 -35.786770624,-7.15100034999995 -35.786861931,-7.15105481399996 -35.7870612209999,-7.15117368699993 -35.787429602,-7.15137350199996 -35.7876899239999,-7.15147584599993 -35.7880926879999,-7.15156844299997 -35.78826951,-7.15162692599995 -35.788642803,-7.15181699299995 -35.788724067,-7.15184191599997 -35.788912949,-7.15189984299997 -35.7894827109999,-7.15229947299997 -35.789924769,-7.15258701099998 -35.790347179,-7.15295252499993 -35.790641883,-7.15306461499995 -35.7910544699999,-7.15334240599998 -35.791609497,-7.15377614799996 -35.79178632,-7.15390285999996 -35.7925181699999,-7.15446331299995 -35.792930757,-7.15483857199996 -35.793171432,-7.15496528299997 -35.793485784,-7.15507737399997 -35.794055546,-7.15518946399993 -35.794723544,-7.15535028899995 -35.7951361299999,-7.15555010299994 -35.79544557,-7.15555497599996 -35.795710804,-7.15548674699994 -35.7960791849999,-7.15529180699997 -35.796200574,-7.15521212999994 -35.796398449,-7.15508224699994 -35.796712801,-7.15501889199993 -35.797110652,-7.15506762699994 -35.797245634,-7.15511437599997 -35.797631297,-7.15524794599997 -35.7980242369999,-7.15538440399996 -35.798210883,-7.15548187399997 -35.798661293,-7.15548985399994 -35.798760998,-7.15549162099995 -35.7991735849999,-7.15547212699994 -35.799753171,-7.15555984999997 -35.8002836389999,-7.15555984999997 -35.800597991,-7.15552086199995 -35.8007846369999,-7.15552086199995 -35.801079342,-7.15566706599998 -35.8016331499999,-7.15589771799995 -35.801875045,-7.15599846399994 -35.8023563959999,-7.15617390899996 -35.802837747,-7.15642732999993 -35.802975276,-7.15658328099994 -35.803228009,-7.15676351799993 -35.803289628,-7.15680746099997 -35.803908507,-7.15701214699993 -35.8042523299999,-7.15717784599997 -35.8045765049999,-7.15736303799997 -35.8049694439999,-7.15754822899993 -35.8051462669999,-7.15761645799995 -35.8054999129999,-7.15800633499993 -35.8057651469999,-7.15840595899994 -35.8059223229999,-7.15876659499997 -35.806158087,-7.15904925599995 -35.806551026,-7.15930267499994 -35.8068653779999,-7.15958533499997 -35.8072091999999,-7.15974128499994 -35.807523552,-7.15982900699993 -35.8078870209999,-7.16013116099998 -35.8089381349999,-7.16097913899995 -35.8092819569999,-7.16132027899994 -35.8097829549999,-7.16172964699996 -35.810185718,-7.16198306499996 -35.8104509519999,-7.16219749599998 -35.8106965389999,-7.16242167299993</coordinates></LinearRing></outerBoundaryIs></Polygon></MultiGeometry>
  </Placemark>
  <Placemark>
	<Style><LineStyle><color>ff0000ff</color></LineStyle><PolyStyle><fill>0</fill></PolyStyle></Style>
	<ExtendedData><SchemaData schemaUrl="#campus_uepbshp">
		<SimpleData name="fid">1</SimpleData>
		<SimpleData name="CD_MUN">2509701</SimpleData>
		<SimpleData name="NM_MUN">Monteiro</SimpleData>
		<SimpleData name="SIGLA_UF">PB</SimpleData>
		<SimpleData name="AREA_KM2">992.620000000000005</SimpleData>
		<SimpleData name="POP">33222</SimpleData>
		<SimpleData name="DENS">31.280000000000001</SimpleData>
		<SimpleData name="LAT">-7.907830000000000</SimpleData>
		<SimpleData name="LONG_GMS">-37º5'33&quot;</SimpleData>
		<SimpleData name="LAT_GMS">-7º54'28&quot;</SimpleData>
		<SimpleData name="LONG">-37.0925</SimpleData>
		<SimpleData name="MESO">Borborema</SimpleData>
		<SimpleData name="MICRO">Cariri Oci</SimpleData>
		<SimpleData name="GENTILICO">Monteirense</SimpleData>
		<SimpleData name="layer">NM_MUN_Monteiro</SimpleData>
		<SimpleData name="path">C:\Users\damas\OneDrive\2025_1\EAD\MAPAS\NM_MUN_Monteiro.gpkg|layername=NM_MUN_Monteiro</SimpleData>
	</SchemaData></ExtendedData>
      <MultiGeometry><Polygon><outerBoundaryIs><LinearRing><coordinates>-37.1396351659999,-8.02587208599994 -37.1492789489999,-8.02420841399993 -37.1495703419999,-8.02373817299997 -37.149653976,-8.02281470399993 -37.150337825,-8.01526376899994 -37.1517946079999,-8.00941482699994 -37.1520226119999,-8.00902539499998 -37.1550155809999,-8.00641221299998 -37.157703382,-8.00018944699997 -37.1589449169999,-7.99880116599996 -37.160418939,-7.99715291799993 -37.163198579,-7.99608122199993 -37.1677571939999,-7.99537248299993 -37.175308575,-7.99685816899995 -37.175309953,-7.99685843999993 -37.1761413519999,-7.99647515799995 -37.176996252,-7.99221716699998 -37.177683596,-7.99109390499996 -37.178392215,-7.99058601399997 -37.179980239,-7.98988088999994 -37.184149678,-7.99128868699995 -37.18415089,-7.99128909599995 -37.185353215,-7.99061208399996 -37.1854691999999,-7.99044473999993 -37.187514913,-7.98754545099996 -37.1882752569999,-7.98295884899994 -37.189560152,-7.98270949599993 -37.1905629359999,-7.98298033299994 -37.192755785,-7.98357273999994 -37.1933946079999,-7.98286672899997 -37.192589168,-7.97822853899993 -37.1925666449999,-7.97743497999994 -37.1923622049999,-7.97023182899994 -37.191572977,-7.96840250999998 -37.191712756,-7.96487670899995 -37.1926755879999,-7.96059818099997 -37.194201113,-7.95933020799993 -37.2007576359999,-7.95727496599994 -37.2027624679999,-7.95624339499994 -37.2035919809999,-7.95572696299996 -37.2050198589999,-7.95371022899997 -37.2056969289999,-7.95327957999996 -37.2066218309999,-7.95269129799993 -37.206900404,-7.95251411199996 -37.206925251,-7.95249830799997 -37.206948901,-7.95248326599994 -37.2071073779999,-7.95238246699995 -37.207393211,-7.95220066299993 -37.207460655,-7.95215782899993 -37.20791994,-7.95186613299995 -37.208078998,-7.95196396899996 -37.2114590849999,-7.95404674499997 -37.2128684629999,-7.95491518999995 -37.212871187,-7.95491686899993 -37.2142468489999,-7.95537625499998 -37.2153745529999,-7.95575283799997 -37.217277501,-7.95638830499996 -37.217279418,-7.95639014299996 -37.2208941069999,-7.95985543199993 -37.221437178,-7.96240896899997 -37.221516962,-7.96345213899997 -37.2211609739999,-7.96497324999996 -37.218394857,-7.97074069899998 -37.218835734,-7.97215557999994 -37.2195115389999,-7.97272801299994 -37.219588775,-7.97279343499997 -37.2212644909999,-7.97283772999998 -37.225665797,-7.97187490999994 -37.227451926,-7.97228696899998 -37.2287819119999,-7.97259379599996 -37.228783823,-7.97259423699995 -37.229686455,-7.97221863899995 -37.2298982409999,-7.96984970199998 -37.2307612499999,-7.96939711099998 -37.2350590959999,-7.97275029399998 -37.2373419369999,-7.97330682499995 -37.2411128059999,-7.97277784799996 -37.244584034,-7.97124030799995 -37.246983115,-7.96935632999993 -37.249982549,-7.96928253899995 -37.2556746029999,-7.97011052199997 -37.2579746869999,-7.97044511199994 -37.2635354609999,-7.96817732299996 -37.2655647779999,-7.96873351199997 -37.266751593,-7.96961543199996 -37.2672279129999,-7.96996938399997 -37.275727044,-7.97164791199998 -37.2774024629999,-7.97197879699996 -37.281724708,-7.97080107299996 -37.2840053199999,-7.97079386299993 -37.285003488,-7.97038960999993 -37.2917793469999,-7.96531085499993 -37.295575481,-7.96492095499997 -37.2983793929999,-7.96522912699993 -37.3008181279999,-7.96619712899997 -37.303336805,-7.97021232099996 -37.3060651399999,-7.97009207299993 -37.309390519,-7.96847403199996 -37.312426821,-7.96775845899998 -37.3169936809999,-7.96806522199995 -37.3205352049999,-7.96966995799994 -37.3271702989999,-7.97450387399994 -37.333755287,-7.97629147799995 -37.337148751,-7.97903377299997 -37.338528117,-7.97943710299995 -37.3397826299999,-7.97980392599993 -37.339784629,-7.97980451099994 -37.340288958,-7.97968327699994 -37.3405968229999,-7.97514421999995 -37.341284171,-7.97452884299997 -37.344815512,-7.97495965299993 -37.353924299,-7.97507675499998 -37.3558705569999,-7.97586492699998 -37.35683985,-7.97568356499994 -37.3573684629999,-7.97495598199993 -37.3571457269999,-7.97400307299995 -37.3561791989999,-7.97273044599996 -37.3520104359999,-7.96852227399995 -37.3512868779999,-7.96647027599994 -37.3511741359999,-7.96098785899994 -37.3501751429999,-7.95828766099993 -37.3479235029999,-7.95541154699993 -37.347665691,-7.95436179499995 -37.350302305,-7.94911560299994 -37.3502814829999,-7.94898652699993 -37.350271839,-7.94892674499994 -37.3502187239999,-7.94859748699997 -37.349903668,-7.94664445499996 -37.348592298,-7.94629879499996 -37.345451877,-7.94716811099994 -37.343453352,-7.94702085999995 -37.3398695879999,-7.94520729499993 -37.337229624,-7.94497539899993 -37.3347317389999,-7.94304643899994 -37.3347303969999,-7.94304673299996 -37.33250491,-7.94353403199995 -37.3303104129999,-7.94474198199993 -37.326338004,-7.94381865799994 -37.3229757989999,-7.94170795699995 -37.322059097,-7.94169696799997 -37.318979155,-7.94310010299995 -37.317624049,-7.94276996599996 -37.316589204,-7.94121881199993 -37.3155991149999,-7.93712279399995 -37.314702618,-7.93593397899997 -37.3122885189999,-7.93483180699997 -37.3122868569999,-7.93483180699997 -37.3106465559999,-7.93483113699995 -37.3089763629999,-7.93417624199998 -37.308066922,-7.93218358399997 -37.307887748,-7.93131685199995 -37.3078589529999,-7.92914357599994 -37.308054216,-7.92706056099996 -37.3084834909999,-7.92583932199994 -37.309113005,-7.92404842499997 -37.3109856689999,-7.92251016499995 -37.311400732,-7.92164890099997 -37.310622005,-7.91941204299997 -37.309646565,-7.91863805499997 -37.308092798,-7.91626723199994 -37.307984248,-7.91498634399994 -37.309335302,-7.91282437199993 -37.3098591049999,-7.91240500999993 -37.313259359,-7.91138563299995 -37.318118071,-7.91195420799994 -37.321809784,-7.91334566899997 -37.322768229,-7.91299858799994 -37.323120447,-7.91216263299998 -37.322172533,-7.91050203699996 -37.315704744,-7.90756142899994 -37.3107340679999,-7.90704852999994 -37.3080088,-7.90793921299996 -37.307278057,-7.90730763199997 -37.303651421,-7.90417572599995 -37.295727889,-7.90581259099997 -37.290733921,-7.90498602099996 -37.287394449,-7.90387646399995 -37.2861458909999,-7.90246509699995 -37.2823648949999,-7.89994048299997 -37.2771247809999,-7.89784794899998 -37.273977085,-7.89537294399997 -37.271729888,-7.89245495599994 -37.269893946,-7.89096039699996 -37.2635105959999,-7.88756772799996 -37.261790714,-7.88394684199994 -37.259529275,-7.88284417499995 -37.2543371629999,-7.88242618899994 -37.2541089179999,-7.88190348199993 -37.2540346649999,-7.88173343399995 -37.2540338379999,-7.88173153999998 -37.253383738,-7.88024273299993 -37.2523316539999,-7.87783333599998 -37.248951211,-7.87574315699993 -37.244648,-7.87490003299996 -37.244093514,-7.87384556199993 -37.246699753,-7.86941322699994 -37.246867795,-7.86817893599994 -37.246013513,-7.86581235799997 -37.2447267489999,-7.86402919199998 -37.2449255989999,-7.86158576399993 -37.2458368499999,-7.85885529499996 -37.247287242,-7.85691382899995 -37.2502020489999,-7.85489028699993 -37.250370018,-7.85365509799993 -37.249312249,-7.85206047299994 -37.2476192089999,-7.85084097199996 -37.247783474,-7.84775628699998 -37.2471502509999,-7.84680393499997 -37.2383399289999,-7.84393116899997 -37.229530983,-7.84408843999995 -37.227536061,-7.84469019599993 -37.225867665,-7.84467846099994 -37.222484612,-7.84283015799997 -37.222092905,-7.84225001799996 -37.2222045409999,-7.83866018599997 -37.2228136759999,-7.83620926499998 -37.224926426,-7.83272189799993 -37.226543933,-7.82847675099993 -37.2281548629999,-7.82151828999997 -37.228105426,-7.82115351499993 -37.231862748,-7.82075852399993 -37.240461415,-7.82309426399996 -37.24365613,-7.81900176699997 -37.2301771039999,-7.81310907099993 -37.230102937,-7.81279370699997 -37.230561764,-7.80674096799993 -37.223000655,-7.80406146699994 -37.222996784,-7.80406328599997 -37.2174160279999,-7.80668587899993 -37.197957773,-7.79891607099995 -37.191538539,-7.79116942499996 -37.1915367679999,-7.79116940499995 -37.1890325959999,-7.79114172599998 -37.187392545,-7.79073471599997 -37.183035259,-7.79071724299996 -37.17438297,-7.79972141899998 -37.1724860739999,-7.79998101099994 -37.17066807,-7.80022969999993 -37.170667083,-7.80022853599996 -37.1694540149999,-7.79879742299994 -37.169728167,-7.79788963099998 -37.1715894619999,-7.79653636299997 -37.1713661379999,-7.79517042599997 -37.168395603,-7.79512261799994 -37.168254131,-7.79512034099997 -37.163763059,-7.79583952799993 -37.159812303,-7.79321626399997 -37.158481261,-7.79233235099997 -37.157199255,-7.79058679799994 -37.151950733,-7.77984420299993 -37.148784618,-7.77997548099995 -37.138563791,-7.78167356799997 -37.134355355,-7.78124876599998 -37.1312093999999,-7.77801812899997 -37.128137544,-7.77439846699997 -37.124726618,-7.77590704199997 -37.1229641749999,-7.77879729499995 -37.1208951909999,-7.77694244199995 -37.1201365209999,-7.77626229099997 -37.1175831629999,-7.76991963799998 -37.1053879799999,-7.77065658599997 -37.0994105899999,-7.77089917999996 -37.096559864,-7.76973491899997 -37.095129538,-7.76675904399997 -37.094395376,-7.76331051499994 -37.0904795509999,-7.76094096899993 -37.0894349709999,-7.76195134199997 -37.087316995,-7.76399995999998 -37.086319209,-7.76548500999996 -37.082727943,-7.76395278699994 -37.082079322,-7.76349548699994 -37.081764446,-7.76340716399994 -37.081356222,-7.76313703499994 -37.081053547,-7.76295724299996 -37.0804900919999,-7.76287130699995 -37.0800071529999,-7.76299339999997 -37.0795379259999,-7.76318061099994 -37.079054229,-7.76322440899997 -37.078699473,-7.76307121499997 -37.0782642029999,-7.76270999099995 -37.0777486709999,-7.76216683399997 -37.0773640969999,-7.76163546799995 -37.0766335719999,-7.76050711299996 -37.0760382879999,-7.75983421499996 -37.075432817,-7.75946156799995 -37.0749617019999,-7.75945303799995 -37.074386298,-7.75948465799996 -37.0741627539999,-7.75936934999993 -37.073910653,-7.75900635999994 -37.073826368,-7.75840685599997 -37.072971443,-7.75794524399993 -37.072756833,-7.75739918999994 -37.072226723,-7.75669955499995 -37.0706184049999,-7.75544908499995 -37.070064896,-7.75487850699994 -37.0698783459999,-7.75468620399994 -37.069203327,-7.75388354599994 -37.0685178639999,-7.75335504299994 -37.068137328,-7.75324123199994 -37.06696327,-7.75330303899995 -37.0663195449999,-7.75333692599997 -37.0654924299999,-7.75304467799998 -37.0643786169999,-7.75287262299997 -37.0636945379999,-7.75248764999998 -37.0634628139999,-7.75241152999996 -37.063038255,-7.75227206499994 -37.061595236,-7.75188128899993 -37.060627967,-7.75198188099995 -37.0595374979999,-7.75186504199996 -37.0591741179999,-7.75182610699994 -37.057290845,-7.75055208099997 -37.056574725,-7.74955402099994 -37.05603977,-7.74834542299993 -37.0549297919999,-7.74720755599998 -37.05454001,-7.74612807399996 -37.054820461,-7.74535541799997 -37.0548163569999,-7.74492693799994 -37.054814961,-7.74478124499996 -37.054740785,-7.74475797899993 -37.054290019,-7.74461658899997 -37.053841076,-7.74419019699997 -37.0535845969999,-7.74398391699998 -37.053247722,-7.74371297599993 -37.051950888,-7.74355566699995 -37.050519728,-7.74303421299993 -37.049977462,-7.74242599299993 -37.0486210609999,-7.74151229799998 -37.0485413329999,-7.74142981599994 -37.047709235,-7.74056826899994 -37.045602383,-7.73916576499994 -37.04466926,-7.73873090399996 -37.0437816209999,-7.73757781699993 -37.042392358,-7.73595965799996 -37.041335776,-7.73492561999996 -37.040670797,-7.73456675099993 -37.0399811529999,-7.73419456999994 -37.039705017,-7.73313570099998 -37.039600908,-7.73273648499998 -37.039103048,-7.73129256299995 -37.0382905869999,-7.72978636399995 -37.037407585,-7.72911608199996 -37.0363316959999,-7.72879999699995 -37.035136574,-7.72832842499997 -37.034623741,-7.72805920899998 -37.0333489229999,-7.72738530699996 -37.032440841,-7.72690527199995 -37.031253353,-7.72585937099996 -37.030335032,-7.72422362799995 -37.0293449919999,-7.72192295699995 -37.0292128899999,-7.72131820599998 -37.0289893679999,-7.72029494199995 -37.027563702,-7.71896414299994 -37.02677083,-7.71813635599995 -37.026156003,-7.71689467099998 -37.013591436,-7.74941471699998 -36.9988478509999,-7.77222489199994 -36.9744230479999,-7.81000622899995 -36.960901454,-7.83091332799995 -36.9309934359999,-7.87143094999993 -36.9308143119999,-7.87389147699997 -36.928828556,-7.90145260899993 -36.9287764749999,-7.96116538499996 -36.925323012,-8.01231926199995 -36.9291069019999,-8.03692721199997 -36.9294153499999,-8.03708170399995 -36.929991469,-8.03791208699994 -36.930432077,-8.03871680099996 -36.9307611049999,-8.03917204499993 -36.931385093,-8.03935481899993 -36.9316298489999,-8.03948729599995 -36.9320699429999,-8.04023808199997 -36.9322902499999,-8.04064043599993 -36.9326229239999,-8.04147314299996 -36.9327904319999,-8.04201082499998 -36.932927768,-8.04222522299995 -36.9330388339999,-8.04252076599994 -36.933257323,-8.04273438599995 -36.9336131489999,-8.04316240299994 -36.933615752,-8.04343202199993 -36.933836845,-8.04391525899996 -36.9342470349999,-8.04436971799993 -36.9343305309999,-8.04461159599998 -36.9348463229999,-8.04479539699997 -36.935172237,-8.04492709199997 -36.935525202,-8.04505852599993 -36.9357158619999,-8.04519151799997 -36.935744996,-8.04540695199995 -36.9357305249999,-8.04546191999998 -36.935666709,-8.04570430999996 -36.9355876389999,-8.04592078299993 -36.9355905049999,-8.04621736299993 -36.935646951,-8.04645949899998 -36.9360282719999,-8.04672548199994 -36.937031507,-8.04695852799995 -36.938493308,-8.04705234599993 -36.939170626,-8.04715369499996 -36.9397119079999,-8.04717545899996 -36.940308855,-8.04735847099994 -36.9415550269999,-8.04753524099993 -36.9420432489999,-8.04766536799997 -36.94255774,-8.04771434899993 -36.943098236,-8.04765522299994 -36.943611421,-8.04756939399994 -36.944311636,-8.04733761399996 -36.94498736,-8.04717866199996 -36.9456623249999,-8.04703734699996 -36.946093832,-8.04689837499996 -36.946499855,-8.04692143099993 -36.94682577,-8.04705311299995 -36.9471269859999,-8.04742770799993 -36.9475679,-8.04825934299993 -36.9478433749999,-8.04876900399995 -36.9482026169999,-8.04954749599995 -36.948479139,-8.05016500099993 -36.9488149539999,-8.05044843299993 -36.948924932,-8.05046396899996 -36.94959991,-8.05055931999993 -36.949631531,-8.05056378699993 -36.9503358269999,-8.05073208199997 -36.950923212,-8.05092095699996 -36.9514179239999,-8.05161652099997 -36.951591102,-8.05211810399993 -36.9516512669999,-8.05229236299994 -36.9516589209999,-8.05231453099998 -36.951723892,-8.05297532999998 -36.9522216309999,-8.05398212099993 -36.95248026,-8.05448542199997 -36.9530096679999,-8.05473321099993 -36.954240921,-8.05489640999997 -36.954748544,-8.05491096299994 -36.955355262,-8.05508018799998 -36.956234647,-8.05518841699995 -36.9571532529999,-8.05531571799997 -36.957799005,-8.05548456099996 -36.95865944,-8.05565132799995 -36.959346118,-8.05601430699994 -36.9597787019999,-8.05634083499996 -36.9603922389999,-8.05721030999996 -36.960922124,-8.05750671399994 -36.9614111769999,-8.05761870399994 -36.9621368919999,-8.05798129899995 -36.962541911,-8.05848316899994 -36.9631330019999,-8.05905132499993 -36.963545886,-8.05935858299995 -36.964378473,-8.05967150299995 -36.965052651,-8.05975251399997 -36.9664047589999,-8.05932995599994 -36.9677185539999,-8.05891937099994 -36.968809393,-8.05869481099995 -36.971931911,-8.05765296299995 -36.973880128,-8.05728390299993 -36.9742757019999,-8.05720498999995 -36.976032688,-8.05685449199996 -36.976537924,-8.05662587499995 -36.977246844,-8.05626883499997 -36.978054293,-8.05600810199996 -36.978880687,-8.05568882499995 -36.979240784,-8.05558806099998 -36.979570751,-8.05540005099994 -36.979976118,-8.05493896599995 -36.980296611,-8.05478022699998 -36.980822212,-8.05463894799993 -36.981094866,-8.05457793899996 -36.981599618,-8.05430069099998 -36.981853615,-8.05420582999994 -36.982241362,-8.05406101699998 -36.982533245,-8.05397064099998 -36.9829009069999,-8.05364609199995 -36.9830737899999,-8.05336234299995 -36.983363578,-8.05305800399998 -36.98375104,-8.05276244199996 -36.984412676,-8.05256147899996 -36.984676997,-8.05264644599993 -36.9851570399999,-8.05283630699995 -36.985199667,-8.05288167199996 -36.985600813,-8.05330858699995 -36.9870600799999,-8.05383906899993 -36.988103891,-8.05379972999998 -36.988484045,-8.05374543899995 -36.988552505,-8.05373566199995 -36.988834781,-8.05369534899995 -36.989563764,-8.05339645799995 -36.990195547,-8.05313741899994 -36.9908785979999,-8.05313076599998 -36.9923526069999,-8.05317476299996 -36.992469033,-8.05310554399995 -36.9927015989999,-8.05293792899994 -36.993028786,-8.05246787399994 -36.993558691,-8.05177213599995 -36.993676313,-8.05166989299994 -36.994226349,-8.05119177299997 -36.9952161059999,-8.05061799599997 -36.995466753,-8.05030430899996 -36.9958148819999,-8.04997994599995 -36.996105991,-8.04981175899997 -36.996379685,-8.04985772299995 -36.996762431,-8.05007769599996 -36.997291096,-8.05019799999997 -36.9976231159999,-8.05027355499993 -36.997935458,-8.05028023399996 -36.9982172859999,-8.05016076899994 -36.9983942179999,-8.05007042799997 -36.9987027829999,-8.04991287499996 -36.999529894,-8.04967137299997 -36.999949569,-8.04967700399993 -37.0003994739999,-8.04977960199994 -37.000494271,-8.04982756399994 -37.0008898419999,-8.05002769899994 -37.001787356,-8.04999948399995 -37.0021365279999,-8.04978209599994 -37.0024836929999,-8.04936047699994 -37.00282004,-8.04889468999994 -37.002830283,-8.04888050499994 -37.003237521,-8.04861391899993 -37.00376252,-8.04841426599995 -37.0043741879999,-8.04809705099996 -37.0048680949999,-8.04771290299993 -37.005431164,-8.04741561399993 -37.0058980919999,-8.04726515899995 -37.006501241,-8.04707446699996 -37.006837138,-8.04704589599993 -37.0070180079999,-8.04703051199994 -37.007642394,-8.04701468299993 -37.008157393,-8.04693955199997 -37.0082855279999,-8.04692085999994 -37.0085489809999,-8.04691828399996 -37.008773403,-8.04691608999997 -37.008958987,-8.04693372699995 -37.0090277689999,-8.04698168599998 -37.0091258219999,-8.04702935799997 -37.0094388279999,-8.04710410699994 -37.009673295,-8.04713099199995 -37.009888056,-8.04713861799996 -37.0101129569999,-8.04718504899995 -37.010299076,-8.04722436599997 -37.010464993,-8.04725941499993 -37.0105813129999,-8.04726189999997 -37.010777328,-8.04726608599998 -37.0110504419999,-8.04725368799996 -37.0112454,-8.04723232799995 -37.01136249,-8.04723118199996 -37.0114893369999,-8.04722994099996 -37.0116554059999,-8.04724776899997 -37.0118210909999,-8.04722669499995 -37.012074594,-8.04720476199998 -37.012328001,-8.04717310399997 -37.012434758,-8.04711370199993 -37.01260006,-8.04705372699993 -37.0127169579999,-8.04703313099998 -37.012922056,-8.04705057599995 -37.0130784629999,-8.04707822299997 -37.013264621,-8.04715420999997 -37.0134205489999,-8.04713323199996 -37.013526731,-8.04701547799993 -37.013660939,-8.04677101099998 -37.013736986,-8.04656601699998 -37.013832739,-8.04638028299996 -37.013929451,-8.04629180099994 -37.014006744,-8.04621323499993 -37.0141041259999,-8.04619282999994 -37.014259957,-8.04616212599996 -37.014385558,-8.04603445599997 -37.0145117329999,-8.04596513799993 -37.0146181059999,-8.04586683499997 -37.014686121,-8.04583699099993 -37.014734812,-8.04582678799994 -37.014851134,-8.04574783999993 -37.0149378,-8.04563027799998 -37.0149951939999,-8.04551300299994 -37.015032595,-8.04534729199997 -37.015050576,-8.04519149799995 -37.015126526,-8.04497677999996 -37.015261117,-8.04477121299993 -37.0154152219999,-8.04456545599993 -37.015578605,-8.04431097699995 -37.015712236,-8.04400815799994 -37.01578857,-8.04383234099993 -37.015933875,-8.04372393099993 -37.016176946,-8.04363401599994 -37.016439148,-8.04350500899994 -37.016653138,-8.04343482999997 -37.016808968,-8.04340412599993 -37.0170907789999,-8.04328465299994 -37.017217145,-8.04323478499998 -37.0173733579999,-8.04324298099993 -37.0175393279999,-8.04325108099994 -37.0178313759999,-8.04318013799997 -37.0180550269999,-8.04310013899993 -37.018258875,-8.04299115499998 -37.0183848569999,-8.04290238599998 -37.0184909399999,-8.04277490699997 -37.0185972159999,-8.04266687899997 -37.018753428,-8.04267507499998 -37.018822304,-8.04273275699995 -37.0188524399999,-8.04281999599993 -37.018902281,-8.04292649499996 -37.019039746,-8.04301268299997 -37.019176348,-8.04301134399998 -37.019401054,-8.04303832099993 -37.019518525,-8.04307607399994 -37.019591514,-8.04309953099994 -37.0196653629999,-8.04312326499996 -37.019793072,-8.04320954799994 -37.019969374,-8.04327590299994 -37.0201453889999,-8.04331308199994 -37.0203212119999,-8.04333081099998 -37.020515974,-8.04328999799998 -37.0207786519999,-8.04320961399998 -37.021002782,-8.04317823899993 -37.021100162,-8.04315783199996 -37.021167503,-8.04305991199993 -37.021215522,-8.04298163199996 -37.0212634449999,-8.04289362799994 -37.021321412,-8.04283470299993 -37.021419081,-8.04284347199996 -37.021527562,-8.04295912099997 -37.021597207,-8.04309460299993 -37.021656806,-8.04320100499996 -37.0217063599999,-8.04327832799993 -37.021804317,-8.04331627199997 -37.021891556,-8.04325705999997 -37.021958801,-8.04314941399997 -37.021976588,-8.04297417099997 -37.021966063,-8.04289646599995 -37.021925978,-8.04278987199996 -37.021895746,-8.04269290799994 -37.02187508,-8.04257639799994 -37.0218740239999,-8.04246942199995 -37.021902048,-8.04234270799998 -37.0219167659999,-8.04230957499993 -37.021949779,-8.04223525399993 -37.0220469669999,-8.04219539699994 -37.022183664,-8.04220378199994 -37.022238595,-8.04223191399996 -37.022370011,-8.04229921599995 -37.0224977189999,-8.04238549799993 -37.0226752689999,-8.04257827799995 -37.022882379,-8.04279994599995 -37.023059066,-8.04290519899996 -37.0232063839999,-8.04300101499996 -37.0234803549999,-8.04307613599997 -37.023666319,-8.04313266799994 -37.02386204,-8.04318910399996 -37.023998929,-8.04321693899993 -37.0241950339999,-8.04331227499995 -37.024498373,-8.04339683299997 -37.024752925,-8.04348186999994 -37.024947685,-8.04344105499996 -37.0250936589999,-8.04340071799993 -37.0252493909999,-8.04336028599994 -37.0255316769999,-8.04328943299993 -37.0257164879999,-8.04322926299994 -37.02591144,-8.04320789799993 -37.0260676509999,-8.04321609099998 -37.0262721679999,-8.04317517899995 -37.0264953349999,-8.04304655099997 -37.0266991789999,-8.04293756399994 -37.026844575,-8.04283887599996 -37.0269505589999,-8.04270167199996 -37.0270463049999,-8.04251593799995 -37.0271127789999,-8.04233049199996 -37.027150078,-8.04215505799993 -37.027177716,-8.04198944499996 -37.027156964,-8.04191278199994 -37.027106821,-8.04172753899996 -37.0270174689999,-8.04157279999993 -37.026947728,-8.04142759499996 -37.0269080269999,-8.04135990199995 -37.026945998,-8.04125254399997 -37.026984258,-8.04117435999996 -37.0271103319999,-8.04109531499995 -37.027275915,-8.04106451199993 -37.02738334,-8.04107318299998 -37.0275498839999,-8.04113962999998 -37.0277170049999,-8.04126442699993 -37.027747814,-8.04141974099997 -37.0277193109999,-8.04149782799993 -37.027691481,-8.04164399099994 -37.027672928,-8.04174143299997 -37.0276835499999,-8.04182886299998 -37.027723732,-8.04194517999997 -37.027802462,-8.04201248899994 -37.027826697,-8.04204011399997 -37.027861678,-8.04207998999993 -37.028027934,-8.04211726099993 -37.028222421,-8.04211535099995 -37.028291377,-8.04211467399995 -37.028427881,-8.04210360799993 -37.0285349219999,-8.04207337899993 -37.0286129789999,-8.04207261199997 -37.0287401099999,-8.04210054199996 -37.0289744739999,-8.04211769199998 -37.0291305879999,-8.04211615899993 -37.029316262,-8.04214351299993 -37.029520874,-8.04211232499995 -37.029657378,-8.04210125799995 -37.029803639,-8.04209009599998 -37.029969029,-8.04203984099996 -37.030144465,-8.04201866599993 -37.030251697,-8.04200788599996 -37.030290533,-8.04198805299995 -37.030309567,-8.04193923599996 -37.0303873349999,-8.04190929399994 -37.030465584,-8.04192797699994 -37.030534654,-8.04200510599998 -37.0305653679999,-8.04215069399993 -37.030605935,-8.04230591099997 -37.030656356,-8.04247075599994 -37.0306960469999,-8.04258564899993 -37.03071663,-8.04264523099994 -37.030825883,-8.04283867699996 -37.0308471289999,-8.04301353499994 -37.030838815,-8.04315950599994 -37.0308308849999,-8.04334437699993 -37.030871357,-8.04348986799994 -37.030901206,-8.04354792999993 -37.031048429,-8.04363401699993 -37.0312045429999,-8.04363248299995 -37.03142915,-8.04364972699994 -37.03161521,-8.04371597999994 -37.031928593,-8.04382960999993 -37.03226101,-8.04389442399997 -37.0324371199999,-8.04394132199997 -37.0326225059999,-8.04393949899998 -37.032739206,-8.04389944799993 -37.0328846969999,-8.04381048399995 -37.0330692159999,-8.04372113699998 -37.033244748,-8.04370968499995 -37.0334989149999,-8.04375581499994 -37.03373376,-8.04382158699997 -37.033988408,-8.04391634099994 -37.034263341,-8.04408870299994 -37.03436149,-8.04414609299994 -37.0344982829999,-8.04416419899997 -37.0345861929999,-8.04417305999993 -37.0347236599999,-8.04425924099996 -37.034929619,-8.04436419999996 -37.035037718,-8.04444094299993 -37.035234498,-8.04460434799995 -37.0353915749999,-8.04470006099996 -37.035558024,-8.04475677799996 -37.0357732589999,-8.04481301599998 -37.035920001,-8.04485047499998 -37.036066551,-8.04486848499994 -37.036262079,-8.04490546399995 -37.0364086279999,-8.04492347299993 -37.036555274,-8.04495120699994 -37.036682406,-8.04497913299997 -37.03682857,-8.04495824299994 -37.036886631,-8.04490904199997 -37.036944402,-8.04483066599994 -37.0369728059999,-8.04474285399994 -37.037030482,-8.04465475299997 -37.0370396609999,-8.04459630699995 -37.037067968,-8.04449876999996 -37.037096372,-8.04441095799996 -37.037134726,-8.04434249899998 -37.037173465,-8.04431293999994 -37.037251619,-8.04432189599993 -37.037329868,-8.04434057799995 -37.0374351139999,-8.04440699299994 -37.0374967989999,-8.04444591899994 -37.037679249,-8.04449475099995 -37.037782872,-8.04448254599993 -37.037886831,-8.04448368099997 -37.038024235,-8.04448518099997 -37.038099325,-8.04447234999998 -37.0381798339999,-8.04445859299994 -37.0383103959999,-8.04444227399995 -37.0384909329999,-8.04439539499998 -37.0387616149999,-8.04431254899993 -37.038952256,-8.04427058199997 -37.039077741,-8.04424930099998 -37.0392634039999,-8.04421239299995 -37.0393996889999,-8.04426617499996 -37.039550807,-8.04429475399996 -37.039666435,-8.04429361499996 -37.039812973,-8.04436733999995 -37.039850869,-8.04437894799997 -37.0400348709999,-8.04443531199996 -37.0404466649999,-8.04438615399994 -37.0406772269999,-8.04431372499994 -37.041053978,-8.04427994499997 -37.041275229,-8.04428277599993 -37.041370301,-8.04423673799994 -37.041480505,-8.04419556299996 -37.0416006629999,-8.04414426599993 -37.04184098,-8.04404167299998 -37.042015395,-8.04388460599995 -37.0422942399999,-8.04361125199995 -37.042388317,-8.04346499899998 -37.042487571,-8.04333372899993 -37.042511614,-8.04322324499998 -37.0426263959999,-8.04313692299996 -37.042716788,-8.04312600899993 -37.0427867229999,-8.04308021899993 -37.0428666129999,-8.04302430799993 -37.043057252,-8.04298233899993 -37.0431118069999,-8.04290663299997 -37.0433661599999,-8.04269866599998 -37.043526288,-8.04262191899994 -37.0438051309999,-8.04234856399995 -37.043990444,-8.04227658099995 -37.044146638,-8.04231011899998 -37.0442369799999,-8.04229419499995 -37.044367689,-8.04229290599994 -37.044497553,-8.04220643499997 -37.0446676839999,-8.04212457799997 -37.044807851,-8.04206306199995 -37.0450286029999,-8.04201578399994 -37.045123724,-8.04197475699993 -37.0452281519999,-8.04185846899998 -37.0453082399999,-8.04182260099998 -37.045593501,-8.04168949599995 -37.045693549,-8.04163839799998 -37.045829633,-8.04167213399995 -37.045955464,-8.04168592699995 -37.046060837,-8.04166484299998 -37.046150632,-8.04159379999993 -37.046240078,-8.04148768299996 -37.0462895539999,-8.04140701499995 -37.046302746,-8.04121645899994 -37.0463164839999,-8.04108102099997 -37.046460533,-8.04090420899996 -37.046559835,-8.04077794899996 -37.046659484,-8.04068676499998 -37.046622503,-8.04050672599993 -37.0465892139999,-8.04009657699993 -37.0468472219999,-8.03940091899995 -37.047040427,-8.03884892399998 -37.047444863,-8.03844887199995 -37.0476871289999,-8.03839147299993 -37.048028619,-8.03832209499996 -37.048588116,-8.03797552099996 -37.048803829,-8.03746731199993 -37.0488782479999,-8.03718053199998 -37.0490976739999,-8.03704634599995 -37.049474785,-8.03722965599997 -37.049719126,-8.03738126999997 -37.049895061,-8.03731352299997 -37.050234691,-8.03705713199997 -37.0505098469999,-8.03697740499996 -37.0509708819999,-8.03671981499997 -37.051257184,-8.03665097899994 -37.051721933,-8.03676741099997 -37.0519086849999,-8.03667755399994 -37.052137616,-8.03638924899997 -37.052607936,-8.03595553899993 -37.053248179,-8.03596021999994 -37.053945793,-8.03618436799997 -37.0542351559999,-8.03642354699997 -37.0545122779999,-8.03654182899993 -37.054865674,-8.03656034199997 -37.055516844,-8.03655390899996 -37.0560491259999,-8.03680168799997 -37.056425142,-8.03687498399995 -37.0569010359999,-8.03700230099997 -37.057190072,-8.03720847599993 -37.05749943,-8.03723842299996 -37.0581263359999,-8.03701219199996 -37.058574135,-8.03653469399995 -37.058745796,-8.03603792299998 -37.059447109,-8.03552491399995 -37.060196704,-8.03501845299996 -37.060370991,-8.03491079899993 -37.06056632,-8.03478175199996 -37.0607333419999,-8.03447819999997 -37.060920353,-8.03404733499997 -37.0612269449999,-8.03388540799995 -37.061561581,-8.03387150499998 -37.0617531249999,-8.03389609299995 -37.0619874389999,-8.03394673999998 -37.062231958,-8.03395491399993 -37.0624017219999,-8.03392675199996 -37.062682326,-8.03382334299994 -37.062893699,-8.03370472899996 -37.0633474809999,-8.03338245099997 -37.063514184,-8.03304712299996 -37.0637100769999,-8.03244138699995 -37.0638253349999,-8.03227605599994 -37.063999988,-8.03220547399997 -37.064296795,-8.03212838699994 -37.064382177,-8.03216461699998 -37.0645687759999,-8.03222632799998 -37.0647972479999,-8.03222406699996 -37.0650363459999,-8.03222169999998 -37.0653972809999,-8.03218105299993 -37.065657105,-8.03212551599995 -37.0658110319999,-8.03210810299993 -37.065933924,-8.03217573999996 -37.065993584,-8.03229696799997 -37.066219223,-8.03254366799996 -37.0664754219999,-8.03265765299994 -37.066666754,-8.03266105499995 -37.066996811,-8.03272134399998 -37.067172995,-8.03280434199996 -37.067471859,-8.03293379299993 -37.067632895,-8.03309638799993 -37.0677107659999,-8.03344518199998 -37.067857235,-8.03374562899995 -37.0679397,-8.03387867099997 -37.0680138559999,-8.03399830599994 -37.068169526,-8.03415565699993 -37.0683316189999,-8.03442416999997 -37.068367618,-8.03483693599998 -37.0683659499999,-8.03520240599994 -37.0684963219999,-8.03548712199995 -37.068689134,-8.03563880799993 -37.06877589,-8.03581273099996 -37.068973963,-8.03595906799995 -37.0690446739999,-8.03612255699994 -37.0691361099999,-8.03623287499994 -37.0692540599999,-8.03633763499994 -37.069484357,-8.03646515399993 -37.069526572,-8.03648852999993 -37.069596068,-8.03653021199995 -37.0697733109999,-8.03671912699997 -37.069795991,-8.03686190599996 -37.069781161,-8.03697327799995 -37.0698137809999,-8.03704710399995 -37.0698515559999,-8.03710498999993 -37.0699207869999,-8.03712019299996 -37.070042835,-8.03710309399997 -37.070149102,-8.03710203999998 -37.070213708,-8.03718614199994 -37.07025254,-8.03734994699994 -37.07033861,-8.03745502199996 -37.07041342,-8.03749665099997 -37.0704091109999,-8.03759732599997 -37.070346726,-8.03773565199998 -37.0702639859999,-8.03796421899995 -37.070265677,-8.03813368799996 -37.0703197619999,-8.03822848699997 -37.0705013149999,-8.03831672599995 -37.070694181,-8.03847370499994 -37.070776155,-8.03870063899996 -37.070942085,-8.03882080999995 -37.0710452599999,-8.03904223699993 -37.071118569,-8.03916441399997 -37.0712506049999,-8.03938446699993 -37.071650958,-8.03956586899994 -37.07187597,-8.03974901099997 -37.072132333,-8.03987887699998 -37.0722918399999,-8.03988788699996 -37.072658884,-8.03992661599995 -37.0727513809999,-8.04014284999994 -37.072753286,-8.04033350199995 -37.072920328,-8.04056488599997 -37.0730221279999,-8.04064861799998 -37.0731235059999,-8.04068998299994 -37.0731620179999,-8.04069210299997 -37.073368079,-8.04070344399997 -37.073426737,-8.04072404699997 -37.0736190769999,-8.04082806599996 -37.073923473,-8.04097863899995 -37.0740938709999,-8.04101402199996 -37.074099925,-8.04108811199995 -37.0740578419999,-8.04113090099997 -37.073946844,-8.04119026299998 -37.0739325449999,-8.04135459399993 -37.074066702,-8.04148567199996 -37.0742531459999,-8.04153148799998 -37.074487834,-8.04161919599994 -37.074520826,-8.04173009199997 -37.074532935,-8.04187827099997 -37.074518902,-8.04206908099997 -37.0745843559999,-8.04223791599998 -37.0747226629999,-8.04225243099995 -37.0749094249999,-8.04233002199993 -37.0749956569999,-8.04245098299998 -37.0751233359999,-8.04246560299993 -37.075362438,-8.04246322799997 -37.075543145,-8.04246672899995 -37.075639845,-8.04257169599992 -37.075609024,-8.04267792999997 -37.075509606,-8.04283251299995 -37.0756382929999,-8.04294775499994 -37.0758250019999,-8.04302004999994 -37.075958154,-8.04305050499994 -37.0760118709999,-8.04310823099996 -37.0761151029999,-8.04333494999997 -37.0763120679999,-8.04337006699996 -37.0765518059999,-8.04343124099995 -37.076670978,-8.04365780099994 -37.0768425429999,-8.04380969099998 -37.076980691,-8.04380831799995 -37.077267454,-8.04378957799997 -37.077729822,-8.04379557399994 -37.0779207859999,-8.04376189699997 -37.078121368,-8.04362749299997 -37.0783489949999,-8.04354048799996 -37.078620453,-8.04358545599996 -37.0786753359999,-8.04375968999994 -37.078868367,-8.04393255099995 -37.078970646,-8.04406394299997 -37.079035838,-8.04420629599997 -37.0791100659999,-8.04418966899993 -37.0793441719999,-8.04421911899993 -37.0794565479999,-8.04429744599997 -37.0796647769999,-8.04439600599994 -37.07981477,-8.04451632999996 -37.0801878189999,-8.04462384199996 -37.080417196,-8.04471159799994 -37.080640993,-8.04477292799993 -37.080917765,-8.04481784099994 -37.0810996399999,-8.04493784699997 -37.0811434199999,-8.04506452399994 -37.0812554249999,-8.04510577999997 -37.081516204,-8.04514555499998 -37.0818365979999,-8.04530125699995 -37.081952374,-8.04545369799996 -37.081973999,-8.04549055799993 -37.0820539379999,-8.04551359499993 -37.082130929,-8.04550753299998 -37.082206722,-8.04564713099995 -37.0822818519999,-8.04572053199996 -37.082377891,-8.04575929899994 -37.0825271959999,-8.04581077599994 -37.0826679199999,-8.04580142999993 -37.082769113,-8.04582425599995 -37.0828934429999,-8.04603487199995 -37.083026622,-8.04606797199995 -37.08314078,-8.04605888999993 -37.0833346909999,-8.04605431099998 -37.083419705,-8.04605346499994 -37.083486308,-8.04607133799993 -37.083531896,-8.04611325499997 -37.083527459,-8.04620068899993 -37.0836236559999,-8.04625534199994 -37.08370604,-8.04625716999993 -37.083823332,-8.04629572399995 -37.083924259,-8.04629207099993 -37.0840103859999,-8.04632255599995 -37.084247663,-8.04630892499995 -37.084432894,-8.04651666599995 -37.0844964689999,-8.04654307599998 -37.0845783349999,-8.04658958599993 -37.084665558,-8.04671942699997 -37.084724363,-8.04672109499995 -37.0848238409999,-8.04672010399997 -37.084952846,-8.04673233999995 -37.085068172,-8.04673344499997 -37.0851822779999,-8.04683822799996 -37.0852504879999,-8.04687585899995 -37.085369906,-8.04683410399997 -37.085435607,-8.04684697099998 -37.0856264459999,-8.04693746799995 -37.0857533929999,-8.04697000699997 -37.085819139,-8.04698738099995 -37.085884726,-8.04698897999998 -37.086002788,-8.04703738299997 -37.086055127,-8.04707066599997 -37.086152344,-8.04706969699993 -37.086222657,-8.04709153199997 -37.086295298,-8.04712010499998 -37.0865021669999,-8.04723072399997 -37.086577431,-8.04729532799996 -37.086618533,-8.04733548399997 -37.086661648,-8.04735082899998 -37.086715999,-8.04735930199996 -37.08679834,-8.04745313199993 -37.086841997,-8.04752255899996 -37.0869079239999,-8.04755795999995 -37.086994628,-8.04763597199997 -37.08703772,-8.04764906399993 -37.0871129619999,-8.04771141499998 -37.08718592,-8.04777153499998 -37.08729478,-8.04780425299998 -37.087374272,-8.04783951899998 -37.0874748809999,-8.04795119599993 -37.087552451,-8.04802028399996 -37.087591248,-8.04805595499994 -37.087653151,-8.04814097499997 -37.0877669179999,-8.04821195599993 -37.0878802999999,-8.04824462899995 -37.0880344,-8.04827914999993 -37.088161484,-8.04832520899993 -37.088253434,-8.04847528299996 -37.088360961,-8.04860041299997 -37.0883746169999,-8.04860929099993 -37.0884112209999,-8.04865174399993 -37.088443189,-8.04868297599995 -37.088497789,-8.04871623599996 -37.088541198,-8.04876087499997 -37.088607306,-8.04881430199993 -37.0886345499999,-8.04882529799994 -37.088657294,-8.04883859299997 -37.088675381,-8.04883841199995 -37.0887116229999,-8.04884481199997 -37.088730298,-8.04890321899995 -37.088751483,-8.04898639099997 -37.0887885619999,-8.04907616599996 -37.0888366739999,-8.04913878699995 -37.0888641889999,-8.04917682299993 -37.088957653,-8.04925251399993 -37.089037372,-8.04931031199993 -37.0890604329999,-8.04935515399995 -37.089070133,-8.04942041199996 -37.089152429,-8.04950973499996 -37.089191475,-8.04957019299997 -37.08922358,-8.04961494399993 -37.089261262,-8.04970846499998 -37.089263058,-8.04970970499994 -37.0908515629999,-8.05099147699997 -37.0919088269999,-8.05144458999996 -37.093268165,-8.05189770299995 -37.0955337299999,-8.05212425999997 -37.099234152,-8.05121803399993 -37.101952829,-8.05038732699995 -37.1037652799999,-8.04970765699994 -37.105462072,-8.04875579899993 -37.105579711,-8.04868980599997 -37.1068615519999,-8.04797072499997 -37.108674003,-8.04683794299996 -37.109731267,-8.04555412299993 -37.111392681,-8.04359063299995 -37.111619237,-8.04260888899995 -37.1124499439999,-8.04215577599996 -37.113733764,-8.04185370099998 -37.115168621,-8.04185370099998 -37.1161503659999,-8.04200473799995 -37.118793524,-8.04238233199993 -37.119926307,-8.04260888899995 -37.121512202,-8.04268440799996 -37.1227960219999,-8.04200473799995 -37.1238532849999,-8.04102299399995 -37.1258167739999,-8.03936157999993 -37.126571962,-8.03830431599994 -37.126647481,-8.03762464699997 -37.1279313009999,-8.03626530899993 -37.1284599329999,-8.03588771399995 -37.129668234,-8.03535908299995 -37.130423422,-8.03460389499998 -37.1310275719999,-8.03399974399997 -37.1311030909999,-8.03271592399994 -37.130649978,-8.03075243499995 -37.129819271,-8.02992172799998 -37.129215121,-8.02886446499997 -37.1285354509999,-8.02659889999995 -37.1396351659999,-8.02587208599994</coordinates></LinearRing></outerBoundaryIs></Polygon></MultiGeometry>
  </Placemark>
  <Placemark>
	<Style><LineStyle><color>ff0000ff</color></LineStyle><PolyStyle><fill>0</fill></PolyStyle></Style>
	<ExtendedData><SchemaData schemaUrl="#campus_uepbshp">
		<SimpleData name="fid">1</SimpleData>
		<SimpleData name="CD_MUN">2510808</SimpleData>
		<SimpleData name="NM_MUN">Patos</SimpleData>
		<SimpleData name="SIGLA_UF">PB</SimpleData>
		<SimpleData name="AREA_KM2">472.891999999999996</SimpleData>
		<SimpleData name="POP">107605</SimpleData>
		<SimpleData name="DENS">212.819999999999993</SimpleData>
		<SimpleData name="LAT">-6.994980000000000</SimpleData>
		<SimpleData name="LONG_GMS">-37º19'4&quot;</SimpleData>
		<SimpleData name="LAT_GMS">-6º59'42&quot;</SimpleData>
		<SimpleData name="LONG">-37.31791</SimpleData>
		<SimpleData name="MESO">Sertão Par</SimpleData>
		<SimpleData name="MICRO">Patos</SimpleData>
		<SimpleData name="GENTILICO">Patoense</SimpleData>
		<SimpleData name="layer">NM_MUN_Patos</SimpleData>
		<SimpleData name="path">C:\Users\damas\OneDrive\2025_1\EAD\MAPAS\NM_MUN_Patos.gpkg|layername=NM_MUN_Patos</SimpleData>
	</SchemaData></ExtendedData>
      <MultiGeometry><Polygon><outerBoundaryIs><LinearRing><coordinates>-37.2857929579999,-6.91478632999997 -37.282532693,-6.91366057199997 -37.279910306,-6.91323841199994 -37.2771461679999,-6.91323841199994 -37.2753742849999,-6.91281625099998 -37.272539272,-6.91281625099998 -37.2712688939999,-6.91333810299994 -37.270483887,-6.91366057199997 -37.2680241149999,-6.91305009999996 -37.267648874,-6.91295697199996 -37.265947866,-6.91295697199996 -37.2647429859999,-6.91281625099998 -37.262971103,-6.91316805199995 -37.2616953469999,-6.91359021199997 -37.26156961,-6.91363514799997 -37.259923463,-6.91422345099994 -37.2580807049999,-6.91373093199996 -37.2577041169999,-6.91357252099994 -37.255989883,-6.91285143099998 -37.254529986,-6.91297745599996 -37.2527296179999,-6.91313287199995 -37.249859167,-6.91221818999998 -37.247165904,-6.91077580399997 -37.2442600159999,-6.91000183899996 -37.2426653209999,-6.90982593799993 -37.240622156,-6.90964361699997 -37.239511369,-6.90954449599997 -37.238572655,-6.90980934999993 -37.236144791,-6.91049436299994 -37.2339476559999,-6.91017773999994 -37.2321403349999,-6.91038882199996 -37.227285375,-6.90919269299997 -37.2232809189999,-6.91024810099998 -37.2199143409999,-6.91038882199996 -37.216795826,-6.90940377399994 -37.215236569,-6.90891124999996 -37.2132166219999,-6.90831318399995 -37.212491025,-6.90520003099994 -37.20962192,-6.90677510599994 -37.206203165,-6.90812395799998 -37.203559695,-6.90761986599995 -37.199167496,-6.90831796299994 -37.1966046439999,-6.91070762799995 -37.1965500169999,-6.91075856299994 -37.1952920429999,-6.91274762499995 -37.195211972,-6.91302316299993 -37.194779801,-6.91451033499993 -37.1959855539999,-6.91656556699996 -37.197622193,-6.91760602599993 -37.200265739,-6.91811012099993 -37.2007164469999,-6.91933686099998 -37.200368877,-6.91982343399997 -37.1977315419999,-6.92002256399996 -37.1924012059999,-6.91910262799996 -37.18764844,-6.91883685799996 -37.184306572,-6.91895421199996 -37.180930389,-6.92017073399995 -37.1792278459999,-6.92163625099994 -37.178650564,-6.92311611099996 -37.178453583,-6.92362106899998 -37.178478766,-6.92647796699993 -37.1811247379999,-6.92724586399993 -37.188063095,-6.93092086999997 -37.188430141,-6.93113154399992 -37.1921283889999,-6.93325423999994 -37.19319159,-6.93386448899997 -37.1943476119999,-6.93526081699997 -37.193528869,-6.93545972599998 -37.191197775,-6.93602605399997 -37.1909679029999,-6.93608189999998 -37.187401735,-6.93571782299995 -37.185023894,-6.93543113699997 -37.182085522,-6.93642409099994 -37.181192484,-6.93739889299997 -37.180299261,-6.93837389499993 -37.1793016,-6.93996509799996 -37.1778602049999,-6.94112066099996 -37.174894603,-6.94282432699993 -37.1740525399999,-6.94330807199998 -37.17377957,-6.94572213899994 -37.1739996589999,-6.94596254099997 -37.1741843799999,-6.94604742199994 -37.1743269149999,-6.94625703299994 -37.1746869209999,-6.94658367699998 -37.1748837059999,-6.94680902999994 -37.1750418039999,-6.94694280699997 -37.175260231,-6.94716796799997 -37.1755837979999,-6.94765713799995 -37.175826878,-6.94822271399994 -37.175828837,-6.94844437799998 -37.1759079299999,-6.94882216099995 -37.175980178,-6.94903779799995 -37.176083934,-6.94914501899996 -37.176253763,-6.94938142199993 -37.176385863,-6.94963437799993 -37.176409608,-6.94987207099996 -37.1763960059999,-6.95016956799998 -37.176424254,-6.95030448999995 -37.1765688479999,-6.95074657599997 -37.176587088,-6.95097350299994 -37.176674852,-6.95110789999995 -37.1768553119999,-6.95132257999995 -37.1770785309999,-6.95147740799996 -37.17715514,-6.95157405499998 -37.177145036,-6.95165524699996 -37.177099455,-6.95193918399997 -37.177093752,-6.95197470399995 -37.1770474969999,-6.95225086299996 -37.1769910419999,-6.95259739999995 -37.1769823729999,-6.95284078499998 -37.177048687,-6.95299699799995 -37.1772895739999,-6.95331387499994 -37.177612433,-6.95372194299995 -37.1779271029999,-6.95442745999998 -37.178124851,-6.95476093699995 -37.178426644,-6.95523407199994 -37.178552763,-6.95542219699996 -37.1786029899999,-6.95559477199993 -37.1787118239999,-6.95566409899993 -37.178805671,-6.95587413599998 -37.1790702709999,-6.95650988999995 -37.179161451,-6.95665789499998 -37.1792063249999,-6.95673073499995 -37.1793703829999,-6.95708532699996 -37.1794090999999,-6.95744857099993 -37.1794205269999,-6.95755577899996 -37.1794390049999,-6.95791165899993 -37.179394965,-6.95813026799993 -37.1793063769999,-6.95851006499993 -37.179256133,-6.95889335199996 -37.1792634239999,-6.95928378599996 -37.179297295,-6.95964718699997 -37.179360628,-6.95987633099998 -37.1794384369999,-6.96000963799997 -37.1797687279999,-6.96053120799996 -37.1798433179999,-6.96073345399998 -37.1799788989999,-6.96090070499997 -37.180025653,-6.96098834499998 -37.1801742549999,-6.96132775899997 -37.1803233319999,-6.96172076599993 -37.1805026179999,-6.96206373599995 -37.1805817389999,-6.96217496399993 -37.180941033,-6.96268005699994 -37.181076242,-6.96280519799996 -37.1811084189999,-6.96297719099994 -37.1811643629999,-6.96323702799998 -37.18114016,-6.96353202999995 -37.18108761,-6.96365500399997 -37.1809863089999,-6.96389709099998 -37.18088124,-6.96410869299996 -37.180854563,-6.96416241899993 -37.1806762319999,-6.96435924699995 -37.180505631,-6.96456366399997 -37.180312246,-6.96479125299993 -37.1801298459999,-6.96496131799995 -37.1799664989999,-6.96511972999997 -37.179925307,-6.96522728999997 -37.1799499919999,-6.96541849199997 -37.179950875,-6.96551802299996 -37.1799133439999,-6.96560640899997 -37.1798144809999,-6.96569150999994 -37.1796313679999,-6.96578118499997 -37.1794751049999,-6.96587445099993 -37.179387838,-6.96597093399993 -37.1789808299999,-6.96673639399995 -37.178844199,-6.96688308399996 -37.178670342,-6.96715261299994 -37.1784824169999,-6.96756391799994 -37.1782387219999,-6.96816713899995 -37.1781746789999,-6.96829021599996 -37.1780194,-6.96849449699994 -37.17779567,-6.96875681099993 -37.177716335,-6.96888385199998 -37.1776831449999,-6.96902962599995 -37.1776440579999,-6.96937453099997 -37.1775805579999,-6.96955885799997 -37.177506345,-6.96983133299995 -37.1774382529999,-6.97019958399994 -37.1773893499999,-6.97046405999993 -37.177303745,-6.97074812199997 -37.177245332,-6.97107405599996 -37.177188815,-6.97118175199995 -37.1770525219999,-6.97136672399995 -37.1769234499999,-6.97150186199997 -37.176797564,-6.97156423199993 -37.176602681,-6.97162338499993 -37.1765684379999,-6.97165048699998 -37.176362776,-6.97179013199997 -37.1762142749999,-6.97189481499993 -37.1759967789999,-6.97199627999993 -37.175901214,-6.97201715099993 -37.175832342,-6.97203219199997 -37.175675161,-6.97202209799997 -37.175633924,-6.97201551299997 -37.175107292,-6.97193141599996 -37.174957875,-6.97193273799996 -37.174824088,-6.97196837899997 -37.174702134,-6.97204219899993 -37.1746338849999,-6.97212319999994 -37.1743476509999,-6.97331005599995 -37.1743192439999,-6.97342784499995 -37.174009321,-6.97471292899996 -37.173194764,-6.97791306599993 -37.1731727609999,-6.97802428599994 -37.173196666,-6.97812744199996 -37.173207385,-6.97847190799996 -37.173116657,-6.97861053499997 -37.1729734799999,-6.97888362399993 -37.172872922,-6.97920993199995 -37.172769552,-6.97965111999997 -37.172647943,-6.98019583699994 -37.1727182719999,-6.98078096699993 -37.1728180709999,-6.98166445399994 -37.172856962,-6.98172919299998 -37.172985433,-6.98195776199998 -37.173137131,-6.98221292399995 -37.173265119,-6.98242568799998 -37.1733043579999,-6.98249091799994 -37.1734401529999,-6.98268113699993 -37.173350037,-6.98288867199994 -37.1731809459999,-6.98314417399996 -37.18103524,-6.98763275699997 -37.1958922539999,-6.99609249699995 -37.2051741129999,-7.00135962899998 -37.20611575,-7.00189397499997 -37.207412285,-7.00267453299995 -37.208836348,-7.00415125899997 -37.2148726739999,-7.01062770199997 -37.216551793,-7.01206221099994 -37.219038589,-7.01364438599995 -37.2217379319999,-7.01535312799996 -37.225691301,-7.01773691899996 -37.228130274,-7.01923996599993 -37.227933669,-7.01956166999997 -37.227891159,-7.01990974399996 -37.227954923,-7.02041603099997 -37.2280329339999,-7.02078767299997 -37.228114333,-7.02117546199997 -37.2281887249999,-7.02162900999997 -37.228294998,-7.02211420099997 -37.2283906439999,-7.02238843899994 -37.228433153,-7.02268377199994 -37.228422526,-7.02287362899995 -37.228278743,-7.02325633599997 -37.2281887249999,-7.02349593699995 -37.2279761779999,-7.02411824499995 -37.22768924,-7.02498314499996 -37.2273597929999,-7.02598516199993 -37.2270409719999,-7.02672348799996 -37.226679643,-7.02736688599992 -37.2262332949999,-7.02814739999997 -37.2258294559999,-7.02856929999996 -37.225553146,-7.02883298599994 -37.225244953,-7.02898065099993 -37.225021779,-7.02924433699997 -37.2248623689999,-7.02947638099994 -37.224756096,-7.02978225699997 -37.224745468,-7.03018305999996 -37.2247986049999,-7.03061550499996 -37.2248517419999,-7.03135382399995 -37.224904878,-7.03174407799997 -37.2248729959999,-7.03199721599998 -37.2247986049999,-7.03216597399995 -37.224809232,-7.03232418499994 -37.2248729959999,-7.03266170099994 -37.2249155059999,-7.03279881699996 -37.224968642,-7.03307304899994 -37.2249898969999,-7.03343165899997 -37.2250536609999,-7.03363205899996 -37.22509617,-7.03388519599997 -37.225021779,-7.03420161599996 -37.2249898969999,-7.03446529999997 -37.2249898969999,-7.03467624599995 -37.2249261329999,-7.03482390899995 -37.22477735,-7.03507704499998 -37.2245966849999,-7.03533018099995 -37.2243947659999,-7.03569933699993 -37.224277865,-7.03598411399997 -37.224203474,-7.03624779699993 -37.224214101,-7.03651147899996 -37.22429912,-7.03711267399996 -37.224362884,-7.03775605799996 -37.224362884,-7.03842053499994 -37.224362884,-7.03896899199998 -37.2244585299999,-7.03911665299995 -37.224681704,-7.03921157799994 -37.2249261329999,-7.03927486099997 -37.225149307,-7.03936978699994 -37.2253405989999,-7.03948580599996 -37.225510636,-7.03957018399996 -37.225521264,-7.03971784499993 -37.2253937359999,-7.04000261999994 -37.225234326,-7.04019246999997 -37.2250536609999,-7.04047724399993 -37.224883624,-7.04067764099995 -37.2247879779999,-7.04081475399994 -37.2247242139999,-7.04102569799994 -37.224564803,-7.04126828399995 -37.224554176,-7.04142649099998 -37.2245116669999,-7.04157415199995 -37.2244479029999,-7.04206986899993 -37.224543549,-7.04214369899995 -37.224766723,-7.04235464199996 -37.2249367599999,-7.04252339699997 -37.2254043629999,-7.04258667999994 -37.225691301,-7.04262886799995 -37.22609514,-7.04246011399994 -37.226520233,-7.04233354799993 -37.2269134439999,-7.04233354799993 -37.2274448109999,-7.04250230299994 -37.227933669,-7.04251284999998 -37.228348135,-7.04252339699997 -37.2287944829999,-7.04269215099993 -37.228783855,-7.04334607399994 -37.2288688739999,-7.04407382599993 -37.228900756,-7.04426367399998 -37.228985775,-7.04451680499994 -37.229113303,-7.04492814199995 -37.229240831,-7.04508634899997 -37.229453377,-7.04531838499997 -37.229719061,-7.04558206199994 -37.22992098,-7.04583519199997 -37.230017013,-7.04613271699998 -37.230059136,-7.04637309299994 -37.230133527,-7.04673169299997 -37.230229228,-7.04684597099993 -37.2286457,-7.04834011699995 -37.224883624,-7.05180480099995 -37.224501039,-7.05212648299994 -37.223544579,-7.05305461299997 -37.223066349,-7.05340266099995 -37.222790039,-7.05351867699994 -37.2223702589999,-7.05362941899995 -37.220866491,-7.05408293599993 -37.220255419,-7.05429914699994 -37.2197718749999,-7.05439934299994 -37.218900434,-7.05449953799996 -37.2173541569999,-7.05465774099997 -37.2135495709999,-7.05492141299993 -37.213331711,-7.05496887399994 -37.213076655,-7.05504270199998 -37.21209894,-7.05557004499997 -37.211089343,-7.05611848199993 -37.209851258,-7.05674074499996 -37.209628084,-7.05673019799997 -37.209096718,-7.05664582399993 -37.208480332,-7.05650871499995 -37.2074282259999,-7.05631359799997 -37.2070137599999,-7.05621340299996 -37.2061210639999,-7.05586008399996 -37.205371837,-7.05553313099995 -37.204952057,-7.05541184299994 -37.204553532,-7.05543820999998 -37.2037511679999,-7.05552785799995 -37.203453603,-7.05565969399993 -37.201907326,-7.05630305199998 -37.201588506,-7.05634523899994 -37.2013068809999,-7.05627668399995 -37.200871161,-7.05616066899995 -37.20049389,-7.05608156799997 -37.1999200139999,-7.05602355999997 -37.1995586849999,-7.05603937999996 -37.1987403799999,-7.05620285699996 -37.1971781619999,-7.05651926199994 -37.195950705,-7.05677238599998 -37.195376828,-7.05695695499998 -37.194085607,-7.05755285099997 -37.192358665,-7.05833858799997 -37.1920876679999,-7.05839132199998 -37.191869808,-7.05836495499994 -37.1908017609999,-7.05810128499996 -37.190605155,-7.05809073799998 -37.190318217,-7.05815401899997 -37.1897549679999,-7.05843350899994 -37.1889884359999,-7.05882517499998 -37.21551966,-7.07666264499994 -37.2239677219999,-7.08234244499994 -37.232106917,-7.08781458799996 -37.24523214,-7.11004355299997 -37.2869228009999,-7.07701666099996 -37.287360387,-7.07683329799994 -37.287788991,-7.07665278999997 -37.2881911389999,-7.07648219899994 -37.305415105,-7.06922422999997 -37.3056348769999,-7.06911164399997 -37.3059289359999,-7.06917847599993 -37.306156163,-7.06926535699995 -37.306283143,-7.06927203999993 -37.306376707,-7.06945248499994 -37.306603934,-7.06949926699997 -37.3066841309999,-7.06946585099996 -37.306797745,-7.06946585099996 -37.306897992,-7.06932550499994 -37.306984873,-7.06928540599995 -37.3070517049999,-7.06935892099995 -37.3073457629999,-7.06935223799996 -37.307559624,-7.06921189099995 -37.307646505,-7.06915842599994 -37.307760118,-7.06916510899993 -37.3080274439999,-7.06901139699994 -37.3080675429999,-7.06880421899996 -37.308134375,-7.06857699199998 -37.308274721,-7.06815595399996 -37.3083415519999,-7.06788194499995 -37.308401701,-7.06770149999994 -37.3085086309999,-7.06758788599996 -37.308662343,-7.06749432199996 -37.308789323,-7.06744753999993 -37.308943036,-7.06743417399997 -37.3090766989999,-7.06740744099994 -37.309196995,-7.06740744099994 -37.309424222,-7.06746758999998 -37.309638083,-7.06746090699994 -37.3097583799999,-7.06741412499997 -37.309905409,-7.06744085699995 -37.3100591209999,-7.06752773799997 -37.310146002,-7.06763466799993 -37.3102395669999,-7.06770818299998 -37.3104066449999,-7.06774828199997 -37.310466794,-7.06772823199998 -37.310640555,-7.06748095599994 -37.31084105,-7.06732055999993 -37.31094798,-7.06732724399996 -37.3111083759999,-7.06742080799995 -37.3112353559999,-7.06741412499997 -37.3113088699999,-7.06752105499993 -37.311409117,-7.06775496499995 -37.3117165419999,-7.06834976499994 -37.312170996,-7.06876412099996 -37.312665549,-7.06902476299996 -37.313073221,-7.06927203999993 -37.3133004489999,-7.06938565299993 -37.313881882,-7.06953936599996 -37.314122476,-7.06963292999995 -37.314309604,-7.06968639499996 -37.3145902959999,-7.06978664199994 -37.314837573,-7.06991362199994 -37.315011335,-7.07012748299996 -37.31529871,-7.07044159099996 -37.315445739,-7.07072896599993 -37.3155860849999,-7.07099629199996 -37.3157197479999,-7.07163119099994 -37.315799946,-7.07206559599996 -37.315840045,-7.07219257599996 -37.3158667779999,-7.07240643599994 -37.315946975,-7.07256014899997 -37.316180886,-7.07276064299998 -37.316321232,-7.07300123699997 -37.316388063,-7.07318168199993 -37.316428162,-7.07342895799997 -37.316561825,-7.07365618499995 -37.316735587,-7.07380321499994 -37.316929398,-7.07393019399996 -37.3169494479999,-7.07402375799995 -37.316922715,-7.07412400599998 -37.3168826159999,-7.07421756999997 -37.316909349,-7.07433118299997 -37.316929398,-7.07447821299996 -37.3170095959999,-7.07459182599996 -37.317163308,-7.07467202399994 -37.317296971,-7.07477895399995 -37.3176511779999,-7.07497276599997 -37.31782494,-7.07502623099998 -37.318112315,-7.07501286399997 -37.318326176,-7.07502623099998 -37.318753898,-7.07517325999993 -37.3191615699999,-7.07535370499994 -37.319462312,-7.07547400199996 -37.319816518,-7.07552078399993 -37.319963548,-7.07566112999996 -37.32011726,-7.07570791199993 -37.3202709719999,-7.07584157499997 -37.3203645369999,-7.07599528699996 -37.320524932,-7.07622919699998 -37.320618496,-7.07634949399994 -37.3206251789999,-7.07650320699997 -37.3207187429999,-7.07674379999997 -37.320892505,-7.07697770999994 -37.3210061189999,-7.07715815499995 -37.321032851,-7.07755246099993 -37.321079633,-7.07778637099995 -37.321086317,-7.07804701399994 -37.321039535,-7.07824082499997 -37.3211197319999,-7.07840790399996 -37.321179881,-7.07870864599994 -37.321126415,-7.07892250599997 -37.3210996829999,-7.07924329699995 -37.3211197319999,-7.07967101899993 -37.32121998,-7.07992497899994 -37.321240029,-7.08035269999993 -37.321206613,-7.08049972899994 -37.321146465,-7.08072695599998 -37.321039535,-7.08099428199995 -37.321039535,-7.08141532099995 -37.321032851,-7.08170269599998 -37.3210061189999,-7.08199675499998 -37.320905872,-7.08262497099997 -37.3209392869999,-7.08295244499993 -37.3207855749999,-7.08338684999995 -37.320598447,-7.08376778899998 -37.320484833,-7.08397496699996 -37.3203110709999,-7.08410862999995 -37.320190775,-7.08422892599998 -37.320003647,-7.08432248999998 -37.3197162709999,-7.08428907499996 -37.319529143,-7.08437595599997 -37.319215035,-7.08440937099994 -37.3189610749999,-7.08448288599993 -37.3185600859999,-7.08455640099993 -37.3183194929999,-7.08452298499998 -37.318105632,-7.08462991499994 -37.317811574,-7.08469006399997 -37.317363803,-7.08462323199996 -37.317296971,-7.08459649899993 -37.317076427,-7.08457644999993 -37.3167890519999,-7.08457644999993 -37.316588558,-7.08461654899997 -37.3163613309999,-7.08474352899998 -37.3161608359999,-7.08487050899993 -37.315960342,-7.08501085499995 -37.3157197479999,-7.08512446799995 -37.3155326199999,-7.08511110199993 -37.3153855909999,-7.08519129999996 -37.315271977,-7.08521803199994 -37.315211829,-7.08515788399995 -37.3149445029999,-7.08514451799994 -37.314897721,-7.08509773599997 -37.314804157,-7.08497075599996 -37.3145902959999,-7.08489724099996 -37.314516784,-7.08482617899995 -37.3143898019999,-7.08470342999993 -37.31421604,-7.08471011299997 -37.313868516,-7.08495070599997 -37.313661339,-7.08491729099995 -37.313567774,-7.08498412199998 -37.313514309,-7.08515788399995 -37.313313815,-7.08534501199995 -37.3132403,-7.08561902099996 -37.313293765,-7.08621382099994 -37.313327181,-7.08643436499995 -37.31347421,-7.08658139499994 -37.313520992,-7.08673510699998 -37.313514309,-7.08690886899996 -37.313554408,-7.08730317499993 -37.313627923,-7.08769079699994 -37.313754903,-7.08775094599997 -37.313848467,-7.08787124199995 -37.313895249,-7.08800490499993 -37.313868516,-7.08839252799993 -37.3138350999999,-7.08867990299996 -37.314015545,-7.08888708099994 -37.314135842,-7.08896059499995 -37.314249456,-7.08897396199995 -37.3144432669999,-7.08898064499994 -37.3145902959999,-7.08890712999994 -37.314750692,-7.08888708099994 -37.314911087,-7.08890712999994 -37.315011335,-7.08885366499993 -37.315211829,-7.08885366499993 -37.315409889,-7.08889699099996 -37.315566036,-7.08890712999994 -37.3156996989999,-7.08886034799997 -37.3158667779999,-7.08891381299998 -37.316000441,-7.08904079299998 -37.316174202,-7.08907420899993 -37.316301182,-7.08919450599996 -37.316428162,-7.08940836599993 -37.3163813799999,-7.08961554399997 -37.316354647,-7.08990291899994 -37.316408113,-7.09002321599996 -37.3164348449999,-7.09012346299994 -37.3163813799999,-7.09043088799996 -37.316394746,-7.09073162999994 -37.316421479,-7.09086529299998 -37.3164002669999,-7.09093317199995 -37.316388063,-7.09097222299994 -37.3163412809999,-7.09117940099998 -37.3161073709999,-7.09144672699995 -37.315980391,-7.09164053799998 -37.315873461,-7.09174746799994 -37.315799946,-7.09178088399995 -37.315706382,-7.09188113099998 -37.315579402,-7.09197469499998 -37.3154591059999,-7.09210835799996 -37.315392274,-7.09219523899998 -37.3152586109999,-7.09229548699994 -37.3152586109999,-7.09235563499993 -37.31517173,-7.09242246599996 -37.3150180179999,-7.09256281299997 -37.314931137,-7.09258954499995 -37.3148509389999,-7.09266974299993 -37.314730642,-7.09272320799994 -37.3145969789999,-7.09282345499997 -37.314383119,-7.09293038599998 -37.3143414689999,-7.09296033199996 -37.313754903,-7.09334474099995 -37.313587824,-7.09335142399993 -37.313534359,-7.09345835399995 -37.31349426,-7.09356528499995 -37.313427428,-7.09363879899996 -37.3134140619999,-7.09376577899997 -37.313480894,-7.09390612499993 -37.313527676,-7.09409993699995 -37.3136011899999,-7.09428038199997 -37.3137281699999,-7.09431379699993 -37.313774952,-7.09444077699993 -37.313881882,-7.09467468699995 -37.314115793,-7.09488854799997 -37.3143898019999,-7.09528285399995 -37.314650445,-7.09561701099994 -37.314737325,-7.09585092199995 -37.314844256,-7.09608483199997 -37.3149445029999,-7.09633210799996 -37.3148843549999,-7.09654596899998 -37.3149779189999,-7.09686675999995 -37.3150180179999,-7.09702047299993 -37.3151650469999,-7.09730116499998 -37.3153120759999,-7.09764200499995 -37.3154056399999,-7.09792938099997 -37.3153855909999,-7.09821007299996 -37.3153655409999,-7.09843729999994 -37.315278661,-7.09855759699997 -37.315278661,-7.09877145799993 -37.315265294,-7.09891848699993 -37.3151650469999,-7.09899868499997 -37.3151650469999,-7.09913234799996 -37.31519178,-7.09927937699996 -37.315372225,-7.09941972299993 -37.3155727189999,-7.09962021699994 -37.3157531639999,-7.09975387999998 -37.315799946,-7.09986081099993 -37.315946975,-7.10000115699995 -37.316134104,-7.10015486899994 -37.316241034,-7.10018828499994 -37.3165284089999,-7.10019496799993 -37.3166420229999,-7.10030858199997 -37.3169694969999,-7.10035536399994 -37.3170831109999,-7.10031526499995 -37.317129893,-7.10036204699998 -37.3172100899999,-7.10038877899996 -37.317317021,-7.10040882899995 -37.3174306339999,-7.10039546299993 -37.3175442479999,-7.10044224499995 -37.31769796,-7.10049570999996 -37.3177647919999,-7.10055585799995 -37.317804891,-7.10063605599993 -37.3178717219999,-7.10071625399996 -37.3180388009999,-7.10072961999998 -37.318145731,-7.10066947199994 -37.3182994439999,-7.10062937299995 -37.3184130569999,-7.10071625399996 -37.318606868,-7.10082986699996 -37.3186870659999,-7.10082986699996 -37.318773947,-7.10091674799997 -37.3187939969999,-7.10102367899998 -37.318747215,-7.10112392599996 -37.318773947,-7.10119743999996 -37.3188875609999,-7.10126427199998 -37.319027907,-7.10149818199994 -37.3191682529999,-7.10161847899997 -37.319415529,-7.10183902299997 -37.319602658,-7.10193258699996 -37.3197229539999,-7.10205288299994 -37.3197229539999,-7.10212639799994 -37.319689539,-7.10229347699993 -37.319796469,-7.10237367499997 -37.3199568639999,-7.10239372399997 -37.3200905269999,-7.10251402099993 -37.3202308739999,-7.10274793099995 -37.320284339,-7.10286154399995 -37.320424685,-7.10289495999996 -37.3205115659999,-7.10297515799994 -37.320591764,-7.10304198899996 -37.320705377,-7.10306872199993 -37.320812308,-7.10308208799995 -37.320905872,-7.10316228599993 -37.321012802,-7.10323580099993 -37.321012802,-7.10333604799996 -37.321113049,-7.10343629499994 -37.321122858,-7.10347833399993 -37.3211598309999,-7.10363678999994 -37.321206613,-7.10402441199994 -37.321179881,-7.10412465999997 -37.3211932469999,-7.10419817399998 -37.3212868109999,-7.10426500599993 -37.321313544,-7.10436525299997 -37.321333593,-7.10455906399994 -37.32121998,-7.10481302399995 -37.320992753,-7.10498010299995 -37.320905872,-7.10498010299995 -37.3208173049999,-7.10496186799998 -37.3206786449999,-7.10493331999993 -37.3205850799999,-7.10501351799996 -37.320524932,-7.10512044899997 -37.320451417,-7.10520064599996 -37.3204915159999,-7.10528084399994 -37.320524932,-7.10540114099996 -37.3205115659999,-7.10554816999996 -37.3204781499999,-7.10574866499996 -37.320551665,-7.10588901099993 -37.3205850799999,-7.10604940599995 -37.320665278,-7.10611623799997 -37.320765525,-7.10634346499995 -37.3209727029999,-7.10653059299995 -37.321078233,-7.10657079499993 -37.321113049,-7.10658405799995 -37.3213402759999,-7.10679123599994 -37.321387058,-7.10696499799997 -37.3214583179999,-7.10715502399995 -37.3214672559999,-7.10717885799994 -37.321554137,-7.10737266999996 -37.3216209679999,-7.10741945199993 -37.321734582,-7.10741276899995 -37.32181478,-7.10757316399997 -37.321995225,-7.10785385599996 -37.322122205,-7.10802093499996 -37.3221890359999,-7.10817464799993 -37.3222625509999,-7.10839519099994 -37.3222825999999,-7.10854222099994 -37.322255868,-7.10871598299997 -37.322309333,-7.10885632899993 -37.322342749,-7.10903009099997 -37.322382847,-7.10915038699994 -37.32266354,-7.10951795999995 -37.3227771529999,-7.10973182099997 -37.3228707169999,-7.11002587999997 -37.322950915,-7.11030657199996 -37.3229108159999,-7.11058058099997 -37.3228774,-7.11068751099998 -37.322917499,-7.11084122399996 -37.3229108159999,-7.11100830299995 -37.3228774,-7.11116869799997 -37.3228774,-7.11127562799993 -37.322864034,-7.11140929099997 -37.3229108159999,-7.11150953899994 -37.323011063,-7.11156968699993 -37.3232583399999,-7.11158305299995 -37.323438785,-7.11166993399996 -37.3235523979999,-7.11177018099994 -37.323913288,-7.11196399299996 -37.3240670009999,-7.11197067599994 -37.3241806139999,-7.11194394299997 -37.324300911,-7.11201077499993 -37.324481356,-7.11213775499994 -37.324561554,-7.11215112099995 -37.324628385,-7.11219121999994 -37.324721949,-7.11220458599996 -37.3247237849999,-7.11220516999998 -37.324868979,-7.11225136799993 -37.3248814889999,-7.11231704699998 -37.324895711,-7.11239171399995 -37.325016008,-7.11251201099998 -37.325263284,-7.11263899099993 -37.325336799,-7.11281943599994 -37.325477145,-7.11292636599995 -37.325938282,-7.11338081999997 -37.3260786289999,-7.11341423599993 -37.326232341,-7.11351448299996 -37.326713528,-7.11360804699996 -37.326893973,-7.11367487899997 -37.327107833,-7.11371497799996 -37.3274419909999,-7.11376175999993 -37.327615753,-7.11383527399994 -37.3278162469999,-7.11408923399995 -37.3284177309999,-7.11471744999994 -37.3285848089999,-7.11504492399996 -37.3285513939999,-7.11513848799996 -37.328491245,-7.11525878499998 -37.32854471,-7.11539244799997 -37.328685057,-7.11565309099996 -37.32879867,-7.11570655599996 -37.328872185,-7.11578007099996 -37.328952382,-7.11592709999996 -37.329186293,-7.11609417899996 -37.3294335689999,-7.11632140599994 -37.329505301,-7.11644599199997 -37.329560549,-7.11654194999994 -37.329607331,-7.11668897899995 -37.329573915,-7.11684937399997 -37.329553866,-7.11709665099994 -37.329734311,-7.11735729399993 -37.3297476769999,-7.11745754099996 -37.3298746569999,-7.11766471799996 -37.329981587,-7.11790531199995 -37.330075151,-7.11822610299993 -37.330162032,-7.11865382399998 -37.3301219329999,-7.11887436799998 -37.330021686,-7.11914837699993 -37.32975436,-7.11962956399998 -37.329560549,-7.11990357299993 -37.329480351,-7.12011075099997 -37.329553866,-7.12032461199993 -37.329587282,-7.12055183899997 -37.3295672319999,-7.12069886799998 -37.329500401,-7.12085257999996 -37.329440252,-7.12089936199993 -37.329226392,-7.12114663899996 -37.329059313,-7.12124020299996 -37.3289390159999,-7.12135381599995 -37.328758571,-7.12151421199997 -37.328644958,-7.12164787499995 -37.328491245,-7.12168797399994 -37.328405673,-7.12169834599996 -37.328270701,-7.12171470699997 -37.328116989,-7.12188178499997 -37.327856346,-7.12205554699995 -37.327522189,-7.12220925999998 -37.327528872,-7.12231618999994 -37.3274820899999,-7.12246990199998 -37.327562288,-7.12261693199997 -37.327896445,-7.12304465299997 -37.327936544,-7.12329861299997 -37.328050157,-7.12362608699993 -37.328264018,-7.12388004699994 -37.328651641,-7.12442138199998 -37.329593965,-7.12540380499996 -37.3307301,-7.12644637599993 -37.3309105449999,-7.12667360299997 -37.331010792,-7.12670701799993 -37.331137772,-7.12690751299994 -37.331291484,-7.12705454199994 -37.3316122759999,-7.12724835399996 -37.331748395,-7.12727794499995 -37.331765988,-7.12728176899998 -37.3319063339999,-7.12734860099994 -37.3320934619999,-7.12746889699997 -37.332227125,-7.12766270899994 -37.3322456569999,-7.12769586999997 -37.332481085,-7.12811716299996 -37.332721678,-7.12833102399998 -37.332888757,-7.12835775599996 -37.333042469,-7.12862508199993 -37.333109301,-7.12869191399994 -37.333194377,-7.12869191399994 -37.3331961819999,-7.12869191399994 -37.3333097949999,-7.12877211099993 -37.3333312139999,-7.12885119399994 -37.3333966759999,-7.12909290299996 -37.3335102899999,-7.12921988199997 -37.3336372699999,-7.12928671399993 -37.3337174669999,-7.12940700999997 -37.333790982,-7.12961418799995 -37.3339112789999,-7.12986146499998 -37.3340248919999,-7.13003522599996 -37.334165238,-7.13004190999993 -37.334205337,-7.13014883999995 -37.334252119,-7.13048968099997 -37.3342454359999,-7.13078373899998 -37.3343189509999,-7.13117136199998 -37.3343389999999,-7.13183299299993 -37.334352366,-7.13200675499996 -37.334439247,-7.13253472399998 -37.334519445,-7.13295576199994 -37.334566227,-7.13329660299996 -37.3346531079999,-7.13347036499994 -37.334860286,-7.13370427499996 -37.335027364,-7.13381788899994 -37.335127612,-7.13401169999997 -37.3353147399999,-7.13427234299996 -37.335809293,-7.13454635199997 -37.335882808,-7.13466664799995 -37.33595572,-7.13475778899993 -37.336123401,-7.13496738999993 -37.33627043,-7.13533496299993 -37.3362570639999,-7.13556887299995 -37.3362458829999,-7.13559123499994 -37.3361835489999,-7.13571590299995 -37.3362035989999,-7.13586961499993 -37.3362169649999,-7.13624387099998 -37.3362035989999,-7.13645773199994 -37.336210305,-7.13650467299993 -37.3362370139999,-7.13669164199996 -37.3362012379999,-7.13673743599998 -37.3360699359999,-7.13690550299998 -37.336123401,-7.13743347199994 -37.336083302,-7.13785450999995 -37.3360465449999,-7.13803829699998 -37.336113376,-7.13827220699994 -37.336130614,-7.13855062499994 -37.336146792,-7.13863977999995 -37.3362269899999,-7.13869658699997 -37.336230331,-7.13879015099997 -37.33627043,-7.13884361599997 -37.3364776079999,-7.13928136199996 -37.336534414,-7.13944844099996 -37.336648028,-7.13954868799993 -37.336838062,-7.13975962599994 -37.336982185,-7.13991960299995 -37.3370596349999,-7.13998770599994 -37.337175997,-7.14009002299997 -37.337292952,-7.14028717599996 -37.337486763,-7.14039410699996 -37.337633792,-7.14040413099997 -37.337834287,-7.14050771999996 -37.3380280979999,-7.14067145699994 -37.338191835,-7.14076836299995 -37.3382586669999,-7.14085190199995 -37.338355572,-7.14093878299997 -37.338412379,-7.14092207499993 -37.338402355,-7.14084187799995 -37.338445795,-7.14082516999997 -37.3387582189999,-7.14079080299996 -37.338779952,-7.14078841199995 -37.338863492,-7.14079175399996 -37.3389503729999,-7.14084521899997 -37.3391207929999,-7.14088197699994 -37.339174258,-7.14094546599995 -37.3392243819999,-7.14093209999993 -37.3392978959999,-7.14094546599995 -37.3393195859999,-7.14096548799995 -37.339341337,-7.14098556499994 -37.339418193,-7.14103903099993 -37.3396120039999,-7.14105239699995 -37.3396621279999,-7.14107244599995 -37.339765717,-7.14107244599995 -37.33977476,-7.14102421299998 -37.339775742,-7.14101898099995 -37.339855939,-7.14099893199995 -37.339906705,-7.14104123699997 -37.339956187,-7.14108247099995 -37.3404173239999,-7.14119274299998 -37.340487497,-7.14122615899993 -37.340517571,-7.14121613399993 -37.340527596,-7.14117937699996 -37.340571036,-7.14116935199996 -37.340667942,-7.14119608499993 -37.3407748719999,-7.14126625799997 -37.3409619999999,-7.14139657899995 -37.341139104,-7.14153024199993 -37.341222643,-7.14155363299994 -37.3413195489999,-7.14151353399996 -37.341379697,-7.14153024199993 -37.3414465289999,-7.14159373199993 -37.341546776,-7.14165722199994 -37.341693805,-7.14182430099993 -37.3417806859999,-7.14182430099993 -37.341857542,-7.14185771599995 -37.3419277149999,-7.14190449799997 -37.3420981359999,-7.14195127999994 -37.3422017239999,-7.14199137899993 -37.3422017239999,-7.14205152799997 -37.3421883579999,-7.14213840799994 -37.342208408,-7.14221192299993 -37.3423153379999,-7.14228209599997 -37.3427464009999,-7.14237231899995 -37.342836624,-7.14234892799993 -37.3429235049999,-7.14242578399995 -37.3430605089999,-7.14245919999996 -37.343180806,-7.14250598199993 -37.343304444,-7.14257281299996 -37.3435416959999,-7.14272652599993 -37.343672017,-7.14289360399994 -37.343959393,-7.14311080699997 -37.344016199,-7.14311080699997 -37.34412313,-7.14313419799993 -37.3442768419999,-7.14312751399996 -37.344367065,-7.14310412299994 -37.3444539459999,-7.14312417299993 -37.344514094,-7.14310746499996 -37.3446109999999,-7.14310746499996 -37.344808152,-7.14307739099996 -37.344901716,-7.14301055899995 -37.3450921859999,-7.14293704499994 -37.345195775,-7.14294038599996 -37.3454397099999,-7.14300721799998 -37.3457137189999,-7.14304397499996 -37.345840699,-7.14303060899994 -37.3459743619999,-7.14296711899993 -37.3461848809999,-7.14289026299997 -37.346291811,-7.14281340599996 -37.3463753509999,-7.14276662399993 -37.346555796,-7.14271984199996 -37.3466760919999,-7.14273989199995 -37.346869904,-7.14285350499995 -37.34701025,-7.14290697099995 -37.347184012,-7.14288692099996 -37.34723417,-7.14285298599998 -37.347291323,-7.14282440999995 -37.347367527,-7.14279583299998 -37.3474532559999,-7.14280059599997 -37.347548511,-7.14278154499993 -37.3476151899999,-7.14280059599997 -37.34771997,-7.14278630799993 -37.3477961739999,-7.14280535899996 -37.3478485639999,-7.14288156299995 -37.347924768,-7.14288632499995 -37.3480819389999,-7.14294347799995 -37.348158143,-7.14296252899993 -37.348186719,-7.14294347799995 -37.348277211,-7.14293871599995 -37.3484439069999,-7.14296252899993 -37.348529637,-7.14296252899993 -37.348648705,-7.14298157999997 -37.34874396,-7.14306254699994 -37.3487868249999,-7.14306254699994 -37.3488439779999,-7.14308159799998 -37.3489535209999,-7.14311017399996 -37.3490249619999,-7.14311493699995 -37.349101166,-7.14310064899996 -37.349205947,-7.14309112299998 -37.349277388,-7.14309588599997 -37.349348829,-7.14312922499994 -37.349439321,-7.14324829399993 -37.349548864,-7.14329592099995 -37.3497203229999,-7.14327686999997 -37.3498203409999,-7.14328163299996 -37.3500537149999,-7.14331020999998 -37.350306141,-7.14338165099997 -37.350429972,-7.14344832899997 -37.35052999,-7.14356739799996 -37.3507633639999,-7.14367217799997 -37.350844331,-7.14372456899997 -37.35101579,-7.14377219599993 -37.351087231,-7.14376266999994 -37.351192011,-7.14379124699997 -37.3512301129999,-7.14385792499996 -37.3512682149999,-7.14387221399994 -37.3513301309999,-7.14394365499993 -37.3514015719999,-7.14400557099998 -37.3514539619999,-7.14402938399996 -37.3515587429999,-7.14411511399993 -37.351649235,-7.14426752199995 -37.351830219,-7.14450565899995 -37.351996915,-7.14451994699994 -37.352244578,-7.14444374299995 -37.352401749,-7.14450565899995 -37.3526160719999,-7.14444850599995 -37.352806582,-7.14437230199997 -37.352882786,-7.14431514899997 -37.352948216,-7.14421233099995 -37.3529494639999,-7.14421036899995 -37.3530161429999,-7.14417702899993 -37.353087584,-7.14411987599993 -37.3531399739999,-7.14411987599993 -37.3531971269999,-7.14409606299995 -37.353216178,-7.14405796099993 -37.353325296,-7.14405221799996 -37.353397163,-7.14404843499995 -37.353430502,-7.14406748599993 -37.3535257569999,-7.14405796099993 -37.353601961,-7.14401509599998 -37.353863912,-7.14393889199994 -37.353906776,-7.14386745099995 -37.354025845,-7.14380553499996 -37.354135388,-7.14377695899998 -37.354263982,-7.14376743299994 -37.354530696,-7.14372456899997 -37.354587849,-7.14366265299998 -37.3546831039999,-7.14357216099995 -37.3548069349999,-7.14336736299992 -37.354945055,-7.14312922499994 -37.354982806,-7.14301974699993 -37.3550260219999,-7.14287679999995 -37.355078412,-7.14275773099996 -37.355135565,-7.14260532299994 -37.3551641409999,-7.14193853899997 -37.355235582,-7.14190043699995 -37.355407041,-7.14187186099997 -37.355483245,-7.14182423299997 -37.355511822,-7.14174326599993 -37.3556308899999,-7.14169087599993 -37.3557880609999,-7.14170516399997 -37.3558404509999,-7.14177660599995 -37.355935706,-7.14180518199993 -37.3562071819999,-7.14180518199993 -37.356407218,-7.14189091199995 -37.356635829,-7.14200045499996 -37.356797763,-7.14209570999998 -37.356926357,-7.14214333699994 -37.357083528,-7.14226716799993 -37.3571311549999,-7.14233384699997 -37.357269275,-7.14235766099995 -37.357321665,-7.14240528799996 -37.357326203,-7.14240797699995 -37.357450259,-7.14248149199994 -37.357512175,-7.14248149199994 -37.3575931409999,-7.14251483099997 -37.357736024,-7.14261484899993 -37.35785033,-7.14273867999998 -37.3578789059999,-7.14286727399997 -37.357978924,-7.14293395299995 -37.358040839,-7.14308636099997 -37.3581694329999,-7.14325781899993 -37.3584028079999,-7.14333878599996 -37.3585123509999,-7.14339117599997 -37.358621894,-7.14344832899997 -37.3587552509999,-7.14349595699997 -37.358945761,-7.14351500799995 -37.3590838809999,-7.14349595699997 -37.359236288,-7.14342451599993 -37.3595172899999,-7.14346261799994 -37.359636359,-7.14351500799995 -37.359836394,-7.14353882099994 -37.359931649,-7.14358168599995 -37.360045955,-7.14366265299998 -37.360274567,-7.14368170399996 -37.360526992,-7.14371980599998 -37.360746079,-7.14366741599997 -37.360855622,-7.14362455099996 -37.3609604019999,-7.14360073699993 -37.361027081,-7.14360073699993 -37.361108047,-7.14364836499993 -37.3612366419999,-7.14365788999993 -37.36126888,-7.14364445799993 -37.3613509469999,-7.14361026299997 -37.361727204,-7.14362455099996 -37.36203202,-7.14372456899997 -37.362303497,-7.14379124699997 -37.3624035139999,-7.14385316299996 -37.362498769,-7.14396746899996 -37.362584499,-7.14399604499994 -37.362646414,-7.14406748599993 -37.362652098,-7.14407825499995 -37.362736906,-7.14423894499993 -37.362794059,-7.14440564099993 -37.363122689,-7.14492954299993 -37.36319413,-7.14511528999998 -37.3632798589999,-7.14538676699993 -37.363413216,-7.14553441199996 -37.363594201,-7.14563442899993 -37.363718032,-7.14578683699995 -37.3638942539999,-7.14595829599995 -37.3639609319999,-7.14596782199993 -37.364122865,-7.14604878799997 -37.364280036,-7.14616785699997 -37.3644276809999,-7.14631550199994 -37.3644895969999,-7.14641551999995 -37.364627716,-7.14653458799995 -37.364794412,-7.14675367499996 -37.3649515829999,-7.14692989599996 -37.3651087539999,-7.14700609999994 -37.365218297,-7.14708706699997 -37.3653468909999,-7.14720613499998 -37.365442146,-7.14729186499994 -37.365556452,-7.14735854299994 -37.365608842,-7.14741569599994 -37.3656898089999,-7.14759191799993 -37.365775538,-7.14762049399997 -37.3658755559999,-7.14772051199998 -37.365913658,-7.14785863199995 -37.365970811,-7.14797293699996 -37.366070828,-7.14816344699994 -37.3661708459999,-7.14822059999995 -37.366313728,-7.14828251599994 -37.366428034,-7.14829680399993 -37.366551865,-7.14828727899993 -37.366832867,-7.14832538099995 -37.366894783,-7.14834919399993 -37.3669614619999,-7.14834443199993 -37.367109107,-7.14833490599995 -37.36716626,-7.14828251599994 -37.3672662769999,-7.14826346499996 -37.367399634,-7.14827775299995 -37.367532991,-7.14830156699998 -37.367813993,-7.14828251599994 -37.367928299,-7.14827298999995 -37.367985452,-7.14818249799993 -37.36808547,-7.14820154899996 -37.368214064,-7.14823012599993 -37.36832837,-7.14829680399993 -37.368447438,-7.14835395699993 -37.3685903209999,-7.14839205899995 -37.368737966,-7.14840158499993 -37.368818932,-7.14837777099996 -37.368847509,-7.14832061799996 -37.3688569299999,-7.14831873399993 -37.368966577,-7.14829680399993 -37.369076121,-7.14829204099993 -37.369252342,-7.14830632999997 -37.3693952249999,-7.14831109199997 -37.369500005,-7.14823965099993 -37.369628599,-7.14821107499995 -37.3696886,-7.14821405099997 -37.3698286339999,-7.14825393899997 -37.3699429399999,-7.14837300799996 -37.3699905679999,-7.14846826299993 -37.370019144,-7.14864924699998 -37.3701667889999,-7.14891596099994 -37.370176315,-7.14902074099996 -37.370090585,-7.14942081199996 -37.370088161,-7.14942462199997 -37.370023907,-7.14952559199997 -37.369904838,-7.14962084699994 -37.369852448,-7.14968276299993 -37.3698286339999,-7.14974944199997 -37.3698095829999,-7.14984469599995 -37.369823872,-7.14993518899996 -37.3698762619999,-7.15000186699996 -37.3699429399999,-7.15009235899993 -37.3700572459999,-7.15019237699994 -37.370128697,-7.15022668699993 -37.3702287049999,-7.15025429299993 -37.370300146,-7.15026858099998 -37.370419215,-7.15025905499994 -37.3705097069999,-7.15024000399995 -37.3706240129999,-7.15024000399995 -37.3707335559999,-7.15024952999994 -37.370792245,-7.15026369599997 -37.370871676,-7.15028286899997 -37.371014558,-7.15033525899997 -37.371108611,-7.15038994099996 -37.371219356,-7.15045432799997 -37.371505121,-7.15058768499995 -37.3716670539999,-7.15057815899996 -37.371809226,-7.15047441199994 -37.3718432759999,-7.15044956499997 -37.371929005,-7.15034954699996 -37.3720814129999,-7.15028286899997 -37.3722433459999,-7.15028286899997 -37.3723195499999,-7.15024952999994 -37.372400517,-7.15025429299993 -37.3725338739999,-7.15031144499994 -37.372676756,-7.15038288699998 -37.372862503,-7.15040669999996 -37.3730101479999,-7.15038288699998 -37.3731768439999,-7.15033049599998 -37.3733625909999,-7.15034002199997 -37.373514999,-7.15034954699996 -37.373738848,-7.15035430999995 -37.374029376,-7.15036859799994 -37.3742151229999,-7.15039241199997 -37.3743437169999,-7.15043051399994 -37.374410395,-7.15048766699994 -37.374596143,-7.15044956499997 -37.3748580939999,-7.15053053199995 -37.3749247719999,-7.15059244699995 -37.37498056,-7.15061829999996 -37.375120045,-7.15068293999997 -37.375401047,-7.15069246499996 -37.376084885,-7.15090624399994 -37.3761915539999,-7.15099767399994 -37.376305843,-7.15118053599997 -37.376572516,-7.15163006999995 -37.3767401389999,-7.15178245499993 -37.3769306189999,-7.15200341199994 -37.377083004,-7.15227770399997 -37.3771972919999,-7.15262056999995 -37.3773344379999,-7.15284914599994 -37.377486823,-7.15297105399998 -37.3777763539999,-7.15314629599993 -37.377890642,-7.15328344199997 -37.378035407,-7.15355011499997 -37.3785611339999,-7.15383964599994 -37.378759234,-7.15399964999995 -37.3789573339999,-7.15409107999994 -37.3791706719999,-7.15411393799997 -37.3793306759999,-7.15396917299995 -37.37948306,-7.15390059999993 -37.379711637,-7.15394631499993 -37.379947833,-7.15405298399997 -37.3805268949999,-7.15409869999996 -37.3819364509999,-7.15417489199996 -37.382279317,-7.15415203399994 -37.3826602779999,-7.15408346099997 -37.3828964739999,-7.15402250699998 -37.383201243,-7.15399964999995 -37.3834450579999,-7.15406060399994 -37.38392507,-7.15412917699996 -37.3842146,-7.15411393799997 -37.384504131,-7.15406060399994 -37.3847327079999,-7.15390821899996 -37.3850146189999,-7.15383202699996 -37.3853117689999,-7.15361868799994 -37.385525107,-7.15350439999997 -37.385723207,-7.15332153899993 -37.3859060689999,-7.15323772699998 -37.3862717919999,-7.15286438499993 -37.386275617,-7.15283760799997 -37.386294649,-7.15270438099998 -37.386340365,-7.15261294999993 -37.3865994179999,-7.15242246999998 -37.386759422,-7.15226246599997 -37.3868813299999,-7.15204912799993 -37.3869422829999,-7.15190436199993 -37.38707181,-7.15188150499995 -37.38717086,-7.15161483199995 -37.387315626,-7.15145482799994 -37.3873689599999,-7.15127958599993 -37.3877270639999,-7.15075385899996 -37.387768036,-7.15070093599996 -37.387909925,-7.15051766299996 -37.3881147509999,-7.15001824099994 -37.388157979,-7.14969102499998 -37.3881433839999,-7.14963324199994 -37.3880530879999,-7.14927575699994 -37.3881288589999,-7.14861846399998 -37.388364313,-7.14820178099995 -37.3887089949999,-7.14802433499995 -37.389051953,-7.14471553099997 -37.3905637729999,-7.12956087499998 -37.360238673,-7.12700893799996 -37.361192476,-7.11550395499995 -37.352233633,-7.11523504499996 -37.350989394,-7.11153303199995 -37.35027072,-7.10911985799993 -37.3471274299999,-7.10396210699997 -37.346314385,-7.10296080499995 -37.3447245909999,-7.09797587299994 -37.3447094799999,-7.09773446399993 -37.346902391,-7.09733474399997 -37.347330691,-7.09697455799994 -37.348542999,-7.09643427899994 -37.348288923,-7.09574272199995 -37.348374802,-7.09532073799994 -37.348739001,-7.09353116999995 -37.3481683599999,-7.09208525599996 -37.3479622529999,-7.09155733399996 -37.3476355829999,-7.09162937199994 -37.3468987109999,-7.09122760099996 -37.347432322,-7.08490097599997 -37.347911438,-7.08164480099992 -37.348085662,-7.07730800099995 -37.348143453,-7.07442403799996 -37.348187292,-7.07223634299993 -37.348241145,-7.07138367499994 -37.3485067029999,-7.06717903699996 -37.349879679,-7.05882373999998 -37.349263293,-7.05879737299995 -37.349882335,-7.05558586599994 -37.3507134459999,-7.05338446699994 -37.3550186799999,-7.04207161599993 -37.3717354079999,-6.99783437199994 -37.373202947,-6.99779760499996 -37.3749451859999,-6.99759585799995 -37.376484164,-6.99759585799995 -37.3780812169999,-6.99794170999996 -37.379504046,-6.99817227799997 -37.380752651,-6.99791288899996 -37.382378741,-6.99880633999993 -37.382495524,-6.99889174899994 -37.383482159,-6.99961332599997 -37.3843242419999,-7.00010328099995 -37.385282473,-6.99967096799998 -37.387431235,-6.99981507199993 -37.3898413329999,-6.99993035599994 -37.391031863,-7.00016092299995 -37.391662583,-7.00014444799996 -37.392135282,-7.00013210199995 -37.3935871479999,-6.99995917599995 -37.395648798,-6.99995917599995 -37.3973329629999,-7.00042030999998 -37.399394613,-7.00067969799994 -37.4003528439999,-7.00088144399996 -37.402182196,-7.00194781299996 -37.402908129,-7.00336002899996 -37.403140427,-7.00471459899995 -37.403808286,-7.00531983099995 -37.4048536299999,-7.00575213899998 -37.406015123,-7.00586742099995 -37.407408914,-7.00609798499994 -37.4084832949999,-7.00592506199996 -37.41016746,-7.00629972799993 -37.4115031769999,-7.00601152299993 -37.413448677,-7.00549275399993 -37.41516188,-7.00465695699995 -37.416846044,-7.00419582799998 -37.4183387049999,-7.00403121399995 -37.419198068,-7.00393644199994 -37.4201272619999,-7.00304300099998 -37.420460218,-7.00163849399996 -37.4204757099999,-7.00157314299997 -37.4214920159999,-6.99995917599995 -37.4223195339999,-6.99993636099993 -37.4246280469999,-6.99987271399993 -37.4261089509999,-6.99886398199993 -37.427212369,-6.99848930899998 -37.42860616,-6.99805699399997 -37.4309001089999,-6.99782642599996 -37.4324100499999,-6.99768232099996 -37.433194058,-6.99773996299996 -37.4350234089999,-6.99785524699996 -37.4371721709999,-6.99802817299997 -37.437752917,-6.99837402499998 -37.439843605,-6.99877751899993 -37.4408018359999,-6.99863341399993 -37.442079479,-6.99742293199995 -37.442122055,-6.99740336699995 -37.4436474939999,-6.99670240499995 -37.444954174,-6.99644301499995 -37.446086629,-6.99635655199995 -37.447131973,-6.99632773099995 -37.4481773169999,-6.99635655199995 -37.449774369,-6.99629890999995 -37.4510520119999,-6.99632773099995 -37.451385264,-6.99635135699998 -37.451865057,-6.99638537299995 -37.452503878,-6.99719236299995 -37.454391304,-6.99650065699996 -37.4555818339999,-6.99563602299997 -37.4568304389999,-6.99534781199998 -37.458282305,-6.99537663299998 -37.459385724,-6.99523252699993 -37.4599374329999,-6.99520370599993 -37.461127963,-6.99468492399996 -37.462231381,-6.99482903099994 -37.463596136,-6.99497313599994 -37.4644672549999,-6.99485785199994 -37.465861047,-6.99413732099993 -37.467225801,-6.99364735999995 -37.469026115,-6.99376264499995 -37.470419907,-6.99350325299997 -37.4719298479999,-6.99330150399993 -37.472800967,-6.99266743499993 -37.4738172739999,-6.99232157899996 -37.4759660359999,-6.99255214999994 -37.4759828379999,-6.99254579599994 -37.477185603,-6.99209100799993 -37.478811693,-6.99237922199995 -37.479769925,-6.99266743499993 -37.481163716,-6.99379146599995 -37.482760769,-6.99364735999995 -37.484154561,-6.99439671199997 -37.486303323,-6.99511724199994 -37.4880745999999,-6.99609716199996 -37.490394575,-6.99737869199993 -37.492197899,-6.99837402499998 -37.4941143629999,-6.99889280199994 -37.4957818789999,-6.99909755599998 -37.496930983,-6.99923865399995 -37.499050708,-6.99903690699995 -37.501896366,-6.99912336999995 -37.5030668599999,-6.99892534099996 -37.50445165,-6.99869105599993 -37.5059906279999,-6.99733646799996 -37.508865323,-6.99667358399995 -37.5108979359999,-6.99900808599995 -37.5128724739999,-6.99935393699997 -37.514934124,-6.99952686299997 -37.516589251,-7.00001681799995 -37.518476678,-7.00050677299993 -37.520059475,-7.00163679699995 -37.5187722159999,-6.99955235399995 -37.517605558,-6.99678886799995 -37.515572945,-6.99650065699996 -37.5146437509999,-6.99583777199996 -37.513727495,-6.99466629399996 -37.512930549,-6.99364735999995 -37.5124874099999,-6.99254223199995 -37.512988623,-6.99145693799994 -37.5142402879999,-6.99103747599997 -37.5161161249999,-6.98960939099993 -37.517103199,-6.98892142199998 -37.5185347519999,-6.98834421499993 -37.520335066,-6.98808481999993 -37.522599977,-6.98762367399996 -37.5245164409999,-6.98799835499995 -37.523107414,-6.98508038299997 -37.522255631,-6.98182202099997 -37.5219916259999,-6.98018594999996 -37.521786086,-6.97839858799995 -37.521776971,-6.97673219599994 -37.521586471,-6.97548889199993 -37.5219981339999,-6.97263840799997 -37.5200520229999,-6.97218039399996 -37.517431334,-6.97047447899996 -37.5116238689999,-6.96960979799996 -37.510346227,-6.96666986699995 -37.5097654799999,-6.96430637999993 -37.5087550339999,-6.96186791499997 -37.507239233,-6.95940643099993 -37.504538762,-6.95871466899996 -37.5018673279999,-6.95871466899996 -37.4995318799999,-6.95868113899996 -37.499050708,-6.95871466899996 -37.496794521,-6.95845486999997 -37.494201475,-6.95822466999994 -37.491364932,-6.95890195599998 -37.49033287,-6.96002490499995 -37.4895181319999,-6.96126844299994 -37.488743239,-6.96275199899998 -37.487894516,-6.96450852999993 -37.4870140859999,-6.96717549599992 -37.485140918,-6.97075766499995 -37.481796287,-6.97087502399995 -37.480059777,-6.96833836299993 -37.4776238969999,-6.96631675299994 -37.474447631,-6.96568264799993 -37.471628927,-6.96508847999996 -37.4675321899999,-6.96586502099996 -37.464373372,-6.96608280899994 -37.46145408,-6.96524597299998 -37.459210067,-6.96416724099993 -37.4563336799999,-6.96299996899995 -37.453702091,-6.96104296199996 -37.452983189,-6.95870717199995 -37.453518361,-6.95667634499995 -37.4556712899999,-6.95469901799993 -37.458280482,-6.95312754599996 -37.4606102389999,-6.95092788599993 -37.464050706,-6.94951719199997 -37.465549557,-6.94931974399998 -37.4677713899999,-6.94902705499993 -37.470283444,-6.94733535299997 -37.469095388,-6.94380225399993 -37.467543646,-6.94053766899998 -37.4669875129999,-6.93753685699994 -37.4676065419999,-6.93477639799994 -37.468606311,-6.93256191699993 -37.470880337,-6.93172353399996 -37.473395777,-6.93095107299996 -37.4754359419999,-6.92957004999994 -37.4773307899999,-6.92793024199995 -37.4777373119999,-6.92573951299994 -37.4798569069999,-6.92314521599997 -37.482641886,-6.92031047399996 -37.482188935,-6.91575787499994 -37.4799501439999,-6.91599748999994 -37.4452390719999,-6.91857563899993 -37.4424511829999,-6.91884697099994 -37.440647256,-6.91944390099997 -37.439007321,-6.92004083099994 -37.4345794979999,-6.92242853999994 -37.41167508,-6.93469249499998 -37.410527126,-6.93545219799995 -37.4093245079999,-6.93648322199994 -37.408285882,-6.93789409399994 -37.407332125,-6.93950744799997 -37.4070134149999,-6.94000589099994 -37.4068099409999,-6.94011089699995 -37.406576607,-6.94007352599994 -37.406485581,-6.93988491999994 -37.406490403,-6.93965730199994 -37.406546232,-6.93930668299993 -37.4069331659999,-6.93187014899996 -37.3841760239999,-6.93497314099994 -37.379879956,-6.93286845299997 -37.37693863,-6.93286845299997 -37.373005049,-6.93142612999998 -37.369213219,-6.93040594799993 -37.36892603,-6.93024671999996 -37.367205224,-6.92929264399993 -37.3648898239999,-6.92910433299994 -37.362763564,-6.92878772299997 -37.3601766149999,-6.92896361699997 -37.3547900899999,-6.92896361699997 -37.3509273839999,-6.92843593399994 -37.348562838,-6.92799923099994 -37.3478797449999,-6.92787307199995 -37.345576297,-6.92741574599995 -37.345446006,-6.92739957799995 -37.34189078,-6.92695841899996 -37.338276138,-6.92699359799997 -37.336185316,-6.92446070399996 -37.3342362449999,-6.92315907199998 -37.33203911,-6.92263138299995 -37.3290623459999,-6.92270174099997 -37.326298208,-6.92227958999996 -37.323174568,-6.92167949699996 -37.3001933909999,-6.91639096399996 -37.29610754,-6.91544980999993 -37.2942979969999,-6.91520848899995 -37.291888236,-6.91513812899996 -37.2892658489999,-6.91520848899995 -37.2857929579999,-6.91478632999997</coordinates></LinearRing></outerBoundaryIs></Polygon></MultiGeometry>
  </Placemark>
</Folder>
</Document></kml>
